"MetaboAnalyst_ID","X2024_NEG_Y.EV_1_CTRL_Run89.mzML","X2024_NEG_Y.EV_2_CTRL_Run118.mzML","X2024_NEG_Y.EV_3_CTRL_Run139.mzML","X2024_NEG_Y.p10_1_Run104.mzML","X2024_NEG_Y.p10_2_Run130.mzML","X2024_NEG_Y.p10_3_Run145.mzML","shared_name"
"134/156.0666mz/2.06min",2.5066442400559,2.57154213100922,2.61250633569927,1.93764660654457,1.60445429446428,1.66380210098596,"134"
"135/378.1338mz/2.1min",2.47268922443073,2.43486046078192,2.50397791302295,2.15813236706786,1.60549122053724,1.83523243309608,"135"
"136/328.9796mz/2.11min",2.3284637932288,2.30785920676284,2.25393348410903,2.36125388865924,2.29224969396892,2.32167687157344,"136"
"138/117.0558mz/2.12min",2.65599344883399,2.68780372206246,2.93699226998463,2.58434529554779,2.75932190399177,2.5171022309879,"138"
"139/288.0725mz/2.16min",1.84494266974838,1.74595271706556,2.2604089716907,1.9519955594725,2.10347514734989,1.89137881556607,"139"
"141/382.1002mz/2.22min",1.81900179081758,1.84539436603339,1.8359368814922,2.01648277311181,2.05548861543042,1.71059767680439,"141"
"142/322.0603mz/2.29min",2.06408031068042,1.78198551435324,2.44927603945129,2.29984358715146,1.01627377437368,1.89528023440219,"142"
"144/290.0882mz/2.33min",2.60767101291776,2.61661498513672,3.00798155575154,2.696580362651,2.79849299557397,2.66752719826229,"144"
"149/129.0557mz/2.44min",2.13308993073818,2.23608312401179,3.08634972851458,2.43003206073846,2.34231187616563,2.55282246261752,"149"
"152/237.0881mz/2.52min",2.20147300589652,2.17885732708724,2.18886812146831,1.97005656754149,0.703387061007432,2.05739594632317,"152"
"154/175.0612mz/2.52min",2.75145705089942,2.7955764385882,3.08302544046985,2.59381012087943,2.67364470319545,2.71704030108875,"154"
"157/407.1206mz/2.6min",2.22524080770816,2.23608605854142,2.26193136240403,2.09874426654921,1.55711822104422,2.11186958491053,"157"
"158/373.0055mz/2.7min",2.50584868526185,2.46283851423732,2.45924564699533,2.45836746639054,2.48496550297246,2.48110158753692,"158"
"159/178.0509mz/2.71min",2.34465667790052,2.30805948760757,2.29112642257278,2.07366584084585,0.173685145064158,2.06530891750899,"159"
"160/298.0933mz/2.71min",2.55147305733239,2.52220562298318,2.49783136958486,2.28957045894368,0.803356609921068,2.27018916516039,"160"
"161/370.9898mz/2.78min",2.00540047554679,1.72352108067055,1.69699244380437,1.74775095534096,2.09585432957941,1.83509339822776,"161"
"163/304.1038mz/2.76min",2.83045353702691,2.82402715362368,3.21059316040603,2.89589333543401,2.98967507162394,2.84360278223248,"163"
"168/157.0506mz/2.8min",2.66204495993981,2.68685191079099,2.98706218542013,2.37896157715314,2.28768548466023,2.6004957864234,"168"
"169/265.0176mz/2.83min",2.43622560885231,2.42061249957055,2.39372011477165,2.41363605279511,2.44301832914209,2.42513807744594,"169"
"170/136.0404mz/2.83min",2.96324388643171,2.97547028693675,3.15788742630563,2.78087334283224,2.18986308662508,2.76826545045008,"170"
"175/131.0714mz/2.92min",2.90967672648162,2.92065170869299,3.13648465738698,2.87121865455961,2.93211445813878,2.75042471233012,"175"
"177/389.1564mz/2.95min",1.99049382774153,1.99489902059614,2.40887679080399,2.06898241141763,2.16813890938759,2.01818300508825,"177"
"179/338.0883mz/2.98min",2.32351577687971,2.32426088961063,2.72161210851591,2.41809477175875,2.51486615868442,2.35968547687783,"179"
"183/310.0569mz/3.0min",2.4827559166293,2.47097079213525,2.83920855712469,2.50668468735015,1.93161458764191,2.44180154016113,"183"
"184/229.1557mz/3.07min",1.74424573746895,1.72194054641478,2.1010802763963,1.80330001214881,1.88212231101759,1.76605031669041,"184"
"186/165.0557mz/3.13min",2.43459145253754,2.42932588083984,2.6624195398121,2.43734658753292,2.58109753004819,2.35662140931454,"186"
"187/189.0768mz/3.13min",1.94500789588454,1.94748648649361,2.22223581243082,1.55796860988997,1.23264658867728,1.80489210560635,"187"
"191/164.0353mz/3.14min",2.4069442587904,2.4321225166523,2.72582204086787,2.27924633642826,2.05205584266194,2.32354070134392,"191"
"192/265.0176mz/3.17min",2.7265526577498,2.66769868905284,2.6235611996225,2.6809175666294,2.66546506566558,2.70793153013422,"192"
"193/224.0928mz/3.24min",1.86776963118311,1.80526927593928,2.25817706313606,1.95246394823709,2.05042217248924,1.90875287823149,"193"
"194/286.0933mz/3.24min",2.048839153658,2.03562763012458,2.43131405547849,2.13212633708042,2.22312982713873,2.08342966627955,"194"
"195/403.172mz/3.27min",2.65189337562152,2.64032505786031,3.01559870689438,2.71466482950372,2.84424858763394,2.65233711598575,"195"
"199/421.0056mz/3.4min",2.70639038401121,2.64075718624707,2.63226405023095,2.689070493418,2.67147031494018,2.68276177072961,"199"
"202/320.0777mz/3.4min",1.93345510743568,1.91099219545127,2.30771229321608,2.01539882228053,2.11274436973991,1.97925287407153,"202"
"204/249.0227mz/3.48min",3.0252867609586,3.01735308937504,3.00241131349571,2.98266091089922,3.0197741947121,2.96507566347126,"204"
"205/279.9958mz/3.52min",3.50159149287516,3.45393713809643,3.44655048569901,3.49163860938067,3.47540296411503,3.50571258609575,"205"
"207/582.981mz/3.52min",2.05875965847543,2.03276267349022,1.99262861178793,2.01398550066093,2.03954442838533,2.04978586269605,"207"
"208/560.9991mz/3.52min",2.77295629770844,2.75319408362908,2.72156469644209,2.77449206812451,2.78430155525317,2.7495346191201,"208"
"210/417.1877mz/3.55min",2.03148676390668,1.97616160259024,2.40516577775637,2.0933879843779,2.23500390147876,2.03781032133313,"210"
"211/405.0107mz/3.6min",3.49719797972362,3.47146303585505,3.40397075149419,3.45035878933339,3.46956606342023,3.47424787948661,"211"
"212/407.0044mz/3.6min",2.326175004071,2.30323846712302,2.25315813708865,2.26327383701918,2.30378485735675,2.28777176842548,"212"
"214/406.0138mz/3.6min",2.8039594876528,2.72913021399626,2.6873515115603,2.71083919777259,2.73303346134,2.73831265509047,"214"
"216/421.0056mz/3.84min",1.8908588097294,1.82723893977051,1.90796129327846,1.81670182322794,1.90390323998231,1.98675683806638,"216"
"217/309.1014mz/3.99min",1.82243710861009,1.82014165170907,1.81555743577443,1.80602708877636,1.82191747678276,1.81327437586099,"217"
"222/497.0371mz/4.41min",2.16639964745064,2.12158371262266,2.10569435316102,2.11716252906532,2.13672835152456,2.13182612044766,"222"
"223/242.1762mz/4.42min",1.90308436992923,1.838972050688,1.88302069244235,1.87631733083348,1.86747747431565,1.87792384552204,"223"
"226/793.0186mz/4.43min",2.15587385882732,2.16750395902323,2.22787967780375,2.16974033216173,2.17805909555215,2.2150654537543,"226"
"228/422.9768mz/4.52min",2.10481836874249,2.06709999305251,2.05129664553558,2.06620188221936,2.05729280382318,2.06887721807352,"228"
"230/653.0255mz/4.54min",2.08701963593542,2.08722329575615,2.13159109903688,2.08012733317146,2.09385410389257,2.11139763453653,"230"
"231/341.0486mz/4.56min",2.07195268678188,2.0509895616571,2.02632005146292,2.05452529664064,2.08300119879737,2.05412195250319,"231"
"233/404.0444mz/4.56min",1.86351063720575,1.84493688496444,1.78600338768788,1.85554676876195,1.89292184248906,1.85601277577907,"233"
"234/497.0371mz/4.67min",2.40315601149145,2.37512006627421,2.37330245881742,2.37650176170568,2.37116622707224,2.39699458976732,"234"
"236/637.0305mz/4.74min",2.93030972266755,2.94881149683921,2.97186918412565,2.95906140990913,2.92197469568609,2.93571369106995,"236"
"239/229.9645mz/4.74min",2.9940299175291,2.98718337167163,2.98468415044128,2.99219496682817,2.99150311392602,2.99500721841811,"239"
"240/230.9678mz/4.74min",1.87566460373688,1.86913801489854,1.89206253551926,1.89017348405501,1.88848782998313,1.90624202722301,"240"
"241/228.9699mz/4.74min",1.90935446169805,1.89515400131218,1.88875618089599,1.8908492069451,1.90607587633413,1.9110134291733,"241"
"243/268.9857mz/4.76min",1.83192446267074,1.85815096861507,1.87031804352529,1.883816401187,1.88486007838175,1.8859127181944,"243"
"244/266.9888mz/4.76min",2.34621744187437,2.36024539158505,2.36540914340083,2.37768228790643,2.36027409205829,2.37848375460065,"244"
"245/909.0177mz/4.92min",1.46681212440329,2.00222161397653,1.65641129120923,1.84645947480128,1.78792876461136,1.71090114763396,"245"
"246/426.9678mz/4.92min",3.15373958223161,3.30076566582434,3.17394636010328,3.09920251258273,3.15371263181591,3.11725375929393,"246"
"247/481.0421mz/4.92min",2.89219032249669,2.83728147168955,2.91967701476332,2.86484452173396,2.86481956198552,2.85333544905643,"247"
"248/544.0379mz/4.92min",2.50366722039589,2.45656930866774,2.51480657468035,2.45531244701823,2.45119952313581,2.45198245613953,"248"
"258/214.88mz/5.49min",2.23328607144411,1.37616989238631,-0.0932564961558655,2.14240796941235,2.1384406559688,-0.77209351559955,"258"
"259/241.8989mz/5.49min",2.46550894261132,2.04771752523645,0.592395206635144,2.34691276714516,2.17284173198543,0.449450692863327,"259"
"264/450.2625mz/5.74min",2.44475362765638,2.35030151917046,2.2510400620313,2.19592984258586,2.38952471697842,2.19543359815165,"264"
"265/538.3152mz/5.79min",2.65756435116448,2.57155781770876,2.38831280263755,2.29685216124905,2.33629780643962,2.30544655931227,"265"
"267/569.2734mz/5.81min",2.02484111224007,1.81730230876735,1.63785439941961,1.63676237448486,1.9943968137524,1.66847086835901,"267"
"270/450.2625mz/5.85min",2.46468045682479,2.36065612126858,2.23599003691452,2.29762737841245,2.72010669192165,2.35878729278712,"270"
"272/538.3152mz/5.89min",2.57321352848742,2.47877172621818,2.28498275424434,2.26772987602484,2.4756214561268,2.31305280220039,"272"
"278/265.1479mz/5.91min",1.73386530960467,1.48939728738993,0.786239820392736,1.72072520881879,2.00803888955282,1.77302363372666,"278"
"284/656.1114mz/6.14min",1.94910614413002,1.71861944643014,1.96927912416834,1.86676197781264,1.76834195969965,1.87259483356225,"284"
"288/452.2782mz/6.24min",2.42406935795973,2.35119964478506,2.24067072664544,2.28446822914809,2.47184053220389,2.23668618917341,"288"
"290/496.2681mz/6.26min",2.33814068855846,2.26831045937635,2.06525752151953,2.05691248105136,2.42546467306346,1.99588148460123,"290"
"291/311.1687mz/6.32min",1.46309158941319,2.12559314090841,2.26140445885413,2.17628968867759,2.19876594627569,2.16773433385033,"291"
"292/720.1238mz/6.28min",1.97605507006282,1.94987928034606,1.93973891547967,1.81541333428198,1.8156137581654,1.84072268237729,"292"
"293/571.2891mz/6.29min",1.20763527089565,2.73007503639068,2.56476914172733,2.56776811876751,2.64519964656939,2.53740130313374,"293"
"294/540.3309mz/6.3min",2.58546800556484,2.47533015169744,2.34435074419673,2.38737797047515,2.52079072835783,2.26961103915579,"294"
"295/265.1809mz/6.3min",2.1106094138635,2.09622355632225,2.18447772159359,1.81857300267572,1.24902439486629,1.91411697648678,"295"
"296/478.2939mz/6.3min",2.65479647980282,2.50595012604854,2.43135775935136,2.33674471648746,2.3067888945263,2.32286238705219,"296"
"299/522.2838mz/6.32min",2.18212364037215,2.07375370408963,1.87745001639328,1.84506050196588,1.96834010508996,1.75188562688316,"299"
"302/583.3367mz/6.36min",2.1377358619885,2.00971252231463,1.78592895807181,1.76620253529557,1.86539644241177,1.69268883578214,"302"
"303/566.3466mz/6.36min",2.91658486474558,2.79857790763044,2.58620397613514,2.54707421971534,2.65647145988234,2.43579824239613,"303"
"305/597.3048mz/6.37min",0.811343038970284,2.34713140385884,2.13136582234381,1.97020270069962,1.7874356935729,1.96299245927063,"305"
"306/784.1362mz/6.4min",1.93308394984312,1.886746892444,1.85383882832106,1.75825155661088,1.76487304168365,1.79072792865503,"306"
"307/478.2939mz/6.4min",2.2282401848359,2.12035764442682,1.91889237619482,1.9740798500353,2.13691376269739,1.98670197660011,"307"
"308/311.1687mz/6.42min",2.22445785536546,2.1099620781309,2.01167674590723,2.06971493482341,2.06894302519308,2.09428558300459,"308"
"311/566.3465mz/6.47min",2.43793798921326,2.34463120700206,2.0527917435143,2.12972451435867,2.33574547927662,2.04680951945135,"311"
"314/590.1196mz/6.5min",2.09545297119881,2.07304694881284,2.02736968455738,1.93308014531891,1.93891304261968,1.97311168563197,"314"
"315/573.1293mz/6.5min",1.74644618121275,1.83707251478571,2.05132864427465,1.81371640478726,1.92688985537862,1.76372755949226,"315"
"318/696.1426mz/6.52min",2.0923579274345,2.10354526274608,2.05977897492236,1.67457089714484,1.82226319187973,1.88137479637939,"318"
"322/654.1321mz/6.61min",2.12379275955473,2.12349063681964,2.02852563628953,1.94168055572972,1.92173508926136,2.01681297176477,"322"
"323/637.1419mz/6.62min",1.79138174106493,1.90295740886852,2.15621921172451,1.89848363919134,2.00501254614172,1.83004840596016,"323"
"327/573.1294mz/6.67min",1.85786363667635,1.75883713003689,1.95052403810299,2.01142443891835,1.86020543943316,1.74638478742626,"327"
"331/701.1544mz/6.71min",1.56179074944319,1.72922110380669,2.05017416720421,1.75984163277163,1.89204774100142,1.64386094269693,"331"
"332/718.1445mz/6.71min",2.05145632169937,1.99959634917999,1.84261310488085,1.81515190394942,1.7947661817995,1.89163413558117,"332"
"337/299.2592mz/6.81min",2.15500283411474,2.13000842319302,2.06061161000595,2.26346253879365,1.91738046296837,2.20597519043757,"337"
"339/654.1321mz/6.8min",2.57643000155022,2.53009998209628,2.4037981962886,2.36615474036981,2.32093823837443,2.44150848549934,"339"
"341/325.1844mz/6.81min",1.44289222446206,1.87162731976976,1.9331981209829,1.76490503077292,1.73342023940434,2.06287839739836,"341"
"344/637.1419mz/6.83min",2.13059469561474,2.29655003867436,2.58937526321067,2.36609074391082,2.49222469961519,2.29638694097106,"344"
"348/299.2592mz/6.9min",1.85171243291436,1.81577446125049,1.90020352669767,2.08783436579305,1.8852900424865,1.84352683469537,"348"
"349/701.1544mz/6.91min",2.08590677937659,2.33081443130647,2.63101026103405,2.41817041058824,2.55013340642135,2.31866364222817,"349"
"350/568.3622mz/6.91min",2.23370514542237,2.10987052281337,1.94735987297417,1.9372031421354,2.09057282756188,1.83743459314385,"350"
"351/718.1446mz/6.92min",2.62743916199767,2.57162372095705,2.40159352974228,2.34858998929682,2.30495722856299,2.45285311710962,"351"
"352/293.2123mz/6.92min",2.12035132499236,2.14531521828209,2.16065422580464,1.99097530461117,1.54441764538464,2.09323736871124,"352"
"354/421.2264mz/6.9min",1.65288640728596,2.32402346521286,2.33969251864953,2.35520634790543,2.37815209658221,2.38066154234375,"354"
"355/325.1844mz/6.93min",2.25468870291654,1.88007421327485,0.6267922949899,1.77699683253966,1.73158238790431,1.86886187216463,"355"
"358/765.1668mz/6.99min",1.94939595665818,2.22693953482826,2.49614674141397,2.28817553256094,2.40240626986887,2.19072896274645,"358"
"359/782.157mz/6.99min",2.53335306991426,2.47257899643437,2.30248172293158,2.2598964821819,2.27143992443179,2.36081786904302,"359"
"360/654.1321mz/7.01min",1.98965325305703,1.96000917052558,1.78348059522947,1.78289594918917,1.728256908491,1.87601867708779,"360"
"362/637.1419mz/7.03min",1.56125496085483,1.81239197236751,2.10960088654116,1.92876280601342,2.0078816591813,1.84962418980796,"362"
"365/829.1793mz/7.05min",1.75929617045231,2.04516324482716,2.40113355412269,2.15204323164724,2.25813427038557,2.04602868814227,"365"
"366/846.1693mz/7.05min",2.38323759675318,2.35472072315042,2.14651293094275,2.11720817280578,2.09644009466337,2.20735632100347,"366"
"367/760.5136mz/7.06min",1.06555722887677,2.34674346214026,1.84752449147041,2.15586928468431,1.75203556202219,3.24851697896354,"367"
"369/701.1544mz/7.08min",1.86586211809501,2.11030925835573,2.44812035725183,2.25440018507693,2.34947085299344,2.18959014631941,"369"
"370/718.1445mz/7.08min",2.33732339474472,2.30494460702129,2.1093227106035,2.1023974130314,2.05279561783259,2.2199152855162,"370"
"372/776.545mz/7.04min",1.46059912828325,1.43276620150135,2.12754790939884,3.28703962688114,2.64380123886664,1.44767665477905,"372"
"373/802.5606mz/7.15min",1.26256109502708,1.23472817578031,3.53415535044506,1.92794314056862,2.71287499390521,1.24963862490145,"373"
"374/893.1918mz/7.1min",1.56689893554312,1.86435833566728,2.24589209998995,2.00306577429835,2.10330851727563,1.89164054395682,"374"
"375/910.182mz/7.1min",2.21046546401648,2.18310976726566,1.96491123078181,1.92222779159031,1.93911307006558,2.03376804948954,"375"
"377/716.5238mz/7.16min",1.66503745772799,1.63720452786005,3.38422708881728,2.33041957731039,3.47524047799458,1.65211498284008,"377"
"378/765.1668mz/7.14min",1.8667594147586,2.1369300261756,2.52943793312658,2.32314027454986,2.40870102766518,2.26113901233719,"378"
"379/782.157mz/7.14min",2.42829984291986,2.41685672980354,2.19232584691662,2.1758179574021,2.1155170044367,2.25057534375037,"379"
"382/974.1942mz/7.15min",2.01633836311222,2.10034023301291,1.82134578662117,1.76931023179073,1.77983685280307,1.88137734403666,"382"
"383/957.2041mz/7.15min",1.25989404698489,1.6581641863354,2.03304582048312,1.8188422521286,1.92572983603647,1.68467942008053,"383"
"384/599.3205mz/7.22min",0.158709173859826,-0.56768696404963,2.24958180739369,2.09070720117968,2.24702286481346,-0.552804451426477,"384"
"385/846.1693mz/7.19min",2.37651454844541,2.37168796994995,2.13878267244144,2.10358910625193,2.05106854586524,2.18897789734986,"385"
"386/829.1793mz/7.19min",1.82773978144807,2.14963692175842,2.48700275039384,2.30923136898081,2.39137693917235,2.24386694148552,"386"
"391/910.1819mz/7.24min",2.27823137777756,2.26670364554881,2.07536469593944,2.02173517110372,1.98597173471953,2.06101481103681,"391"
"392/684.4613mz/7.26min",1.88928797350089,1.8614550423621,1.85726678637957,1.85570010336405,2.57576652022925,1.87636549804316,"392"
"393/893.1917mz/7.27min",1.76822071816344,2.09613362150159,2.41353800777767,2.20673994785932,2.30810338984453,2.16273798188342,"393"
"394/974.1941mz/7.29min",2.13976884551355,2.12931037689623,1.95459895949871,1.89460712303917,1.61597153989924,1.93102272450481,"394"
"395/957.204mz/7.29min",1.67689988960025,2.03045123762378,2.31002910660702,2.08165206720876,2.19827185990449,2.08954667638945,"395"
"396/599.3205mz/7.27min",0.5007723226738,2.50827740672889,0.345722772065686,2.31050293271489,2.21654684770683,2.29362675874121,"396"
"400/1021.2164mz/7.33min",1.46512910529328,1.83627148419394,2.17921873673728,1.96304562302161,2.06145967445418,1.94811924293506,"400"
"401/716.5239mz/7.3min",1.65546132709974,1.62762839732077,2.32241012911544,3.02891256155245,2.69768758845793,1.64253885225172,"401"
"402/447.0918mz/7.33min",2.10742479691749,2.45189405714311,1.40817550737344,2.49011854108375,1.08371215763809,1.51994125513588,"402"
"405/1038.2066mz/7.34min",1.95341687991261,1.96769797449344,1.56223024029699,1.73416404129583,1.72005100609664,1.73881811212754,"405"
"406/802.5606mz/7.36min",1.73871038497616,1.71087745454041,2.40565919157191,2.41028827260832,3.45746009093755,1.72578790983366,"406"
"412/829.1793mz/7.41min",1.63447753914582,1.79753690489401,1.98358307797395,1.80832595165064,1.89854163669462,1.85175675708288,"412"
"413/893.1917mz/7.42min",1.85477281862162,1.93703960779275,2.00804370256303,1.89317976598806,1.91803567429128,1.92803700566688,"413"
"415/134.8947mz/7.44min",2.18372645946542,2.2411213064841,2.00056214084395,2.0063913851238,2.01424107702896,2.04623445404455,"415"
"418/957.204mz/7.46min",1.86739342752237,1.93124332299797,2.01948647213294,1.89973351521235,1.93823435174815,1.93652267110508,"418"
"419/1021.2164mz/7.47min",1.71915481178358,1.87081589077128,1.93679184834826,1.85397697888244,1.8436159361445,1.87485752671296,"419"
"423/134.8947mz/7.53min",1.5870275295604,2.08588798965287,1.81840581148453,1.91925481829504,1.9755113182371,1.78129734878932,"423"
"424/802.5606mz/7.53min",2.03058589529155,2.00275296381667,2.6975347091337,2.9883400952593,2.78731193144708,2.01766341968312,"424"
"425/599.3205mz/7.59min",2.58621680865874,1.85941387816967,1.85522562218822,1.85365893917311,1.87475535692163,1.87432433384707,"425"
"426/804.5754mz/7.6min",1.54440021395161,2.59526916849248,2.21134900636381,2.36786862806952,1.53190876275361,3.61900953448081,"426"
"427/760.5135mz/7.55min",-0.11534716145291,3.0672614251564,1.83102290285656,2.02680424962724,0.571081122430526,2.11212271988702,"427"
"432/720.4824mz/7.67min",1.29039661305205,1.96153360821267,2.09316091927682,2.24408636477655,2.79390718405015,2.35031286090299,"432"
"434/758.498mz/7.71min",2.03041811723833,2.00258518576374,2.6973669310785,1.99683024669072,2.01792666470986,2.01749564163003,"434"
"436/100.9337mz/7.84min",2.3229193672741,2.25179620159312,1.84339187295936,1.34450910260036,1.32356550183445,1.76426216390731,"436"
"437/115.9208mz/7.84min",2.53278293795812,2.4783040764065,2.57458551851954,2.34346230108607,2.44456130606149,2.15194859614196,"437"
"438/116.9286mz/7.84min",3.25783760199516,3.00552180203982,2.88887586973391,2.92081734424243,2.91522292586739,2.94449179039649,"438"
"439/134.8947mz/7.84min",2.92100000909354,2.32226372379825,2.32138089704626,2.18206215784132,2.25815846488169,2.30522842981151,"439"
"444/144.9235mz/7.85min",2.56236456765646,2.3614146173606,2.33336403762543,2.14773416646694,2.13500873206461,2.11521340920088,"444"
"445/557.1084mz/7.88min",1.78726945125346,1.97719805662206,1.63836808498029,1.97082297861061,1.29549639186158,1.69530994553058,"445"
"447/485.0688mz/7.88min",2.10874103720883,2.28015600101511,1.93115455481639,2.27164233803656,1.5950284356528,1.98376534631411,"447"
"450/100.9337mz/7.95min",2.02422078641572,2.22129429862982,2.00140213954679,1.93207642663319,1.92260429319921,1.94425842181709,"450"
"452/134.8947mz/7.94min",2.441399053408,1.99184532759711,2.22082214140263,2.06387387714172,2.03875811571076,1.97522650751176,"452"
"456/144.9235mz/7.96min",2.63124056429896,2.26121504650646,2.19570750991171,2.20575500757103,2.12401335965439,2.34932639708928,"456"
"457/115.9208mz/7.95min",2.59019167582138,2.3916912400842,2.50973684922173,2.57942308548548,2.36544401161092,2.69336089426526,"457"
"458/804.5744mz/8.01min",-0.370435652399884,2.6721643854158,2.16462713670415,3.00463533637016,0.315880150439161,2.80028717793968,"458"
"459/100.9337mz/8.11min",2.28593600153613,1.68958129922045,1.87306887479316,1.90961749968836,1.60250900837335,1.73731999990333,"459"
"460/100.9337mz/8.15min",2.81805163554125,2.01614222115476,1.86722577978089,1.8674227977222,1.81179406535822,1.60531494149827,"460"
"461/144.9235mz/8.16min",3.1981321907874,2.43003992280481,2.37832764171197,2.3668846799358,2.3868599631722,2.38616656189294,"461"
"463/115.9208mz/8.14min",3.41144990541327,2.65274022307395,2.57304470518001,2.31722192318167,2.08625078401526,2.12891556384177,"463"
"464/660.4613mz/8.14min",2.19429113614412,1.90640622438233,1.92217080018633,1.9063090905405,2.48813196710149,2.02495749464617,"464"
"465/100.9337mz/8.26min",2.25491126437841,2.50191379571823,2.01024375885183,2.28120055300744,2.04307491324588,2.79366064728236,"465"
"469/686.4768mz/8.27min",3.03840389975211,2.99027190287849,2.93009973051815,2.93944916297153,3.18322445716681,2.9567173237756,"469"
"471/134.8947mz/8.28min",2.74524878175418,2.32605137861791,2.18282428933241,2.23833324946777,2.43424303282156,2.31226456477476,"471"
"472/186.9706mz/8.28min",1.9857147187964,1.78134791309471,1.75079878925918,1.92031185631134,1.85867341773931,1.87240172126948,"472"
"473/144.9235mz/8.27min",2.66398471039068,2.65075327098794,2.64481146824323,2.98068504537894,2.67434786859852,2.76397602160017,"473"
"474/115.9208mz/8.28min",2.46985412120472,3.23191002064681,2.62448210266938,2.82477309902022,2.95091503837491,2.91656857608003,"474"
"476/749.4724mz/8.38min",2.67749875634958,2.48876767269023,1.88286102410899,1.92729606305486,2.24316362555483,2.18288713760866,"476"
"477/186.9706mz/8.41min",2.49724110382139,1.93375435969793,1.86044663345569,2.24231789038332,1.99631433815305,1.93080437545457,"477"
"478/134.8947mz/8.4min",2.58604390173769,2.32905510431252,1.95234988246838,2.43025577582961,2.40934047165474,2.37345594238263,"478"
"480/161.9136mz/8.41min",2.05843441297018,1.81935788913601,1.28516042676787,1.79498533746784,1.86351446584347,1.76370643559008,"480"
"482/144.9235mz/8.41min",2.58617228425486,2.44414232532208,2.25525073036433,2.47975148338518,2.47012626892251,2.43358058788916,"482"
"483/115.9208mz/8.44min",2.56463448650915,2.69366037910551,2.52900187345496,2.80907028680911,2.56569885180665,2.5860593670477,"483"
"486/100.9337mz/8.45min",1.78802346240831,1.68666033206484,2.12812532044599,2.29323907923618,2.07091897832439,1.9563055094562,"486"
"487/100.9337mz/8.53min",1.63207968819,1.68666033206484,1.84208674907844,1.85758789680911,2.02445028456243,1.4723491750364,"487"
"490/245.8948mz/8.69min",2.80040399864024,2.04749463051297,1.22781359348937,2.13291809346425,1.9463132289468,2.28753306584809,"490"
"491/243.8993mz/8.7min",3.21457523052876,2.47080142082359,1.213882973982,2.55749233181421,2.38949166272625,2.71253194700605,"491"
"492/223.8723mz/8.73min",2.69132203280689,2.38529865752332,1.53394057695414,2.4633429022451,2.38047377943077,2.58603331820502,"492"
"493/186.9057mz/8.74min",2.84176914774655,2.6066524253794,1.9427293775715,2.64771477744122,2.60562966172555,2.71024639189439,"493"
"494/221.8746mz/8.74min",2.83312877737247,2.53452931357323,1.68677778638054,2.60341986697475,2.5291972401623,2.72136339893528,"494"
"495/188.9039mz/8.74min",2.48249757794045,2.01857247645935,1.71882073051163,2.09545775261323,2.03745264113208,2.34483648435914,"495"
"496/248.8936mz/8.73min",3.07151738978151,2.60554937191259,0.659555805493168,2.67041816071103,2.50840255215608,2.79823934993343,"496"
"497/146.9659mz/8.76min",3.15551673804635,3.00068348484243,2.65720303120239,3.07024042243835,3.04851864992954,3.12047516823764,"497"
"498/250.8917mz/8.73min",2.7189779603279,1.9874926218627,0.429215404982176,2.08707923703833,1.8944257577123,2.44139366151697,"498"
"499/100.9336mz/8.86min",2.07691612286576,2.01177460495846,2.66262334687571,1.8180565887548,1.96752337760973,2.05514590208792,"499"
"500/115.9208mz/8.84min",2.4728771218432,2.80255731085976,2.53062628931022,2.39748399432685,2.86185714954806,2.86046801450649,"500"
"502/89.0244mz/8.97min",2.04009650568927,2.382018739326,2.44170519847023,2.4028275442058,2.09189872544919,2.13496509222762,"502"
"504/146.9659mz/9.0min",2.31629448358824,2.03166254212421,1.91073089214795,2.15531760615345,2.15448564532602,2.19493171952713,"504"
"506/112.9857mz/9.03min",1.84039285013203,1.86546661871395,1.77869354513918,1.77782330131049,1.83768873871267,1.62496183971477,"506"
"507/311.1687mz/9.02min",1.88009622600054,1.86709453107508,1.36828827775931,1.81624299957399,1.82251909904715,1.88774142708892,"507"
"511/544.4161mz/9.13min",2.23059382171665,2.27668174050602,2.14546346628809,2.03310030599964,1.5042653514568,2.00845024468972,"511"
"513/411.3841mz/9.38min",2.17554710315466,2.24547286555253,2.03087745768118,1.80323678045882,1.75483809151017,2.07781778074755,"513"
"514/89.0244mz/9.82min",2.99508556591577,2.29573895210527,2.29154404542465,2.26459769531723,2.29080839050784,3.00204694345808,"514"
"515/89.0244mz/9.97min",2.31772053987337,3.00107534166957,2.97369255252129,2.96865974796515,3.01412939017639,2.27091020953497,"515"
"517/100.9337mz/10.22min",2.37940012490831,1.71437524279336,1.95528765919515,1.72359125769843,2.33235264708303,2.25966171572362,"517"
"518/115.9208mz/10.21min",2.83203097981188,2.78865334660234,2.75172354210404,2.75565215724463,2.67056815207328,2.798662775908,"518"
"519/144.9235mz/10.21min",2.61098243832737,2.53051945042887,2.44614016180504,2.49299081963495,2.44562578547164,2.54991235216623,"519"
"529/835.5346mz/10.26min",2.18677176092857,2.91503986525881,2.92977110295278,2.85215389302355,2.90881050415347,3.09167789865017,"529"
"532/863.5655mz/10.26min",1.11590469227734,2.5825139164122,1.87460985171501,2.54765879986744,1.80238307064023,2.30781777219089,"532"
"533/686.4769mz/10.27min",3.05849205730348,2.43897569918737,2.32594029567286,2.2680144583346,2.51044523177589,2.43855784006453,"533"
"536/112.9857mz/10.28min",2.80055353357103,2.76733262050947,2.46482166983087,2.72933437852504,2.60558240540325,2.76110814071099,"536"
"539/116.9286mz/10.35min",2.44748901216296,2.40047119872226,2.32253072812412,2.36479921318283,2.31763213164792,2.42162618704363,"539"
"542/760.5132mz/10.44min",1.02852596489925,2.37956154907795,2.18934508778372,2.60584782721829,1.71500425741628,2.32546236300747,"542"
"545/197.8079mz/10.44min",1.92050131872901,1.96153893866565,1.66974625689676,1.88436404494869,1.95468524060535,2.0238378935807,"545"
"546/195.8109mz/10.44min",1.79212199685913,1.81877868535758,1.73420622350503,1.7658936422056,1.70229157691933,1.87525364626182,"546"
"549/187.861mz/10.48min",1.87652976052099,2.16437591006172,1.64801150173871,1.86013201780621,1.71449652786289,2.17770244581743,"549"
"550/243.8993mz/10.49min",3.09099476765613,3.10129397442275,3.05104794988281,3.04740995370365,3.05212134916905,3.0582269150757,"550"
"551/245.8948mz/10.49min",2.62188890038324,2.68563893386048,2.6311072262972,2.63589191404384,2.6345603613946,2.63348803640186,"551"
"552/241.899mz/10.52min",2.9030758603455,2.84535802418345,2.79876911260197,2.83344743475189,2.80161576850286,2.81869183362846,"552"
"553/214.88mz/10.52min",2.6142494733086,2.62386701497376,2.67349163806135,2.6297029618772,2.65026219964107,2.62480093397106,"553"
"554/132.8679mz/10.48min",2.11129106605469,1.64842221182545,2.30641668308195,1.74502886115796,2.18914998734093,1.65662464611295,"554"
"561/128.0353mz/10.62min",2.56126857142976,2.6587668495707,2.69855035975345,2.61411904596361,2.82393371399911,2.57234846596561,"561"
"562/96.9601mz/10.62min",3.14733931959957,2.7583833201749,3.12497397289133,3.14296185048892,3.16344210257626,3.11796735520782,"562"
