Filename,2024_POS_Y-EV_1_CTRL_Run88.mzML,2024_POS_Y-EV_2_CTRL_Run117.mzML,2024_POS_Y-EV_3_CTRL_Run138.mzML,2024_POS_Y-6MSAS_1_Run91.mzML,2024_POS_Y-6MSAS_2_Run108.mzML,2024_POS_Y-6MSAS_3_Run135.mzML
Class,CTRL,CTRL,CTRL,EXP,EXP,EXP
377/282.1196mz/2.01min,1744130.2,1838192.1,3773860.8,1643824.9,1814210.8,1563947.1
379/158.0812mz/2.06min,10162038.0,11787009.0,12334134.0,8882953.0,9438457.0,7424395.0
381/381.1519mz/2.1min,570253.94,676393.75,656280.9,409294.6,337509.34,269529.62
382/99.5121mz/2.11min,604648.75,186223.0,371107.56,75936.74,125473.984,251750.94
383/380.1485mz/2.1min,4683881.0,4665987.5,5659207.0,3449329.2,2882396.5,2349097.0
384/244.1907mz/2.11min,637374.56,597833.8,1110399.5,626821.0,492922.47,539460.5
385/251.1502mz/2.12min,259388.27,314678.3,686335.4,244969.66,317707.6,283413.5
386/112.0756mz/2.13min,293251.7,386460.12,334832.03,260317.83,266568.22,207164.12
387/261.1444mz/2.14min,20329.219,22692.406,137899.05,5723.2354,34337.902,17637.969
388/247.1077mz/2.16min,18237.295,34988.438,124025.78,16360.783,41283.453,16135.776
390/290.087mz/2.17min,413871.28,455834.4,1289858.6,374315.66,509065.78,453594.7
392/302.1961mz/2.18min,103122.414,132624.47,218273.6,54263.812,92966.83,83242.4
393/220.1179mz/2.18min,601485.4,646740.25,901207.75,530498.3,719660.25,547404.2
394/184.1695mz/2.22min,3007995.8,2634294.8,4312386.0,3019765.5,2239969.8,2440482.5
395/384.1148mz/2.22min,1070292.6,1264514.2,1272040.9,1016580.9,957278.75,942159.8
396/242.1862mz/2.24min,654354.25,718636.9,1698891.1,578856.06,721658.7,650923.56
397/443.177mz/2.24min,666725.1,726268.7,1767865.0,575967.1,775371.56,672949.7
398/188.0706mz/2.25min,4925287.5,5213825.5,6598833.5,4515362.0,4278920.0,4340489.5
399/200.1046mz/2.25min,6213858.0,6351282.0,6177002.5,6305715.5,6348231.0,6249416.5
400/205.0971mz/2.25min,3823960.2,4002189.8,4935510.5,3496022.5,3299940.0,3246817.5
401/217.1247mz/2.25min,568641.94,552631.5,524716.56,559561.3,560974.56,566450.0
402/218.1281mz/2.25min,7671792.0,7707164.0,7364754.0,7765374.0,7666489.5,7640478.5
403/199.1012mz/2.26min,477690.3,477538.66,474440.6,489449.6,484818.25,489464.22
404/434.213mz/2.27min,338585.4,369913.38,929497.9,295583.53,394138.3,251631.75
405/195.1227mz/2.28min,664522.94,614242.9,666269.2,668922.94,577743.9,524573.25
406/217.1046mz/2.28min,260846.55,264020.44,276977.16,263502.2,270355.34,211907.1
407/259.1764mz/2.29min,411286.16,449519.7,410409.8,433000.84,454713.0,390118.2
408/324.0747mz/2.31min,506443.8,375136.0,1200357.5,264819.03,388851.38,135798.95
409/244.2012mz/2.3min,985130.06,982838.0,977072.94,932771.0,1015885.0,1012381.3
410/231.1703mz/2.3min,141845.4,156320.86,258546.95,158531.6,143992.55,140052.88
412/190.0497mz/2.33min,31263.107,32114.701,76573.625,24718.367,43282.234,30217.057
413/247.1076mz/2.33min,245302.19,272186.88,647664.8,224557.08,295001.2,245815.48
414/292.1026mz/2.34min,1274810.6,1326961.2,4776365.5,1126420.8,1443370.9,1257197.4
415/270.1924mz/2.33min,274038.66,278203.4,577311.75,237644.3,298764.06,272166.1
416/392.1484mz/2.35min,392422.66,393768.16,538912.4,334000.28,320216.1,277528.44
417/217.1051mz/2.36min,829642.8,754708.25,1332923.0,775601.4,729108.1,794490.3
418/389.1705mz/2.35min,298993.1,327365.4,798872.0,242047.25,342217.97,289496.94
419/239.1026mz/2.35min,107900.4,126989.445,209011.16,92556.27,94859.9,74429.914
420/216.1019mz/2.36min,5319719.0,5180499.0,9444457.0,5182732.0,4949095.5,5428151.0
423/225.087mz/2.37min,1235119.0,1358229.1,1439884.2,1050958.2,967428.75,877330.0
424/244.2012mz/2.37min,1409882.8,1384458.9,1344592.8,1394149.1,1371730.5,1327948.2
425/302.1961mz/2.38min,746590.0,576012.06,697582.6,596258.0,306416.78,271119.94
426/443.177mz/2.38min,219987.25,250906.98,639751.75,188802.56,259729.38,230351.61
427/224.0917mz/2.39min,433195.53,431773.34,901718.44,397951.38,483107.12,413916.72
428/140.1434mz/2.39min,566729.56,537074.44,619012.6,603246.8,431946.22,406656.12
429/261.1444mz/2.39min,435759.53,444116.2,484809.75,458898.94,371555.25,337301.56
431/229.1546mz/2.4min,346424.8,410834.34,560279.7,515534.0,408998.0,280274.62
432/434.213mz/2.4min,168808.7,185383.75,466725.7,135315.16,187090.52,168790.28
434/192.0689mz/2.42min,208209.8,145930.72,777006.94,89515.0,150496.8,106954.64
435/393.223mz/2.41min,472914.12,508051.88,1223840.2,421547.03,538145.3,470184.8
436/298.0968mz/2.44min,1746409.5,1738247.2,1977154.0,1350241.0,1325895.0,1334912.2
437/190.0498mz/2.46min,273063.94,299982.72,626873.6,240051.95,372785.28,266071.84
439/261.1444mz/2.46min,657495.06,669386.06,740211.8,631548.94,557602.94,537255.1
440/114.0913mz/2.49min,1272100.5,1308511.4,2045529.2,1275484.2,1309350.1,997829.75
441/240.1059mz/2.51min,462527.28,530153.06,590010.6,492193.2,396931.7,455142.28
442/244.2012mz/2.51min,367711.0,377230.28,384311.47,369996.56,380864.88,369555.44
443/221.092mz/2.52min,312195.84,379777.78,420990.6,342883.0,283600.97,316333.12
445/239.1026mz/2.52min,4043102.2,4430746.5,4911474.5,4166327.8,3483181.8,3775032.8
446/443.177mz/2.52min,109542.266,181298.16,340580.72,98464.47,139822.66,109684.84
448/184.1695mz/2.54min,357550.3,338632.4,548757.06,364499.2,264249.53,308438.22
449/434.213mz/2.54min,347039.3,387763.5,864510.44,320796.75,401762.1,359533.84
450/226.1801mz/2.57min,37926.727,29225.766,46389.746,52816.508,28690.445,25478.105
451/153.1022mz/2.57min,28158.625,30918.777,184029.16,30465.05,20432.895,35729.574
452/393.2232mz/2.57min,52984.406,58586.887,177356.66,48695.363,65462.383,52577.465
453/443.177mz/2.56min,41214.6,125748.13,154708.16,98464.47,62086.184,60890.81
454/316.2117mz/2.59min,341418.78,411806.38,395376.2,339177.06,482164.6,438675.6
455/280.0927mz/2.6min,68868.3,82408.72,101642.42,58455.383,57118.46,56401.91
456/409.1352mz/2.6min,1464817.5,1627320.6,1796296.0,1211084.5,1213302.2,1123975.5
457/231.1127mz/2.63min,622686.8,660240.06,1479742.8,579018.25,646007.94,562830.6
458/213.1597mz/2.67min,40149.082,41514.22,38544.53,21988.457,34796.84,22793.605
459/259.2202mz/2.67min,474022.53,512803.66,515959.78,512697.44,511691.1,480673.2
460/245.1859mz/2.67min,48247.883,63738.02,136495.12,58232.793,79488.08,41036.066
461/243.1338mz/2.7min,16864.453,11180.057,60531.594,14857.831,19137.992,11891.662
462/407.2386mz/2.7min,165442.34,194947.48,438883.28,159553.66,192390.55,160553.94
463/130.159mz/2.71min,663148.06,553576.4,803681.94,625081.56,511306.3,528259.5
465/190.0895mz/2.75min,116929.53,102603.164,400870.0,40512.19,33808.45,45203.863
466/138.0549mz/2.72min,330858.22,305869.62,448197.47,361945.03,254422.56,281544.62
467/300.1077mz/2.72min,5295564.0,5358598.5,5115319.0,4830180.5,3508123.2,3064660.5
468/301.1111mz/2.72min,757457.8,755686.3,733219.7,672866.06,491021.47,429280.25
469/229.1546mz/2.73min,34142.855,29006.225,92024.66,10295.592,29127.662,6916.1025
470/217.1546mz/2.74min,398831.94,408066.62,1036852.75,357589.22,392243.38,374594.16
471/202.1801mz/2.74min,326429.44,346868.5,462028.6,375715.56,256201.17,263955.2
472/316.2117mz/2.75min,811538.75,943442.75,1022684.4,817887.4,1104557.2,974137.06
473/259.1189mz/2.77min,1019742.2,1049702.5,1124099.6,1035704.5,667503.94,750705.2
474/272.1128mz/2.77min,188821.77,215710.1,320579.97,178047.36,199876.84,159016.0
475/306.1182mz/2.77min,3497970.2,3774155.5,8868566.0,2984985.0,4040977.8,3471614.0
476/231.1127mz/2.77min,302784.8,296181.1,814743.6,275728.3,315008.97,249821.84
477/260.1129mz/2.77min,244305.44,258623.98,708528.4,198607.6,299691.62,254482.44
478/288.1077mz/2.77min,176658.17,204061.61,576398.56,151723.1,204658.14,188856.4
479/188.0705mz/2.79min,118014.445,162002.66,229332.73,127795.984,119694.95,83372.85
482/259.2202mz/2.8min,251980.88,255471.78,216753.3,252003.34,244866.1,229199.5
483/169.076mz/2.81min,6773040.0,6563274.0,10466924.0,6586356.5,6411155.0,6282243.5
485/170.0793mz/2.81min,739799.56,748247.44,1114778.1,735053.8,727661.94,716779.94
486/153.1021mz/2.81min,63737.65,144110.36,537177.0,96237.67,93234.8,137787.16
488/245.1859mz/2.81min,9948.447,8419.043,84294.234,7919.9224,17690.105,15385.035
492/201.0702mz/2.82min,194773.3,211800.02,245143.42,177306.84,158338.22,145343.61
495/139.0583mz/2.82min,8287646.0,8772204.0,11028493.0,8162986.0,7681023.5,7723344.5
497/328.1001mz/2.79min,420599.16,312519.7,1212994.4,224448.86,327743.78,236995.75
498/121.0477mz/2.82min,8066635.0,8297497.5,10920018.0,7784163.0,7466982.5,7676658.5
499/138.055mz/2.82min,110393250.0,112155530.0,141496660.0,109442824.0,100001980.0,102772530.0
500/92.0494mz/2.82min,983452.44,1039924.25,1323065.5,904998.94,887633.0,908170.0
502/120.0444mz/2.83min,106981460.0,109321090.0,144984910.0,104851784.0,100724080.0,102383150.0
504/271.0713mz/2.83min,1407126.4,1142773.2,1352678.2,1296715.0,1160204.4,934663.5
507/272.0794mz/2.83min,1753540.0,1466462.6,1423427.9,1681804.6,1468531.5,1290685.8
508/272.1855mz/2.83min,1369607.0,1608813.8,1651850.5,1304397.1,1508703.4,1361442.4
509/261.1444mz/2.83min,396323.4,432136.62,284405.56,401162.8,354151.8,319136.5
510/243.1338mz/2.85min,153721.25,157327.81,298563.12,121366.18,175774.05,127252.12
512/300.1077mz/2.87min,466088.62,513968.16,591127.2,490534.75,358273.53,392760.9
513/306.128mz/2.87min,855283.25,930733.06,1364842.6,753071.0,795405.0,850636.3
515/391.171mz/2.95min,385924.56,518623.0,1347749.6,334968.44,576636.5,476346.28
516/321.1478mz/2.93min,252992.6,296373.94,581484.4,275642.28,334407.12,249260.42
517/338.1445mz/2.94min,331701.88,221756.05,288754.94,235074.45,214029.88,153168.31
518/243.1338mz/2.93min,35250.145,41450.652,81911.53,64760.13,55850.77,32116.664
521/195.1128mz/2.95min,172300.67,184623.42,680474.5,200474.05,146386.56,171521.5
522/183.0916mz/2.97min,712750.0,704200.7,1220870.0,717038.8,701227.8,667904.0
523/340.1025mz/2.98min,1210571.6,1343384.5,3182155.8,1028261.1,1409446.8,1166342.9
525/294.0607mz/3.0min,220183.47,257988.33,599380.0,194410.11,261706.83,219000.31
526/312.0713mz/3.0min,1594726.0,1809190.9,4077007.8,1403715.8,1860368.9,1556636.1
527/334.0532mz/3.0min,230010.66,273580.53,551105.56,207531.94,285484.97,245554.28
528/153.1022mz/3.06min,24741.316,36283.87,267425.75,11315.031,36834.645,25869.473
530/231.1703mz/3.07min,1685726.4,1807092.1,4376882.5,1490296.2,1900224.4,1638609.4
531/232.1736mz/3.07min,191033.78,192301.48,495349.72,165340.17,207638.69,178290.4
532/213.0733mz/3.13min,259743.42,279857.2,451699.3,295605.78,380159.1,162931.69
533/267.1126mz/3.15min,32303.2,35546.62,94252.2,33493.96,42185.1,34150.367
535/208.0968mz/3.23min,90045.88,83254.234,178678.9,84424.48,100853.11,77161.18
536/260.1127mz/3.25min,5937.0767,0.0,45518.42,0.0,11415.326,0.0
537/288.1075mz/3.25min,33458.15,37812.816,184018.23,23982.988,48357.06,34692.742
538/427.1685mz/3.27min,215081.16,233126.17,627178.1,182429.19,257924.62,210442.66
539/405.1865mz/3.28min,2314971.2,2437028.2,5116544.5,2053401.0,2585623.5,2173339.0
540/320.1703mz/3.29min,40994.156,53611.17,55482.746,54401.777,43652.445,37994.445
541/240.0866mz/3.34min,616992.4,673278.6,1410242.0,539079.9,573158.9,534778.3
542/245.1859mz/3.35min,402274.28,443927.38,1059616.8,359751.97,396058.72,357432.78
543/182.1903mz/3.37min,469717.53,419933.2,636096.75,521163.28,483586.12,464757.75
544/195.1128mz/3.37min,94200.91,128430.42,568688.1,71716.75,109685.9,99895.96
545/217.107mz/3.43min,377281.94,414014.1,378309.78,321751.3,342424.6,297919.44
546/196.0968mz/3.47min,918565.94,903271.0,1321664.0,751134.4,465903.5,530745.3
547/228.2321mz/3.48min,524046.22,508544.84,668825.25,493578.72,467025.75,493233.1
548/246.1699mz/3.48min,261324.25,260021.06,238432.08,234253.78,261070.12,242814.7
549/208.0968mz/3.52min,69050.11,80631.77,120335.8,63422.777,52550.594,44332.914
550/402.2485mz/3.52min,61869.062,74944.766,132270.55,58035.812,63535.91,56463.816
552/213.1597mz/3.53min,506720.53,561148.06,1222449.1,517432.88,503832.88,584657.75
553/274.1648mz/3.54min,884340.7,887527.9,860537.8,867530.44,872945.6,827091.9
554/419.2022mz/3.55min,583275.5,629696.2,1538330.1,422513.75,661624.06,564388.7
555/228.2321mz/3.56min,194626.83,175478.92,261411.95,195149.72,154847.23,174017.61
557/210.1124mz/3.6min,321473.9,344293.25,563310.7,251400.28,275082.8,211708.66
558/224.0917mz/3.62min,47538.84,68931.69,227577.92,36575.875,43184.98,71696.27
560/228.2321mz/3.67min,2663886.2,2698654.8,3458397.5,2494040.5,2349850.8,2491316.2
561/246.1699mz/3.69min,225424.4,230531.92,201745.98,227183.5,204207.39,212022.08
562/182.1903mz/3.68min,50017.29,44128.832,62018.53,42981.234,28362.436,37083.395
563/235.0865mz/3.7min,301022.53,325772.3,418694.75,337775.4,293833.53,302732.84
564/402.2484mz/3.64min,250200.86,332562.66,488374.66,272041.44,281241.38,262493.25
565/591.2257mz/3.72min,327483.28,225086.5,283829.16,243542.47,249844.97,228496.23
566/586.2703mz/3.72min,1540216.4,1004335.56,1335931.8,1126212.2,989970.94,973663.7
567/320.1703mz/3.75min,71037.47,70257.914,59118.695,75009.875,56621.445,50856.344
568/195.138mz/3.83min,106271.484,109143.35,105776.21,92664.42,113136.86,109210.08
569/233.0784mz/3.85min,568200.06,518698.22,479241.47,565405.5,504513.44,475104.12
570/296.1182mz/3.87min,1022221.1,1073647.1,1291972.4,1132519.9,905606.06,959257.06
571/246.1699mz/3.93min,519800.25,571127.2,1987819.8,598609.75,902332.4,611605.25
572/514.2855mz/3.97min,737028.3,705689.5,773925.8,718194.56,551726.56,560469.1
573/208.0968mz/4.01min,20984.156,12054.776,39156.016,30593.951,27404.271,11960.316
574/166.0862mz/4.08min,115847.35,112845.75,128414.375,91734.484,80839.41,84550.67
576/208.0968mz/4.19min,300740.84,378831.47,1099749.8,321363.34,299374.66,499347.4
577/274.1649mz/4.21min,54366.617,53743.312,71238.83,57202.062,56833.4,55762.41
578/321.1738mz/4.32min,992001.3,1086072.6,946663.9,1188894.9,752649.1,609815.06
579/320.1703mz/4.32min,6569192.5,7346856.5,6219641.0,7746718.0,5033366.5,4081094.0
580/325.1257mz/4.32min,791564.8,947592.75,800734.6,941984.56,583432.44,503318.22
581/195.1379mz/4.34min,812781.0,875569.5,807515.7,782296.7,792289.0,852723.7
582/364.1965mz/4.4min,557508.9,597157.3,622036.4,655514.5,448186.44,468425.44
583/226.1801mz/4.43min,1147407.1,1148428.6,1297287.9,1180101.9,1254520.1,1294689.4
584/244.1906mz/4.43min,809037.44,790912.44,881573.9,828726.0,854825.3,867505.9
585/408.2226mz/4.47min,633332.44,667080.5,704495.3,719220.7,508537.53,516782.97
586/392.1914mz/4.56min,2846319.8,3179010.2,2858204.5,3341089.8,2150102.2,2246018.5
587/397.1467mz/4.56min,378749.62,429657.97,414631.47,477010.88,267929.22,332312.88
588/249.1022mz/4.6min,517250.03,562867.0,646210.5,554496.9,405732.1,443767.3
589/267.1128mz/4.6min,1547464.6,1677724.2,1818042.5,1613221.2,1259570.4,1245010.8
592/230.9844mz/4.75min,646758.6,703483.4,682182.56,702944.9,668563.6,635513.75
594/211.9705mz/4.75min,3249104.8,3501345.2,3369710.0,3554815.0,3194117.5,3195203.5
595/213.9685mz/4.75min,3132329.8,3432208.5,3270570.8,3395185.2,3154421.8,3043299.2
596/229.9811mz/4.75min,7804118.5,8275373.0,7922021.5,8622640.0,7909034.5,7567063.5
597/231.979mz/4.75min,7680762.0,8238684.0,7872870.0,8469900.0,7813066.0,7556184.5
598/232.9823mz/4.75min,646710.8,675164.56,637987.9,702143.44,650491.4,632565.44
599/656.071mz/4.75min,1528407.6,1645017.6,1877409.1,1493334.6,1586145.6,2041391.4
600/524.2697mz/4.76min,386681.56,386359.62,403849.9,413790.72,306646.97,303118.16
601/551.2695mz/4.8min,668893.75,768663.1,741831.06,771864.8,521509.62,548667.0
602/573.2513mz/4.8min,1935320.0,2297326.5,2320134.5,2301398.0,1571178.5,1630346.9
607/568.2961mz/4.81min,20329090.0,22598366.0,22018754.0,22707606.0,16573138.0,16794788.0
609/211.0866mz/4.87min,85409.66,81906.52,91273.21,82168.555,50239.758,70195.78
610/228.1958mz/4.88min,2834882.5,2840944.8,3411175.8,3128168.2,3050130.0,3282259.2
611/250.1777mz/4.88min,488450.84,468579.78,548775.1,540673.44,515770.0,551126.1
612/229.1991mz/4.88min,376434.88,374900.4,443264.38,423216.9,406139.34,435107.4
613/267.1128mz/4.92min,36088.74,44952.383,49094.16,37513.867,31623.23,33542.85
614/158.1539mz/4.95min,790881.56,815626.3,748379.0,788627.7,776645.1,811551.44
616/640.3173mz/4.96min,1098823.4,1196946.0,1259036.6,1216594.5,899960.25,903569.2
618/244.1907mz/5.13min,74583.19,60355.43,163491.55,83039.055,59073.305,124655.82
619/432.238mz/5.21min,22015.445,33123.73,61704.176,31552.82,33489.31,49021.55
620/387.1801mz/5.21min,415267.47,472704.7,765141.75,474192.8,592199.3,484209.75
621/404.2066mz/5.21min,436804.84,491200.3,769826.3,509803.47,617692.1,513708.84
622/209.1536mz/5.26min,105422.53,119328.5,107104.625,112644.02,111894.19,132078.05
623/272.2584mz/5.35min,255744.25,246972.06,340817.9,396399.12,458231.66,442854.4
624/300.2897mz/5.45min,33457.594,35496.78,42647.633,44542.676,46670.617,36962.08
625/319.3036mz/5.44min,1375030.6,1460338.2,1503850.0,1506000.5,1662889.6,1191302.2
626/318.3003mz/5.45min,7039743.5,7434715.5,7826692.0,7774425.5,8533090.0,6150910.5
627/356.1029mz/5.46min,755166.9,764200.94,850742.4,753596.06,635127.6,675740.4
628/387.193mz/5.56min,325564.9,320251.8,311618.22,429504.3,396341.62,399898.62
629/256.2634mz/5.54min,20889.637,23502.65,32374.365,38245.305,25058.041,30901.955
630/239.1641mz/5.62min,304043.62,310298.4,371347.97,298998.78,211833.7,209473.05
632/437.1932mz/5.64min,324336.2,318658.38,337647.12,320591.06,286124.9,306595.6
633/415.2113mz/5.64min,1807646.8,1720918.8,1924993.8,1688554.8,1709557.2,1723474.9
634/432.2378mz/5.64min,2173636.2,2033329.0,2204295.2,1992663.1,2008886.9,1954734.0
635/446.2535mz/5.64min,379785.1,347529.34,323382.88,358650.62,331364.62,333488.53
636/312.1131mz/5.66min,1162222.2,1111382.9,1392207.1,1067716.0,901123.3,1031664.8
637/307.2478mz/5.68min,433005.2,448187.72,435119.3,445582.84,442392.4,440031.0
638/302.3053mz/5.71min,1957870.0,2146134.8,2191752.0,2004730.2,2463921.8,1932159.8
639/284.2947mz/5.72min,43690.957,47264.75,50511.742,44766.65,60786.434,47304.66
640/330.3002mz/5.76min,390860.0,351217.84,174858.81,447304.4,385262.7,339530.88
641/452.277mz/5.75min,2256510.8,1819766.8,1472066.9,1733640.8,1786807.1,1351515.2
643/415.2113mz/5.77min,40005.086,33712.992,51904.844,39521.965,41478.375,33498.074
644/516.3057mz/5.8min,321945.6,294356.9,175424.11,250487.94,247458.64,159090.08
645/494.3239mz/5.79min,7716477.0,6855213.0,4210253.0,5815463.0,6122138.5,3784665.2
647/301.2931mz/5.82min,930649.3,887758.44,934980.8,1234098.8,1103951.1,1082484.0
648/300.2897mz/5.82min,4739412.5,4407179.5,5004230.0,6340743.0,5680471.5,5515363.0
649/452.2769mz/5.85min,2427337.2,1973098.9,1589003.8,1962851.2,1928421.4,1668152.9
651/337.1046mz/5.86min,391552.6,369223.97,376494.5,400884.0,314029.0,332092.0
652/344.3158mz/5.85min,679048.1,636845.9,399047.97,871685.94,616625.25,525035.75
653/494.3239mz/5.9min,6389339.5,5890835.5,3817696.0,5730009.5,5268747.5,3830572.2
654/346.3315mz/5.91min,9752865.0,10693382.0,10266452.0,9740860.0,8887366.0,7493324.0
655/347.3349mz/5.91min,2134898.8,2352792.2,2233959.2,2148315.2,1924715.6,1628658.4
656/516.3057mz/5.91min,345936.06,331866.22,199973.88,332651.66,267001.28,197598.9
658/284.2948mz/6.01min,545456.25,485229.38,616612.25,578215.25,496816.44,497407.62
659/344.3158mz/6.02min,262513.0,362828.4,403250.72,496949.28,522507.47,346365.25
660/255.2318mz/6.06min,200476.83,207339.34,239841.95,260367.98,208888.17,173216.45
661/330.3366mz/6.17min,760123.56,843055.7,897587.4,705404.5,858717.75,624839.9
662/454.2927mz/6.13min,121634.54,82226.914,72324.32,77682.016,89850.03,73639.73
664/496.3396mz/6.19min,624579.9,550193.75,325981.78,393425.25,519312.34,300179.06
665/328.321mz/6.27min,3796223.8,4055792.2,4498048.5,4285818.0,4618783.0,3550824.2
666/358.3314mz/6.25min,494531.12,480677.1,197234.22,521793.06,381043.5,373458.72
667/454.2926mz/6.24min,2279946.8,1922381.8,1692237.6,1833128.0,1692723.0,1416125.5
668/372.347mz/6.31min,928532.3,830792.56,521517.4,998422.25,526754.4,672231.3
669/329.3244mz/6.27min,775543.25,855602.0,821042.6,920616.9,1016753.06,747339.9
673/440.4096mz/6.37min,581450.8,540053.94,701862.0,555574.56,568210.44,530288.8
674/518.3213mz/6.3min,407023.97,331872.38,251503.98,313351.0,297057.72,209868.0
675/496.3396mz/6.3min,8111032.0,8591221.0,6437788.5,6901481.5,7173789.5,5138938.5
676/267.1954mz/6.3min,774529.25,729388.8,913515.44,629353.4,430569.28,509386.25
677/497.3429mz/6.3min,2163678.0,2301895.2,1748367.1,1861953.4,1908268.2,1379198.0
678/480.3082mz/6.31min,4079054.0,3207654.8,2725042.2,2789113.0,2709961.0,2280926.2
680/524.2979mz/6.34min,845546.5,849658.75,536857.56,760483.94,678095.8,456367.44
681/555.2925mz/6.34min,0.0,911133.9,646122.94,868207.56,738672.2,567210.8
682/573.3031mz/6.34min,0.0,882505.6,579718.4,855062.75,707677.1,540621.44
684/498.2824mz/6.29min,1421103.2,1178341.5,775843.1,1062098.8,911945.2,650722.5
685/358.3679mz/6.33min,0.0,58723.65,434229.25,91576.67,104658.17,299387.75
687/524.3611mz/6.37min,1111082.4,1032900.25,554520.3,752210.5,792831.75,480001.44
688/522.3552mz/6.37min,19706380.0,18740502.0,10150697.0,13924210.0,14477113.0,9036336.0
689/523.3585mz/6.37min,5883129.0,5512375.0,2995953.8,4082338.8,4281860.0,2654491.8
690/544.337mz/6.37min,1017551.4,786132.8,458419.25,604383.1,571318.9,412547.9
693/255.2318mz/6.39min,149995.81,127645.01,169606.2,163246.0,114101.54,112467.59
694/392.331mz/6.4min,194119.77,175691.95,230535.84,258358.2,244544.6,221139.77
695/480.3083mz/6.41min,1600328.0,1227820.8,897332.44,1082459.2,1115331.2,981934.3
696/599.3188mz/6.42min,0.0,375713.03,253758.47,379951.78,279042.0,221251.33
697/312.326mz/6.45min,613943.6,632479.06,770466.5,683115.0,516684.1,565189.25
698/524.298mz/6.47min,1103149.0,104534.2,52746.215,79570.14,79593.95,53857.215
699/544.3371mz/6.47min,218954.36,191451.56,102829.2,150322.4,168249.56,106035.34
700/522.3552mz/6.47min,4970465.5,4408814.0,2546211.5,3203086.8,4172060.0,2504659.2
701/555.2926mz/6.46min,1219343.6,0.0,0.0,6486.499,0.0,0.0
702/573.3032mz/6.48min,1136515.6,0.0,0.0,0.0,0.0,0.0
703/372.3471mz/6.57min,37793.79,45448.734,88963.64,45162.574,51933.8,64462.047
704/524.298mz/6.5min,136504.47,78746.164,0.0,83711.51,60920.12,38411.688
705/395.3309mz/6.57min,16304.355,23562.982,40394.61,27815.445,19486.969,30773.56
706/356.2794mz/6.58min,605473.56,635300.94,683276.4,666357.4,540023.3,500247.7
708/400.3055mz/6.6min,980091.25,1008138.7,1077162.1,1090174.8,855140.9,780134.75
709/599.3188mz/6.59min,459994.16,62631.414,43456.97,77188.82,54778.04,38438.242
710/444.3318mz/6.61min,1305500.9,1363583.4,1499122.9,1485858.1,1180594.1,1052234.1
711/488.358mz/6.62min,1333284.2,1416789.9,1521534.0,1503127.8,1185710.5,1074144.6
712/532.3842mz/6.62min,1092755.4,1179221.1,1229862.1,1227151.2,964937.1,903671.2
713/620.4365mz/6.63min,360556.4,387524.0,401991.56,399263.44,324344.34,307986.1
714/576.4103mz/6.63min,688005.3,722891.5,795628.4,777620.4,628736.3,576726.0
715/664.4626mz/6.63min,138171.38,154280.94,156679.56,162219.48,130173.164,114707.625
716/313.1434mz/6.63min,400695.94,477420.6,505124.03,483590.06,367892.44,377043.38
717/754.535mz/6.66min,0.0,0.0,0.0,0.0,580742.4,0.0
718/283.2631mz/6.68min,206249.34,231639.86,280108.66,230529.0,245373.45,204424.9
719/301.141mz/6.71min,440462.78,168063.36,196709.1,185322.4,157617.48,188992.3
720/279.159mz/6.71min,872946.9,589136.1,762897.4,549131.06,849124.56,680025.4
721/228.2322mz/6.73min,45658.203,49179.742,51163.812,52356.17,48633.42,48718.188
723/459.3104mz/6.77min,28235.271,55939.402,59272.684,53795.42,56505.64,54581.27
724/599.3189mz/6.79min,63490.312,0.0,0.0,0.0,0.0,0.0
725/648.4233mz/6.8min,192926.1,178129.0,226516.39,392156.78,976990.8,419353.88
726/524.3709mz/6.8min,187230.67,191925.55,144335.64,128595.65,211011.88,124409.43
727/283.2631mz/6.82min,327325.7,341317.72,439821.22,362066.4,318671.22,295269.44
729/219.1743mz/6.85min,102405.734,114990.14,361305.34,78939.99,89283.12,83850.51
730/283.2631mz/6.86min,198070.2,237042.5,304387.94,259784.19,220704.77,224635.6
731/295.2267mz/6.92min,762095.25,821368.6,906931.8,546539.3,427147.84,480143.16
732/524.3708mz/6.92min,2619555.2,3472467.8,2942808.5,2662278.8,3221371.0,2307041.5
733/411.3257mz/6.94min,41547.117,33381.742,44928.605,41074.547,34567.746,34040.715
734/393.3151mz/6.94min,70844.39,63963.125,85786.26,77757.51,70280.04,66051.41
735/336.326mz/7.01min,90169.13,122017.2,198405.19,125978.5,122769.59,147168.16
736/335.2792mz/7.02min,384994.3,494327.22,446514.47,506776.5,412251.1,383585.5
737/459.3103mz/7.03min,201089.58,378589.94,313751.12,387002.16,355027.47,375909.9
738/460.3136mz/7.03min,50045.137,98001.664,76759.06,105331.51,87190.14,110398.914
739/255.2318mz/7.05min,200303.5,205014.44,365275.7,119381.23,276839.0,273739.5
742/427.3205mz/7.06min,246891.73,366338.5,429532.8,327553.94,311526.7,312975.1
743/467.3129mz/7.06min,320711.8,458343.22,549681.6,490880.2,253865.66,419102.8
744/409.3099mz/7.06min,213005.03,285542.1,354968.03,275139.22,254391.81,246426.06
746/481.2921mz/7.07min,44646.977,83235.586,71816.41,95985.17,26807.408,60243.125
747/335.2792mz/7.1min,687051.5,892632.3,778856.1,897606.94,740475.94,657780.1
749/336.326mz/7.12min,802510.94,1139492.0,1459075.4,1037845.8,965034.9,1276156.2
750/427.3205mz/7.14min,619276.9,661429.8,839411.75,759715.1,451253.97,759106.25
752/425.2144mz/7.16min,291432.72,245113.58,232176.6,302215.3,105095.2,221334.27
753/300.2897mz/7.16min,187047.8,242467.75,308278.66,235728.05,185405.4,241757.4
755/403.2325mz/7.16min,321357.9,620227.8,647885.0,530234.94,459651.34,509001.1
756/734.4956mz/7.16min,0.0,0.0,123900.55,0.0,9527947.0,57012.188
757/228.1958mz/7.16min,65633.01,93975.14,164970.5,86256.555,98012.74,156105.1
758/352.3208mz/7.18min,87708.91,122062.87,193893.9,124749.41,97298.64,157079.31
759/380.3369mz/7.19min,284479.53,303308.53,318608.38,319926.44,304448.72,260774.7
760/335.2792mz/7.19min,224295.02,299791.16,241790.83,297347.38,231327.0,211733.62
762/650.4388mz/7.22min,166323.92,237548.6,241970.81,344201.12,944212.8,446262.22
763/333.2424mz/7.25min,53082.867,76400.07,79575.79,64675.734,52678.086,52633.703
764/467.3129mz/7.26min,65512.84,82830.53,86363.516,104096.02,23011.707,74088.125
765/392.331mz/7.26min,117369.33,73936.21,70396.86,239709.72,185746.38,177909.62
766/427.3205mz/7.26min,51436.71,73025.61,101356.25,85464.15,38287.22,121586.83
767/459.3104mz/7.28min,37693.418,92830.15,81071.4,85554.19,33864.67,65098.44
768/481.2922mz/7.28min,50681.57,62494.848,42449.516,85229.86,0.0,47146.496
769/352.3209mz/7.28min,758195.7,921929.2,1375544.2,1020893.0,756574.06,1297615.9
771/676.4543mz/7.29min,109956.47,230473.86,123279.984,267394.8,1054218.5,351370.75
773/780.5507mz/7.3min,0.0,390095.72,270703.84,0.0,2101210.0,396890.53
774/752.5193mz/7.3min,0.0,0.0,130857.22,493745.16,0.0,88929.08
775/754.5341mz/7.3min,0.0,93767.05,44701.57,0.0,2734848.0,31715.312
776/810.597mz/7.3min,0.0,29021.26,154437.72,0.0,31710.494,5397.8496
780/256.2635mz/7.36min,461934.62,523988.44,515872.06,536115.06,462115.16,486937.38
781/601.3344mz/7.35min,0.0,566106.4,0.0,535015.75,348979.0,316137.16
782/583.3238mz/7.36min,0.0,540500.8,0.0,522418.38,325119.03,300491.75
783/463.1304mz/7.38min,261883.78,315550.84,253268.75,320549.22,272728.8,263503.3
784/467.3133mz/7.4min,63629.39,20397.594,19615.25,64521.125,3231.4065,38240.55
785/648.4239mz/7.41min,0.0,0.0,0.0,4199.7065,435879.8,0.0
787/427.3205mz/7.42min,412517.03,467479.47,529829.0,507977.25,294652.8,398945.94
788/732.5528mz/7.44min,0.0,6495365.0,1801889.1,0.0,15617301.0,1658752.9
791/758.5689mz/7.43min,0.0,15424853.0,13284917.0,0.0,263759230.0,11982458.0
794/393.315mz/7.43min,77234.96,60316.383,70517.8,91080.664,31031.652,77474.9
797/704.5215mz/7.46min,0.0,0.0,267376.56,553478.75,0.0,70248.79
798/730.5371mz/7.44min,0.0,3608.5886,3245657.8,11342656.0,10015.1875,2458944.0
799/818.5895mz/7.43min,0.0,0.0,0.0,141634.73,0.0,0.0
800/411.3259mz/7.43min,137248.89,91006.234,155551.36,151516.05,67332.125,154870.1
801/786.6001mz/7.43min,37094.676,2905196.2,5181988.5,0.0,1214266.4,2696393.8
802/481.292mz/7.46min,37759.0,1671431.8,26540.55,62328.086,540479.0,23300.354
803/859.5299mz/7.45min,0.0,1780800.9,0.0,0.0,0.0,48867.535
805/449.3025mz/7.45min,152910.12,96767.89,99004.55,137587.38,23210.299,92068.945
808/718.5364mz/7.45min,0.0,255549.3,3435263.0,365014.84,36501530.0,1322713.4
809/762.5263mz/7.45min,0.0,14323998.0,10546091.0,0.0,415945.8,584112.0
810/810.5972mz/7.45min,0.0,322267.38,1125729.8,249869.97,263074.7,190045.45
811/788.6152mz/7.44min,7637.922,3932599.0,5677428.5,1144075.5,2925335.0,1789438.2
813/726.5035mz/7.45min,0.0,0.0,29857.742,86509.05,0.0,17602.71
814/740.5191mz/7.45min,0.0,0.0,772538.2,80254.22,316066.28,287787.3
815/754.5346mz/7.45min,0.0,414862.9,258335.58,0.0,1453720.8,327920.84
816/780.5507mz/7.45min,0.0,1146883.1,680038.75,0.0,8084336.0,1021933.75
817/702.5008mz/7.45min,0.0,0.0,305473.28,145445.62,0.0,126617.68
818/811.6008mz/7.45min,0.0,149519.53,563667.7,109280.06,118671.85,71596.43
820/738.5039mz/7.45min,0.0,0.0,96740.04,727721.8,0.0,68178.086
821/752.5193mz/7.45min,0.0,0.0,629209.06,1971360.6,0.0,486417.1
822/700.4883mz/7.45min,0.0,0.0,3685531.8,1243046.5,0.0,1087597.6
823/409.3099mz/7.45min,161313.66,227291.14,217347.31,218791.33,93114.47,170285.08
824/678.5064mz/7.49min,0.0,0.0,25321738.0,4654424.0,0.0,3892133.5
827/445.3309mz/7.47min,416403.4,312859.8,242256.55,528386.9,160773.1,468331.1
829/256.2635mz/7.51min,87025.88,72486.16,69697.086,22205.793,48420.426,47595.035
831/282.2791mz/7.52min,2535828.5,2257998.8,2496913.5,2464420.5,2188001.8,2503629.8
832/283.2825mz/7.51min,464663.4,411280.25,458073.4,461273.28,380062.25,473424.44
833/482.2955mz/7.52min,1108234.4,996264.7,862199.5,841707.8,356990.25,815543.75
834/490.3521mz/7.53min,148027.12,405736.3,199294.0,260153.77,82467.92,128896.76
835/315.2318mz/7.52min,900064.25,1563505.1,1418581.4,1330839.5,806598.7,1140091.4
836/459.3103mz/7.52min,3347149.8,5655374.0,5061472.5,5060963.0,3010898.8,4150773.2
837/481.2922mz/7.52min,3489063.8,3182231.8,2760076.8,3722536.8,1168622.1,2578261.0
838/497.2661mz/7.53min,446872.03,629745.0,564864.0,616193.8,227160.61,493952.12
840/392.3311mz/7.53min,10148569.0,8644295.0,7257197.0,14051647.0,13358852.0,13250856.0
841/394.3377mz/7.53min,437733.6,366244.34,308424.62,609362.56,580929.8,574632.75
842/354.3366mz/7.54min,100138.336,106977.53,170303.47,94683.4,81763.7,143989.8
843/476.3367mz/7.54min,228176.08,382968.12,301866.22,364313.88,186307.4,247405.23
844/377.3202mz/7.55min,680574.3,582023.56,602207.75,710029.94,413517.25,604912.7
845/395.3303mz/7.55min,556028.4,449656.5,469204.94,561222.5,334213.2,410000.2
846/411.3257mz/7.56min,89663.96,66808.78,78375.61,90824.43,54936.562,66018.48
849/333.2424mz/7.57min,301615.25,529577.1,468866.9,467683.3,253102.75,399848.6
850/676.4543mz/7.57min,0.0,0.0,0.0,0.0,494955.88,0.0
851/678.5064mz/7.54min,0.0,0.0,13439292.0,22741078.0,0.0,12949248.0
853/700.4884mz/7.58min,0.0,0.0,628466.4,1294081.5,0.0,386938.3
854/718.5369mz/7.57min,0.0,400363.06,10060254.0,501824.44,6975802.0,6246927.0
855/648.4236mz/7.57min,0.0,0.0,0.0,5844.874,392554.7,0.0
858/354.3366mz/7.61min,576900.7,700176.7,921237.6,650920.75,479733.25,845652.3
860/336.326mz/7.63min,189102.64,238281.8,299864.84,214523.11,141830.22,297719.4
861/490.3524mz/7.63min,129693.375,376810.16,49944.24,159709.16,14283.992,169060.03
862/315.2318mz/7.64min,1647880.6,3744138.0,2601437.0,2716483.5,1796524.1,2811691.8
863/459.3103mz/7.64min,329862.7,760867.94,516664.75,585619.1,358783.22,542645.5
864/476.3369mz/7.64min,519323.47,1245316.1,832186.7,960600.44,568386.3,913884.94
865/481.2922mz/7.64min,1728091.8,1765027.9,1162098.5,1612145.5,643003.2,1574167.5
866/332.2584mz/7.64min,309824.53,743770.3,536401.3,537045.44,351845.44,563116.3
867/497.2661mz/7.65min,199380.61,575633.1,419949.88,507177.5,162410.06,465153.62
868/427.3205mz/7.65min,274031.22,366522.84,295065.2,351052.94,199671.38,334711.78
869/760.5153mz/7.64min,0.0,3381.1133,234795.28,0.0,5941120.5,828145.8
873/411.3256mz/7.67min,361544.16,340321.6,274354.0,407051.84,370492.12,470422.12
874/446.3626mz/7.67min,227787.81,358185.9,210890.77,345830.3,260246.73,441117.7
875/333.2424mz/7.69min,670599.9,1355808.8,929069.6,939447.2,669464.56,1015847.25
876/726.5038mz/7.71min,0.0,0.0,1533780.9,1477926.9,0.0,111317.32
877/704.5221mz/7.73min,0.0,0.0,33900950.0,25779330.0,0.0,3334887.2
878/705.5255mz/7.73min,0.0,0.0,14644033.0,9788124.0,0.0,1441646.0
879/637.3049mz/7.7min,479786.84,554370.06,410166.22,638883.75,626267.5,990283.5
880/654.3318mz/7.7min,1607099.4,2345791.8,1545502.0,2418467.0,2291750.0,3756549.0
881/659.2868mz/7.71min,170440.22,204016.95,124369.3,180287.67,164850.42,341503.9
883/394.3467mz/7.72min,236744.81,212545.66,165330.16,337628.8,318378.12,414191.88
885/328.3209mz/7.74min,59608.746,75554.695,31654.572,13753.703,30699.709,49177.22
887/429.3362mz/7.71min,305371.22,345248.53,176362.23,275633.38,224056.11,334239.6
888/408.3083mz/7.76min,956273.5,481584.44,232899.75,63559.21,395997.4,1193779.1
889/209.1536mz/7.76min,419242.38,392539.06,354362.12,126299.89,438959.44,816523.44
890/244.1907mz/7.76min,231036.73,216310.23,184812.64,47096.6,239404.75,453535.12
892/771.645mz/7.76min,189537.14,211581.81,123222.42,9532.871,256811.14,842750.25
893/226.1801mz/7.76min,1107256.5,1078110.6,927296.6,337273.4,1161242.5,2073702.6
894/250.1778mz/7.84min,134387.48,32559.898,4292.8784,0.0,27534.762,124961.63
900/413.3047mz/7.8min,298278.4,346156.4,59552.508,63736.832,179062.14,273561.2
901/201.07mz/7.8min,0.0,0.0,0.0,297521.1,0.0,0.0
903/449.3025mz/7.84min,342759.2,156740.0,4373.196,4837.634,74493.73,176420.75
904/731.5406mz/7.85min,0.0,0.0,117684420.0,67637656.0,4999.5503,217068.86
905/732.5456mz/7.85min,0.0,0.0,28450950.0,17369766.0,0.0,685120.9
906/733.5482mz/7.87min,0.0,0.0,5186522.0,3206521.0,0.0,332118.94
907/209.1536mz/7.82min,313996.75,202469.62,182395.8,119784.4,255107.5,438582.56
908/226.1801mz/7.84min,786039.7,511268.88,444993.28,219065.42,640593.25,1137606.6
909/228.1958mz/7.84min,1658968.0,1060506.2,962078.06,446604.53,1350639.9,2268384.2
910/244.1907mz/7.84min,942979.75,624816.4,540590.7,274954.34,803946.9,1340278.2
912/408.3083mz/7.81min,1541728.1,462225.28,213075.9,63559.21,432089.16,1277998.5
913/781.5541mz/7.84min,0.0,193619.98,33040.895,0.0,1823986.0,228042.44
914/754.5341mz/7.85min,0.0,176322.89,0.0,0.0,812860.6,256610.5
915/771.6449mz/7.81min,178041.1,141520.83,51069.625,9532.871,234159.88,587400.06
917/810.5972mz/7.84min,0.0,198305.4,151585.86,42644.793,227504.03,86093.28
921/730.5373mz/7.86min,0.0,4050.3003,257082110.0,253599020.0,173972.4,3430102.0
922/740.5199mz/7.84min,0.0,0.0,51528.184,298228.2,307026.06,120964.55
923/768.4938mz/7.86min,0.0,0.0,743040.75,1049401.8,0.0,28609.822
924/754.5289mz/7.86min,0.0,4288.193,1016383.2,1129651.0,0.0,239601.03
925/780.5511mz/7.86min,0.0,543249.06,16292.285,0.0,6570170.0,601971.0
926/782.5648mz/7.84min,0.0,2746503.0,68221.71,0.0,2259816.2,345679.16
927/427.3205mz/7.84min,491827.0,432942.88,119981.88,178510.5,276169.7,367943.97
928/411.3259mz/7.82min,113330.45,85118.24,31762.303,15975.33,35429.125,47151.53
929/752.5193mz/7.87min,0.0,0.0,9519264.0,11081174.0,0.0,1294123.1
930/173.1325mz/7.76min,173551.0,156210.97,151079.95,50423.43,202775.33,406959.94
931/191.143mz/7.76min,148827.73,138593.92,137837.88,41770.715,180497.62,359066.1
932/198.1852mz/7.76min,139466.8,128566.0,131613.23,42789.75,169410.86,337444.7
933/208.1696mz/7.76min,134376.83,123959.4,125242.64,34521.86,158591.84,341605.72
934/229.1991mz/7.84min,214817.75,130891.15,60367.105,55100.938,181543.72,313069.38
935/700.4882mz/7.84min,0.0,0.0,15181.198,32642.672,0.0,205295.7
936/726.504mz/7.85min,0.0,0.0,216819.19,242577.86,0.0,2015195.1
938/718.5375mz/7.83min,0.0,746863.8,1800351.8,7230801.5,5139526.5,1689063.4
939/719.5412mz/7.84min,0.0,168444.34,517799.53,2965223.5,2276704.0,565786.8
940/393.3151mz/7.86min,253885.72,118180.07,27070.965,21835.744,71449.31,184059.67
941/734.5685mz/7.86min,0.0,5531507.0,0.0,0.0,0.0,0.0
943/377.3201mz/7.88min,102595.74,72156.79,43782.832,42724.535,60583.375,95403.94
944/704.5217mz/7.85min,0.0,0.0,4791782.0,4004544.5,10824.957,18701744.0
946/338.3416mz/7.88min,200477.27,155384.19,25122.113,31368.51,130428.016,126470.32
947/395.3307mz/7.88min,296920.88,173956.53,126409.66,136628.66,185034.47,239108.4
948/554.1756mz/7.88min,639036.4,591799.7,581261.5,299882.03,681049.6,523597.53
953/746.5686mz/7.91min,3519.8906,9532179.0,862122.8,0.0,6313478.5,795034.75
954/786.5999mz/7.88min,43624.465,8650642.0,347290.56,0.0,11065338.0,2296431.8
955/284.2948mz/7.91min,339362.53,352613.88,326150.53,293504.72,280360.8,312088.88
956/315.2317mz/7.94min,98940.75,89666.43,43331.6,26513.44,83896.96,54245.74
958/744.5532mz/7.98min,0.0,5091.948,4262028.5,295360.38,1920341.8,712923.5
959/754.5338mz/7.92min,0.0,78477.984,0.0,0.0,754409.25,163849.4
960/780.5514mz/7.94min,0.0,405276.72,65014.52,0.0,5346733.5,243195.88
961/782.5652mz/7.94min,0.0,5259829.5,108974.664,0.0,1353456.5,162656.16
962/810.5973mz/7.92min,0.0,319715.75,263947.28,61967.637,309976.3,54916.504
963/427.3205mz/7.94min,88297.37,49489.773,27882.133,43141.586,45743.754,46481.152
964/726.504mz/7.94min,0.0,0.0,176098.7,144022.5,0.0,491601.78
965/783.5703mz/7.94min,0.0,2793063.2,31879.473,0.0,633445.7,82750.414
966/788.6151mz/7.94min,5559.608,10115479.0,5226828.0,1283043.2,3210774.5,936722.25
967/798.5383mz/7.94min,0.0,474686.34,0.0,0.0,63204.56,0.0
968/752.5193mz/7.94min,0.0,0.0,8343689.5,7536884.0,0.0,12489663.0
969/768.4935mz/7.94min,0.0,0.0,726098.2,617431.94,0.0,1087795.0
971/740.52mz/7.9min,0.0,0.0,27040.63,158679.28,98106.766,117523.45
973/754.5284mz/7.92min,0.0,12184.148,1010125.25,975935.8,0.0,1444087.8
976/730.5375mz/7.91min,0.0,3834.5234,109101320.0,115525020.0,81166.71,155751680.0
977/732.5441mz/7.9min,0.0,0.0,13100722.0,13462985.0,0.0,18948994.0
979/411.3256mz/7.98min,2481451.8,1808941.1,641000.7,768523.5,1652098.6,743275.06
980/776.2318mz/8.0min,0.0,0.0,72953.664,118185.68,0.0,0.0
981/310.3104mz/8.0min,536817.75,264302.72,378699.25,179409.97,362795.7,325982.56
982/393.3155mz/7.96min,46816.496,26344.21,5071.374,0.0,25379.527,11661.363
985/482.4049mz/8.05min,371767.75,482254.9,341368.7,332998.53,383691.8,308229.12
986/760.5836mz/8.02min,0.0,137443440.0,2741504.0,0.0,12247557.0,1748130.6
987/763.5955mz/8.06min,0.0,3194627.8,61918.516,4758.7017,33084.51,3566.2432
988/409.3099mz/8.06min,91183.28,62912.305,26519.855,20844.252,91219.73,20813.928
989/284.2948mz/8.06min,362306.44,244216.11,119568.05,43300.82,223309.78,129467.67
992/744.5532mz/8.07min,0.0,18186.87,661306.4,5175761.5,6475799.0,549445.0
993/712.4884mz/8.09min,0.0,0.0,2044395.8,2298988.2,0.0,913811.8
994/690.506mz/8.1min,0.0,5298.375,38434830.0,49318816.0,93006.75,24260722.0
995/692.5128mz/8.08min,0.0,0.0,3939007.2,3625246.5,0.0,2535643.0
996/131.5335mz/8.09min,156622.83,57802.555,65491.215,141773.81,67497.73,41465.85
997/112.0179mz/8.07min,352391.4,525682.5,83759.61,55263.27,129037.34,69246.93
998/336.326mz/8.1min,406702.88,189939.16,335083.03,136883.48,278710.06,261172.02
999/788.6152mz/8.1min,0.0,1014746.1,5889598.0,7804313.0,2615908.5,813246.0
1001/110.02mz/8.13min,7271506.5,7289523.0,928183.75,1542679.9,8210379.0,1855381.9
1003/746.5671mz/8.12min,0.0,1916639.6,3984846.8,56127.94,1653429.1,4326114.0
1004/411.3256mz/8.17min,743092.56,556628.5,254012.67,328594.97,634676.7,329431.47
1005/139.9879mz/8.18min,158370.67,93052.234,6405.865,30835.105,96881.74,10793.432
1006/712.4884mz/8.13min,0.0,0.0,279855.8,852595.8,0.0,2126431.2
1009/818.5898mz/8.26min,0.0,0.0,1740910.1,2520880.2,0.0,98474.26
1010/184.9855mz/8.19min,248891.22,227992.2,20301.648,158077.05,302800.88,583038.3
1011/550.6283mz/8.31min,1436886.4,187660.16,0.0,139163.92,128596.305,113882.32
1012/716.5223mz/8.26min,0.0,0.0,32892842.0,41665300.0,0.0,17887904.0
1013/784.5743mz/8.28min,0.0,1103933.4,46568.625,0.0,29113.395,89594.02
1014/628.1944mz/8.27min,597368.5,512555.03,737207.75,265247.47,825298.75,455143.38
1017/718.5295mz/8.25min,0.0,0.0,3716670.0,3462048.5,0.0,2310200.8
1018/783.5697mz/8.28min,0.0,4577969.5,401347.47,0.0,226558.5,371104.25
1019/782.566mz/8.28min,0.0,9607076.0,1024959.8,0.0,290124.7,857897.3
1020/768.4942mz/8.28min,0.0,0.0,45836.66,116632.16,0.0,169546.44
1021/753.523mz/8.28min,0.0,0.0,418761.47,906360.56,0.0,1181425.8
1022/810.5976mz/8.28min,0.0,80521.695,387185.84,27335.107,457227.78,5095.823
1024/780.5517mz/8.28min,0.0,60538.953,30463.885,0.0,600488.6,82043.18
1026/752.5193mz/8.28min,0.0,0.0,880030.25,1611264.2,0.0,2103908.0
1027/740.5141mz/8.28min,0.0,0.0,132498.16,247032.08,11283.488,49865.742
1028/852.7134mz/8.28min,0.0,997190.94,0.0,0.0,1362631.9,0.0
1029/754.5333mz/8.28min,0.0,3312.8726,1794686.9,6254254.5,325715.25,20765.879
1030/755.5368mz/8.28min,0.0,0.0,792021.3,921940.44,103774.24,4507.5215
1031/756.5459mz/8.28min,0.0,11546.606,138369.64,130168.19,8817.75,40403.523
1032/738.5039mz/8.29min,0.0,0.0,2813352.2,3658063.0,0.0,3114029.8
1033/739.5072mz/8.29min,0.0,0.0,1164403.1,1608240.1,0.0,1275775.5
1034/377.3201mz/8.29min,170012.5,254586.05,73274.64,90253.34,187190.58,163312.45
1035/420.347mz/8.29min,394474.8,329117.72,112439.54,143157.94,510324.62,290658.56
1036/429.3361mz/8.29min,130468.99,99448.586,32633.213,45585.992,87297.06,47175.625
1037/393.3151mz/8.29min,762532.5,592296.75,164977.36,197478.9,591681.25,409232.06
1038/395.331mz/8.29min,374518.25,296352.72,175388.39,223838.31,285892.03,193743.78
1039/411.3257mz/8.29min,111997.81,75522.72,26676.021,47266.82,99625.42,66306.67
1040/853.7227mz/8.3min,0.0,1206666.5,0.0,0.0,1042152.5,0.0
1041/851.7092mz/8.3min,0.0,1670032.1,0.0,0.0,2305476.5,0.0
1042/770.5083mz/8.3min,0.0,0.0,183618.61,236759.94,0.0,0.0
1043/794.7225mz/8.31min,750367.56,0.0,0.0,0.0,0.0,0.0
1044/706.5377mz/8.32min,0.0,0.0,4328644.0,4164399.0,0.0,0.0
1045/760.584mz/8.29min,0.0,21428268.0,18703440.0,0.0,3340238.5,12852424.0
1048/312.3261mz/8.36min,131107.78,112375.62,73733.164,50996.953,113763.19,131278.47
1049/733.5552mz/8.33min,0.0,48001.836,26540758.0,30157228.0,649324.3,33143.938
1050/734.56mz/8.35min,0.0,0.0,7094748.5,7693355.5,65335.934,0.0
1052/732.5532mz/8.33min,0.0,146050.92,58683416.0,67667576.0,1583339.9,0.0
1053/846.7537mz/8.37min,0.0,5262442.5,0.0,0.0,6351463.0,0.0
1054/838.7482mz/8.44min,0.0,284902.06,63059.6,0.0,1734988.8,29503.07
1057/818.7228mz/8.4min,0.0,763831.6,26367.016,0.0,0.0,567137.8
1058/864.7632mz/8.45min,0.0,105863.47,37852.76,0.0,305041.94,25588.137
1059/735.5632mz/8.37min,0.0,0.0,652884.7,1331325.5,0.0,0.0
1060/340.3483mz/8.41min,508085.6,299764.06,465964.6,218673.11,385925.16,478324.72
1061/250.1776mz/8.41min,52908.54,0.0,0.0,0.0,19512.605,6299.6875
1062/338.3418mz/8.41min,18345388.0,11101377.0,17126908.0,8175961.5,13874206.0,17629914.0
1063/675.6758mz/8.41min,1707630.1,998454.7,1347071.4,530324.44,1374262.5,1493086.5
1064/228.1958mz/8.41min,174154.2,82361.32,61105.668,34275.71,130764.51,86619.266
1065/391.2842mz/8.44min,505143.25,395961.47,206668.28,222012.55,409312.47,349605.38
1068/849.7719mz/8.48min,0.0,2080241.6,0.0,0.0,626943.9,0.0
1072/924.268mz/8.48min,228135.66,257876.8,638653.4,984716.06,194624.73,207727.5
1075/818.7226mz/8.5min,0.0,737445.3,89708.24,0.0,0.0,955392.1
1076/770.5088mz/8.49min,0.0,0.0,223049.86,494769.16,0.0,0.0
1077/312.3261mz/8.5min,163947.53,121183.05,54214.45,28890.309,104916.71,63885.96
1078/846.7537mz/8.51min,0.0,6120533.5,0.0,0.0,7725884.0,0.0
1080/838.7484mz/8.51min,0.0,739147.4,291512.03,0.0,3021855.2,171675.14
1083/702.2129mz/8.56min,540549.0,570337.94,700885.9,397697.25,779895.4,534394.25
1088/689.1983mz/8.62min,0.0,0.0,1917276.6,2224443.0,0.0,0.0
1089/690.1978mz/8.62min,0.0,0.0,571293.56,696475.6,0.0,0.0
1090/684.2025mz/8.63min,37534.695,85890.08,61311270.0,71180860.0,85113.95,74603.445
1093/687.201mz/8.62min,0.0,0.0,13666789.0,15913064.0,0.0,0.0
1096/710.2182mz/8.63min,0.0,0.0,2259429.2,2631347.2,0.0,0.0
1098/146.9803mz/8.64min,17441036.0,15399770.0,14637198.0,12952121.0,13913352.0,16634654.0
1099/144.9822mz/8.65min,38669720.0,34776324.0,28158360.0,28671944.0,30982890.0,33439558.0
1100/338.3417mz/8.65min,48609.22,39876.18,8255.548,16699.96,39948.938,37866.26
1101/131.5335mz/8.63min,405537.44,14508.487,0.0,36667.273,34793.234,5557.838
1102/981.2786mz/8.71min,31743054.0,29623432.0,5736980.0,5744175.5,0.0,26236840.0
1104/111.0202mz/8.67min,2129466.5,532977.94,114679.836,159955.19,741711.56,220963.44
1105/112.0179mz/8.65min,814643.44,32639.832,41970.78,63211.24,42438.234,99844.48
1106/982.277mz/8.71min,29289848.0,27378262.0,9468403.0,15303588.0,0.0,24290080.0
1108/980.2778mz/8.71min,33355976.0,31208452.0,10790431.0,17433022.0,0.0,27614362.0
1110/393.3152mz/8.72min,37806.41,38584.645,56355.934,55989.594,66033.57,63826.734
1111/864.7642mz/8.72min,0.0,911615.9,230309.33,0.0,3461837.2,30209.543
1112/184.9855mz/8.72min,4276074.5,2081776.4,996373.1,2063687.8,2409627.0,1312281.5
1113/139.9879mz/8.7min,1084345.1,247841.67,16030.936,367004.22,319084.94,221823.02
1115/377.3201mz/8.69min,11364.896,58275.09,4790.593,6604.374,157229.64,60317.98
1116/201.9757mz/8.7min,1570547.1,260271.4,23366.557,129204.64,157097.62,178182.67
1117/656.5093mz/8.76min,8732.719,74374.74,0.0,437053.97,12476.088,0.0
1118/661.4645mz/8.76min,16856.46,103575.24,4971.8115,552579.56,0.0,5553.3574
1119/546.4303mz/8.76min,449030.72,424474.3,451540.25,117787.06,594978.7,297777.78
1121/776.2316mz/8.8min,271148.03,347814.5,418581.34,290681.47,394593.8,334002.94
1122/850.271mz/8.8min,0.0,0.0,652642.75,662112.56,0.0,0.0
1123/836.7322mz/8.8min,0.0,0.0,10647.84,106907.56,0.0,5278.3203
1124/848.271mz/8.81min,0.0,0.0,1012418.44,1033099.56,0.0,0.0
1126/394.3225mz/8.82min,654822.9,273051.34,146095.84,489908.4,331145.53,192626.02
1127/841.6882mz/8.82min,0.0,0.0,177281.89,379509.16,0.0,127028.84
1129/1072.3076mz/8.83min,1522611.8,1858196.8,3503198.0,3455883.5,1742296.9,1954333.8
1130/1073.3084mz/8.83min,1582908.9,1901026.4,3571593.2,3520643.0,1802908.9,1993616.0
1131/1074.3069mz/8.83min,1535107.8,1864529.9,3491090.5,3426548.0,1743504.1,1950055.1
1134/924.2678mz/8.86min,0.0,0.0,89302.2,94180.72,0.0,0.0
1136/377.3201mz/8.89min,1032192.1,652542.6,177938.45,369289.4,716929.06,323042.38
1137/393.3151mz/8.9min,530919.5,356079.97,280336.03,341351.22,440294.4,407531.72
1138/908.2379mz/8.92min,0.0,0.0,2874251.0,2930132.8,0.0,0.0
1139/909.2386mz/8.92min,0.0,0.0,2469205.8,2491182.8,0.0,0.0
1140/910.2369mz/8.92min,0.0,0.0,2220510.8,2221610.5,0.0,0.0
1141/911.2366mz/8.92min,0.0,0.0,1232577.8,1218490.4,0.0,0.0
1142/870.7235mz/9.01min,0.0,2357435.2,597337.75,0.0,1296617.5,155231.72
1143/394.3226mz/9.01min,32644.04,5544.6504,0.0,30576.158,12818.83,0.0
1145/869.72mz/9.01min,0.0,4123762.2,2535882.0,0.0,4881413.5,478230.84
1146/521.381mz/9.01min,0.0,0.0,0.0,555775.8,0.0,0.0
1147/761.6262mz/9.01min,0.0,0.0,424305.4,997818.8,0.0,460772.7
1148/801.621mz/9.01min,0.0,0.0,230327.44,963190.3,0.0,210361.94
1149/794.7197mz/9.05min,4981026.5,0.0,26473.812,0.0,6083.8735,0.0
1150/799.6775mz/9.05min,9051329.0,0.0,169242.33,14068.484,0.0,36847.727
1151/815.6521mz/9.01min,1147105.5,0.0,10492.066,0.0,0.0,0.0
1152/841.6877mz/9.03min,0.0,0.0,26521.12,198781.33,90819.68,16496.068
1153/689.4962mz/9.02min,31750.24,911663.3,0.0,1455812.6,3826.5352,3117.8403
1154/851.7091mz/9.01min,0.0,2041789.2,0.0,0.0,2311286.0,0.0
1155/852.7126mz/9.01min,0.0,1305486.9,0.0,0.0,1342199.1,0.0
1156/853.7242mz/9.04min,0.0,1901114.5,5466.5415,0.0,1296777.9,41068.906
1158/772.6502mz/9.03min,0.0,994866.6,713356.9,0.0,1573138.9,1005894.2
1159/377.3202mz/9.02min,1075525.1,509338.2,482327.72,927501.7,576378.94,515187.44
1160/771.6468mz/9.02min,0.0,2632344.2,1910253.9,0.0,3123962.0,4018061.2
1162/395.3307mz/9.02min,759323.25,411987.78,371238.5,604482.3,440305.03,470507.7
1163/754.5351mz/9.03min,0.0,0.0,1908455.8,987199.4,0.0,0.0
1165/782.5663mz/9.04min,0.0,205410.14,365611.03,0.0,0.0,178408.16
1166/481.2922mz/9.04min,1952358.2,1575929.9,1392546.8,1847321.1,1447305.5,1689750.0
1167/380.3392mz/9.03min,124357.08,107110.65,105648.88,111433.7,100983.29,122543.85
1168/497.2663mz/9.04min,284667.6,261248.12,282645.7,317152.2,245250.53,284067.25
1169/827.7088mz/9.03min,1046745.3,0.0,132655.39,0.0,0.0,863977.75
1170/315.2318mz/9.04min,112454.695,11149.202,22296.398,18809.555,57018.54,46845.195
1172/879.7404mz/9.04min,7410.213,709943.5,15259.132,63798.688,361639.78,0.0
1173/846.7538mz/9.04min,0.0,175276.52,0.0,0.0,301455.84,0.0
1174/849.7725mz/9.04min,0.0,271582.28,0.0,0.0,85044.7,0.0
1176/907.7716mz/9.07min,0.0,0.0,0.0,1611828.9,0.0,0.0
1177/908.7753mz/9.07min,0.0,0.0,0.0,915814.2,0.0,0.0
1178/848.7682mz/9.07min,0.0,196728.78,0.0,0.0,460786.8,0.0
1179/825.6934mz/9.05min,148182.66,58253.402,588235.3,0.0,68431.914,0.0
1180/792.7069mz/9.07min,0.0,163766.2,114245.65,0.0,482956.5,125814.62
1181/797.6635mz/9.06min,0.0,660866.75,656419.25,4857.778,1097710.6,885216.5
1182/826.697mz/9.07min,69320.586,5940.62,312304.0,0.0,0.0,0.0
1183/864.7643mz/9.02min,0.0,60844.105,52980.055,0.0,124186.25,5157.6055
1184/787.643mz/9.08min,0.0,0.0,756931.06,1509512.4,0.0,512910.75
1185/924.2686mz/9.08min,0.0,0.0,94983.23,147278.88,4852.3965,8538.275
1186/925.2698mz/9.08min,0.0,0.0,81001.62,116282.59,0.0,0.0
1187/789.6571mz/9.08min,0.0,0.0,513326.56,1286583.2,0.0,477409.8
1188/803.6369mz/9.03min,0.0,0.0,139537.44,1159794.5,0.0,164420.86
1190/926.2682mz/9.08min,0.0,0.0,81685.94,109575.75,0.0,0.0
1193/980.2777mz/9.1min,1355924.4,1094574.1,1056863.1,1463445.2,0.0,1137738.9
1196/998.2873mz/9.11min,210539.17,210639.73,716133.8,896281.94,169206.81,216463.27
1198/999.2885mz/9.11min,199061.88,194213.67,680705.4,868350.0,159641.92,202428.88
1199/546.4304mz/9.14min,3060307.8,3578930.2,3679279.2,2600099.5,3765163.5,2648939.8
1200/647.4856mz/9.17min,1408467.6,1072216.2,880061.0,1117273.2,1096252.6,1021350.9
1201/663.4587mz/9.17min,77449.31,71369.47,110893.984,103880.88,73031.63,79689.26
1202/924.2699mz/9.24min,8955.385,11810.482,50908.28,51875.125,0.0,29855.166
1203/925.2695mz/9.2min,0.0,0.0,41630.312,42398.65,0.0,0.0
1204/794.721mz/9.25min,1081114.2,0.0,74762.59,0.0,0.0,0.0
1205/848.7684mz/9.22min,0.0,165567.5,0.0,0.0,245028.92,0.0
1206/792.707mz/9.26min,0.0,431366.0,303858.4,0.0,3027513.5,319946.4
1208/546.4303mz/9.31min,135327.38,192655.27,159466.1,107032.375,208120.1,138242.1
1209/932.2739mz/9.31min,1623033.0,1613797.5,0.0,0.0,0.0,1533379.9
1210/909.2572mz/9.33min,13038005.0,12872180.0,0.0,0.0,6060.494,12885839.0
1211/910.2559mz/9.34min,6685766.5,6723696.5,0.0,0.0,0.0,6714335.5
1212/911.2561mz/9.34min,2769361.8,2716142.2,0.0,0.0,0.0,2719771.8
1213/906.2587mz/9.34min,29653048.0,29214458.0,0.0,0.0,194687.75,29343214.0
1215/998.2871mz/9.38min,0.0,0.0,56041.99,53991.586,0.0,0.0
1217/926.268mz/9.42min,46740.848,75881.69,121314.305,74028.37,71335.41,74508.66
1218/924.269mz/9.43min,118853.4,156495.36,179635.25,116100.62,102152.27,154517.0
1219/925.2696mz/9.43min,69164.47,102618.07,145311.61,93760.1,85359.13,103623.195
1220/836.7327mz/9.44min,0.0,0.0,1722780.1,3012552.5,0.0,159330.7
1222/841.6894mz/9.43min,0.0,0.0,2633509.2,5333890.0,41695.086,1910003.1
1223/743.6156mz/9.47min,0.0,729202.0,511076.3,0.0,2456014.5,493402.2
1224/842.6922mz/9.46min,0.0,0.0,1455055.0,1819316.4,0.0,720071.1
1225/738.6602mz/9.47min,0.0,631041.2,711586.06,0.0,3368020.8,97457.586
1226/820.7341mz/9.5min,1017804.25,0.0,3094570.5,0.0,18770.797,14266.978
1227/649.5012mz/9.53min,767247.5,479134.66,440865.2,714124.7,475486.62,417063.16
1228/675.5167mz/9.56min,1558271.0,920653.0,866517.8,1358217.9,856468.3,830080.9
1229/998.2874mz/9.57min,0.0,17669.365,192570.25,236430.12,12636.59,22378.854
1232/708.6134mz/9.6min,0.0,0.0,504318.4,930490.75,0.0,292826.97
1233/713.5688mz/9.62min,0.0,0.0,374058.7,1433210.8,0.0,272258.06
1234/825.6933mz/9.64min,4307504.0,0.0,3104920.5,0.0,0.0,0.0
1235/587.4644mz/9.64min,678938.75,359724.72,341983.72,777706.1,367869.4,331753.2
1236/377.3202mz/9.64min,0.0,237636.02,203336.2,60014.01,295035.53,160557.52
1237/827.7033mz/9.63min,1583285.9,0.0,176235.89,0.0,0.0,0.0
1238/613.4224mz/9.65min,728376.8,425009.9,413037.94,1025151.2,400090.0,394731.06
1239/823.678mz/9.65min,0.0,7336258.0,952193.7,0.0,5697549.0,6272164.5
1240/608.4671mz/9.66min,396891.16,258196.33,274748.03,485504.94,265598.7,230823.17
1241/764.6757mz/9.71min,0.0,714026.3,614569.56,0.0,2251497.8,436459.0
1243/869.7205mz/9.69min,0.0,62305.734,0.0,0.0,396403.94,0.0
1244/818.7227mz/9.73min,0.0,6651686.0,2366176.0,0.0,6346289.0,5535864.5
1245/820.7376mz/9.76min,7731178.0,0.0,1004913.5,0.0,0.0,0.0
1246/1128.3159mz/9.76min,0.0,6087272.5,0.0,0.0,6539408.5,0.0
1247/1129.3166mz/9.76min,0.0,6712250.0,0.0,0.0,7151596.5,0.0
1248/1130.3147mz/9.76min,0.0,6996168.5,0.0,0.0,7242120.0,0.0
1249/1131.3139mz/9.76min,0.0,4910581.0,0.0,0.0,4839283.0,0.0
1250/1132.3121mz/9.76min,0.0,3114183.8,0.0,0.0,2926978.0,0.0
1251/377.3202mz/9.78min,0.0,911155.5,360724.0,102490.33,312525.78,474529.25
1252/846.7539mz/9.78min,0.0,0.0,451544.62,0.0,0.0,0.0
1255/1074.3065mz/9.81min,171581.22,211660.25,423589.75,373134.12,155230.58,203530.61
1257/1072.3057mz/9.82min,167549.17,206285.47,399724.38,377856.44,149791.45,202286.11
1258/1073.3074mz/9.82min,180969.55,218483.97,413819.16,394996.84,162991.88,212795.8
1261/610.1839mz/9.82min,2236616.2,2860288.8,646011.44,1916134.8,1799378.1,1790454.2
1264/784.2366mz/9.87min,0.0,0.0,2567874.5,2968303.0,0.0,0.0
1266/1146.3259mz/9.87min,913672.56,1229718.5,1286834.1,1032101.5,1142801.5,1362806.8
1269/758.2214mz/9.87min,0.0,0.0,34480764.0,33922796.0,0.0,0.0
1272/761.2197mz/9.87min,0.0,0.0,9914109.0,9691961.0,0.0,0.0
1273/762.218mz/9.87min,0.0,0.0,4527833.0,4483469.5,0.0,0.0
1274/763.2177mz/9.87min,0.0,0.0,1629418.2,1608472.1,0.0,0.0
1276/1147.3268mz/9.87min,1010159.3,1330412.8,1407827.5,1117300.8,1251858.1,1503304.9
1277/787.2349mz/9.87min,0.0,0.0,699893.4,842915.44,0.0,0.0
1278/1148.3256mz/9.87min,1010656.44,1336483.4,1409644.4,1109735.0,1252316.4,1490477.6
1280/779.1501mz/9.87min,0.0,0.0,383852.78,1054622.6,0.0,0.0
1283/682.5765mz/9.96min,0.0,0.0,563775.0,870402.9,0.0,856820.75
1284/832.2399mz/9.97min,850548.6,686272.4,590597.5,644523.2,0.0,1085609.8
1286/377.3202mz/9.97min,0.0,213126.97,185581.95,118431.445,43938.28,1277942.0
1287/736.6444mz/9.99min,0.0,0.0,918192.3,1731286.0,0.0,984894.7
1288/846.7538mz/10.0min,0.0,0.0,712266.75,0.0,0.0,0.0
1289/90.9766mz/9.99min,415365.56,251695.27,10318.33,385582.84,293511.0,144412.62
1290/741.6mz/10.0min,0.0,0.0,524599.56,1326928.0,0.0,580760.9
1291/836.7322mz/10.01min,0.0,0.0,0.0,73609.57,0.0,0.0
1293/851.7092mz/10.02min,0.0,0.0,943898.1,0.0,0.0,0.0
1294/982.2568mz/10.03min,0.0,0.0,888809.8,621281.25,0.0,0.0
1298/663.4535mz/10.08min,5718266.0,5979823.0,5232506.5,5352694.0,5591978.0,5520492.0
1300/680.48mz/10.09min,7854346.0,7987854.0,6523747.0,7224912.0,7527200.0,7111248.0
1301/737.5458mz/10.08min,1209678.5,1179940.0,1147714.6,1143950.5,1175975.8,1275327.5
1302/736.5424mz/10.09min,2370118.0,2408731.2,2292253.0,2260860.8,2421758.8,2578200.5
1303/706.4956mz/10.1min,4437534.5,4431381.0,3931063.2,4057186.8,4315943.5,4147613.8
1304/681.4833mz/10.08min,3509852.8,3582454.5,3066860.0,3390915.2,3428927.2,3314116.2
1305/685.4352mz/10.13min,5240031.5,5384212.0,3816831.2,4718897.5,4939480.0,4614843.0
1306/686.4385mz/10.12min,1625901.1,2108867.8,1559729.5,2172328.5,2009924.4,1960711.2
1308/983.2573mz/10.14min,0.0,0.0,124601.164,137405.16,0.0,0.0
1311/1130.315mz/10.16min,0.0,421330.53,0.0,0.0,436012.8,0.0
1312/823.6778mz/10.17min,0.0,723195.75,77010.5,0.0,578325.6,456547.16
1313/741.5999mz/10.17min,0.0,0.0,253408.56,624559.8,0.0,341486.03
1315/1128.3159mz/10.17min,0.0,383831.7,0.0,0.0,394966.9,0.0
1316/1129.3166mz/10.17min,0.0,422659.84,0.0,0.0,423574.0,0.0
1318/851.7091mz/10.17min,0.0,0.0,937605.75,0.0,0.0,0.0
1319/144.9822mz/10.17min,7636656.5,6014458.5,4794500.5,7197035.0,6186370.5,7780416.5
1321/737.6478mz/10.19min,0.0,0.0,103793.49,196931.11,0.0,34452.617
1322/589.48mz/10.18min,1329539.1,1282058.1,525304.8,838883.06,1114044.9,818173.0
1323/846.7538mz/10.19min,0.0,0.0,806771.8,0.0,0.0,0.0
1324/736.6437mz/10.19min,0.0,0.0,212961.44,415672.3,0.0,184202.39
1325/820.7377mz/10.19min,548282.4,0.0,82319.87,0.0,0.0,0.0
1326/825.6885mz/10.18min,837842.3,13295.264,91423.24,0.0,7060.3643,5496.7334
1327/980.2776mz/10.19min,0.0,0.0,0.0,0.0,831874.0,0.0
1330/827.7049mz/10.19min,202997.34,0.0,0.0,0.0,0.0,0.0
1332/818.7232mz/10.2min,0.0,364073.97,66170.45,0.0,305137.6,240501.2
1335/615.4955mz/10.23min,2182256.8,2096653.1,441451.7,601314.7,2128149.2,1180630.9
1337/752.5194mz/10.26min,0.0,0.0,1027026.5,2071857.4,0.0,2630107.2
1339/755.0366mz/10.28min,0.0,0.0,235595.92,1452819.2,0.0,0.0
1340/831.4987mz/10.27min,0.0,729309.5,549791.2,0.0,1567779.2,473232.8
1341/859.5296mz/10.27min,0.0,1350688.1,401004.3,0.0,887395.0,1477024.1
1342/782.5648mz/10.27min,0.0,8723049.0,4344592.0,102734.93,987109.7,6019972.0
1343/753.5236mz/10.27min,0.0,0.0,512143.47,1196958.1,0.0,1108675.5
1344/881.5114mz/10.27min,0.0,435602.5,92563.12,0.0,286387.6,431285.56
1346/810.5973mz/10.26min,0.0,300887.16,1517913.5,292929.72,1141674.1,113542.516
1347/754.5346mz/10.29min,0.0,55529.98,11984793.0,22948240.0,664771.3,987400.94
1348/90.9766mz/10.28min,1107538.2,677817.06,282108.38,505480.56,700608.5,485212.8
1349/739.5073mz/10.28min,0.0,0.0,789675.5,1321910.6,0.0,987790.3
1350/738.5039mz/10.28min,0.0,0.0,1827686.0,3051261.8,18152.66,2322436.5
1351/158.9641mz/10.28min,405251.16,147486.4,12748.369,67465.96,153349.05,62299.69
1352/822.5223mz/10.28min,0.0,0.0,437587.56,1433780.9,0.0,0.0
1353/712.4881mz/10.28min,0.0,0.0,299297.1,576264.56,10950.437,379820.2
1354/226.9515mz/10.28min,1408202.2,435485.88,59935.37,197190.75,439936.56,219374.3
1355/631.4693mz/10.27min,1741758.1,1298768.8,210827.89,273385.12,1423523.8,705406.2
1356/716.5221mz/10.31min,0.0,92071.12,6721358.0,9208802.0,151642.45,8244833.0
1357/690.5061mz/10.29min,0.0,61494.453,1682705.6,2173282.8,146544.75,1957584.5
1358/781.554mz/10.28min,0.0,53598.137,1200188.0,1014059.5,994397.1,44054.145
1359/768.4938mz/10.29min,0.0,0.0,113367.16,344154.8,0.0,488576.25
1362/770.5087mz/10.31min,0.0,0.0,1798030.8,4109387.0,127801.39,121677.87
1364/740.5172mz/10.28min,0.0,24385.314,543374.2,1448722.5,190652.78,263268.2
1365/780.5509mz/10.28min,0.0,153081.08,2441725.0,2959675.0,2065169.6,94471.87
1366/744.5517mz/10.31min,0.0,24760.25,258779.1,726434.25,319463.3,23363.965
1367/798.5384mz/10.29min,14915.799,1671937.4,611549.0,0.0,217331.16,1181537.0
1368/771.5128mz/10.29min,270634.8,0.0,775494.6,1799258.0,24299.775,85523.91
1369/741.5213mz/10.29min,0.0,0.0,94200.695,525649.4,59371.445,5469.6123
1373/704.5214mz/10.34min,0.0,0.0,52009.438,87064.37,0.0,345572.3
1375/663.4521mz/10.37min,170037.77,214218.4,19901.275,19887.066,168699.44,62304.062
1377/763.5943mz/10.36min,0.0,716224.75,198704.94,0.0,63025.13,483619.6
1380/730.5375mz/10.33min,0.0,9459.736,3168679.2,4693824.0,121061.37,8529135.0
1381/731.541mz/10.33min,0.0,0.0,1477006.0,2040427.4,6090.506,3868241.8
1383/706.5379mz/10.35min,0.0,0.0,726479.2,1023577.75,0.0,1750069.5
1384/786.6004mz/10.35min,0.0,905228.6,457858.06,0.0,1317964.9,783614.25
1385/760.5839mz/10.35min,0.0,30968244.0,22335590.0,0.0,3624822.5,26622900.0
1386/732.5534mz/10.35min,0.0,143827.22,55271468.0,79478710.0,2850959.2,18259478.0
1387/735.5633mz/10.37min,0.0,0.0,507459.5,1671363.8,0.0,341749.8
1388/746.5691mz/10.35min,4967.4062,741429.06,167060.8,0.0,768358.1,605862.94
1389/762.5915mz/10.35min,0.0,3148920.5,2626181.2,0.0,447678.97,1614110.1
1390/733.5567mz/10.36min,0.0,80048.32,17431286.0,36122560.0,1279543.0,8215990.0
1391/718.5364mz/10.34min,66584.195,68509.28,7130717.5,13877830.0,783628.3,145384.4
1392/788.6154mz/10.36min,0.0,970889.8,4123509.8,953592.8,4076876.2,377816.1
1393/719.5401mz/10.33min,0.0,4863.167,2142419.0,6048248.5,337267.72,28602.295
1394/734.5638mz/10.36min,0.0,286498.1,0.0,0.0,54199.26,284167.22
1395/634.444mz/10.37min,372225.75,504379.72,333404.7,390845.78,852391.06,494809.0
1396/734.5616mz/10.35min,0.0,12761.548,4418913.0,6321039.0,328069.0,2230017.5
1398/762.5271mz/10.4min,0.0,2554430.5,412999.5,0.0,1812617.0,2036563.9
1399/759.5724mz/10.38min,0.0,151117.14,12369838.0,13903526.0,3160577.2,166393.52
1400/154.9902mz/10.43min,663133.6,316575.38,1984547.8,1573524.4,656682.06,772688.56
1402/758.569mz/10.37min,0.0,361690.9,25912510.0,29107084.0,6518519.5,726052.1
1403/110.02mz/10.41min,8090847.5,8484945.0,11015573.0,8706954.0,7412396.5,8495728.0
1404/734.4973mz/10.4min,0.0,45823.03,1922967.2,0.0,280113.75,0.0
1405/182.9851mz/10.43min,1948124.1,1880538.0,2415182.8,1977263.0,1660349.0,1792474.6
1406/112.0179mz/10.44min,3091126.5,3062900.0,3176359.8,3492570.2,3093233.5,3098290.8
1407/184.9855mz/10.44min,1076476.8,984332.1,1051776.9,1149842.4,949469.0,955336.2
1408/113.9636mz/10.43min,280581.88,465841.53,357756.75,75277.53,838482.2,962120.06
1409/111.0202mz/10.44min,8019495.5,7834245.0,8275968.0,9082996.0,8024344.0,7945497.5
1410/131.5335mz/10.44min,979353.8,834569.1,1008744.6,1137957.4,921776.0,934867.06
1412/139.9879mz/10.44min,796935.8,646118.75,679809.5,833073.06,682784.94,675898.1
1414/379.3358mz/10.47min,74683.35,179687.3,322509.44,307714.6,148126.9,86761.72
1415/89.5067mz/10.46min,3121094.2,4038837.2,4362821.5,3710664.8,3404151.0,3014305.5
1416/141.9586mz/10.45min,322621.7,184082.25,644538.75,196196.38,245602.02,397164.8
1417/201.9757mz/10.49min,128413.93,134243.23,139711.6,156657.88,141788.61,139694.88
1419/81.5205mz/10.6min,1298430.9,2048135.9,2801214.8,1910656.9,2001832.1,3097914.5
1420/102.0338mz/10.6min,2721007.0,3663893.2,5065212.0,3584816.8,4494014.0,5038657.0
1422/89.5067mz/11.26min,872979.8,705397.06,3885134.8,4159916.0,488180.7,722313.3
