"MetaboAnalyst_ID","X2024_POS_CC_1_Run20.mzML","X2024_POS_CC_2_Run47.mzML","X2024_POS_CC_3_Run61.mzML","X2024_POS_CC.VPA_1_Run26.mzML","X2024_POS_CC.VPA_2_Run35.mzML","X2024_POS_CC.VPA_3_Run76.mzML","shared_name"
"99/244.1907mz/2.1min",1.71338514659634,1.71224077042646,1.76760129323663,1.63401193477895,1.82748874707734,1.74442834383589,"99"
"100/99.5121mz/2.11min",1.62716009065347,1.94450163605383,1.92388068015673,1.95147806585692,1.49585534894476,1.85831468360423,"100"
"101/181.0971mz/2.12min",2.10754253590843,2.04314670929884,2.09114550838778,2.15417069561606,2.38059679954779,2.10643475006317,"101"
"102/245.0954mz/2.12min",2.76940586788214,2.71704627785297,2.76178218217144,2.81265634396857,3.0508594017081,2.77659445811375,"102"
"104/184.1695mz/2.21min",2.44730559895361,2.43621546202154,2.48871422774875,2.36278980170689,2.53298748334781,2.46912870491566,"104"
"105/217.1247mz/2.25min",1.84508669617924,1.84374805083273,1.8358843240601,1.84689244645469,1.78315584211775,1.79574929417338,"105"
"106/218.1281mz/2.25min",2.98053646401483,2.98108378019937,2.96668951151658,2.98266662117861,2.92023535154258,2.92365528312282,"106"
"107/200.1046mz/2.25min",2.9119661477898,2.91333379525899,2.8920173382167,2.92057403798868,2.84263818598291,2.84709918623805,"107"
"109/195.1227mz/2.29min",1.9751100032487,1.95438151236626,1.90071260510044,1.93664266507818,1.99862496561829,1.92992042321349,"109"
"110/244.2012mz/2.36min",2.4805560676536,2.22541005880855,2.2145010247108,2.47825039028948,2.43182116211173,2.43115720684874,"110"
"112/302.1961mz/2.37min",1.91576498556075,1.79695781773075,1.81788790666995,1.82296527668112,1.92967051047855,1.68371163085816,"112"
"113/244.2012mz/2.51min",1.65609606193882,1.63373025844343,1.62247559952774,1.65459205978131,1.61256785441351,1.62654375348201,"113"
"115/316.2117mz/2.58min",1.86921670269236,1.87871571634573,1.82834709015329,1.63242619558501,1.66769980195019,1.67568715664903,"115"
"116/261.1234mz/2.6min",2.7277076001527,2.68402611958369,2.68173464804416,2.76180034278684,2.98387586008518,2.67250202691963,"116"
"117/180.1019mz/2.66min",1.63797625197028,1.59524301141868,1.66187220910065,1.72389385338407,1.90034694732426,1.58445653924664,"117"
"118/259.2202mz/2.66min",1.80193283212625,1.78769197615209,1.77244978969042,1.79782591097911,1.79147285290427,1.78458314889237,"118"
"119/130.159mz/2.69min",1.77326315248789,1.75889727431486,1.73808298127383,1.73539003635294,1.86367648570186,1.72820344299606,"119"
"120/185.0855mz/2.7min",2.04516866095512,1.8563514833385,1.69871770447695,1.96132449237134,1.99641974772307,2.08209921891476,"120"
"121/197.1285mz/2.71min",2.50719160578466,2.4826467423038,2.5151120486856,2.56069686431388,2.82912155670192,2.49975325661173,"121"
"123/316.2118mz/2.74min",2.18480928761602,2.20060444396062,2.20764035081733,1.96106448087743,2.01288699358629,2.02789780289942,"123"
"127/272.1856mz/2.82min",2.24980178891836,2.25749092012424,2.2444254703441,2.127697471394,2.19663875954417,2.12968722107342,"127"
"128/120.0443mz/2.82min",1.92006983250642,1.54582553288705,1.69439372674954,1.56362566658255,1.66590206539048,1.58330669328831,"128"
"129/138.0549mz/2.82min",1.93371083998032,1.5571636491649,1.7108506227775,1.57482157004636,1.6819624598524,1.58956159649181,"129"
"132/183.0917mz/2.96min",2.03344321224407,1.84808222387111,1.87272396391022,1.88873275951718,2.13741382580716,1.98407191758794,"132"
"134/211.1441mz/3.14min",2.60650405822322,2.56730048234827,2.57587698173801,2.65080191337791,2.87180645865994,2.55639473784433,"134"
"135/211.144mz/3.24min",2.65341641455153,2.6082497477691,2.64956005074062,2.71699980471102,2.96462351093515,2.66963788125902,"135"
"136/245.1284mz/3.26min",2.29991671645657,2.257763782217,2.26999567605132,2.34743595166741,2.58510502861427,2.25508520051256,"136"
"137/214.0498mz/3.32min",2.79606463455187,2.71615829274995,2.93572918236939,2.71416819106873,3.134773827984,3.00154538430022,"137"
"139/215.053mz/3.31min",1.89377003269472,1.83485720244086,2.06079702007627,1.84313277976687,2.2287370415978,2.11389149450109,"139"
"140/182.1903mz/3.35min",1.71855698267149,1.69266784998683,1.62172404246446,1.6566254394065,1.68789715251813,1.48305050130578,"140"
"141/245.1284mz/3.39min",2.66735430354494,2.61057222426677,2.63315655622027,2.710809332118,2.94885775673655,2.59423546005472,"141"
"143/228.2321mz/3.46min",1.72742879367514,1.72141931773995,1.75503258878476,1.67584323145357,1.75934441659495,1.67630731973402,"143"
"144/264.1335mz/3.47min",2.18070087869374,2.00148100713793,2.05847110687101,2.09286880115393,2.14898808198217,2.18203584536416,"144"
"148/215.053mz/3.54min",2.54926362371189,2.41357033991661,2.63065800589943,2.49347284433505,2.54058617498774,2.43770872921689,"148"
"149/214.0499mz/3.54min",3.59754983891663,3.47363822151069,3.53663031969598,3.53156523158283,3.51488067394535,3.41250645623235,"149"
"150/274.1648mz/3.54min",2.0763573990367,2.04173353525747,2.03645046124547,2.06781679042113,2.01429517719864,2.00511422561395,"150"
"152/228.2321mz/3.66min",2.44284948748288,2.42817544188016,2.4502165718504,2.37164580672296,2.45525099748273,2.38138453498538,"152"
"154/586.2703mz/3.73min",2.1603367446503,2.08686611930364,1.68099314794434,2.10498428153465,2.20929092755314,2.0099996953547,"154"
"157/514.2855mz/3.97min",2.13275180845081,2.17092491311057,2.24325721774086,2.12204170252624,2.21046472761868,2.12728332092042,"157"
"158/394.2222mz/4.15min",1.68681564975616,1.55345244160197,1.59583889658611,1.63675228323081,1.87816971146809,1.64499486017863,"158"
"160/321.1738mz/4.32min",2.12927331001417,2.01272759063743,1.95476143632771,2.01599787556591,2.07995730484753,1.97260698481726,"160"
"161/320.1703mz/4.32min",2.95193330370463,2.83086770412555,2.77224104882226,2.85856633921152,2.89816487907974,2.79362811496924,"161"
"162/325.1257mz/4.32min",1.99569467458895,1.81360928481616,1.7852866041992,1.91976063873235,1.96248973101639,1.84480212021711,"162"
"163/195.1379mz/4.34min",2.07157260615497,2.00365324536611,2.02559939147193,2.05525414617382,2.03727884406724,2.0010369593351,"163"
"164/364.1965mz/4.4min",1.8465715358128,1.73849559613925,1.72601470237567,1.76521758647246,1.80327121437826,1.72368576404176,"164"
"165/226.1801mz/4.42min",2.23822572441153,2.21603718812733,2.20906354795842,2.23337330977881,2.19941701378432,2.24213969612984,"165"
"166/244.1906mz/4.42min",2.07694400165283,2.04177126389499,2.02954584117317,2.06737328467357,2.03672495578697,2.08674819027592,"166"
"169/408.2226mz/4.47min",1.87322131500307,1.82839869085063,1.81767912779042,1.77208975917795,1.86143828111275,1.81855816196601,"169"
"170/214.1801mz/4.51min",1.90779090134235,1.7454456552702,1.56551274020547,1.77427414514847,1.71822779532798,1.97846579073535,"170"
"172/392.1914mz/4.56min",2.5822788776947,2.46241408682517,2.41759798418902,2.47190375782335,2.54790118933863,2.40972808307793,"172"
"175/246.2427mz/4.69min",1.77946396100855,1.5157301650568,1.67422251471185,1.58673341801288,1.68933717837794,1.68343304431617,"175"
"177/211.9705mz/4.75min",2.63289691347987,2.62310587045881,2.6184927708905,2.64642217981186,2.61535119351737,2.61682496031754,"177"
"178/213.9685mz/4.75min",2.62428065973352,2.60742384123539,2.6020377730869,2.63528667932284,2.61184415152148,2.60824782259321,"178"
"180/231.979mz/4.75min",2.99248201707797,2.99529615839801,2.99655803250438,2.99922124750055,2.99499940790788,2.99341814375906,"180"
"182/230.9844mz/4.74min",1.92246749876078,1.92485285934979,1.91448923790773,1.9288132125032,1.91962086965019,1.9191054272677,"182"
"183/232.9823mz/4.75min",1.90192712868532,1.92785073014212,1.92064273585177,1.92422871299112,1.92115971908784,1.91595577925899,"183"
"184/270.2063mz/4.78min",1.72558188766842,1.65467180259514,1.6695285079745,1.75990485821115,1.96207092750402,1.66071025319573,"184"
"185/656.071mz/4.78min",2.20524505999017,2.2369551507146,2.32512769362076,2.27122144144265,2.1526837702839,2.27882327890543,"185"
"190/551.2695mz/4.8min",1.78492758427974,1.77776962064144,1.77842020199967,1.70571011167948,1.82353199396466,1.78305864984237,"190"
"191/568.2961mz/4.8min",3.30120190002042,3.2613497933644,3.2653498963322,3.20823306718718,3.32315446508189,3.27244723254282,"191"
"192/573.2513mz/4.8min",2.22901854384478,2.2239869188359,2.21276746335352,2.13926554639106,2.28014711803791,2.26124128280372,"192"
"194/230.2477mz/4.87min",1.78806778709544,1.55016110154906,1.6950028081015,1.70414854940456,1.80632207390075,1.80127354188593,"194"
"195/229.1991mz/4.88min",1.97667969222645,1.95237715487069,1.85804942059729,1.9138257863172,1.87148964227722,2.06816893887719,"195"
"196/250.1777mz/4.88min",2.04774873027217,2.0405252654009,1.93900750512444,1.99336652165287,1.92064327348188,2.13120013686771,"196"
"197/228.1958mz/4.88min",2.85864320772774,2.82898502151047,2.73751069327649,2.79942626216951,2.75832301271235,2.9410217260656,"197"
"198/158.1539mz/4.95min",2.05673324217234,2.0150829819383,2.00701535408603,2.0383787592239,1.97624680515015,1.98165376215615,"198"
"199/640.3173mz/4.96min",1.9890839671197,1.94102366896799,1.96865764610888,1.88142360475446,1.98861018137474,1.95706524382545,"199"
"200/398.23mz/4.99min",2.14824440757152,1.90046483652315,2.08566569382484,2.05907329301487,2.08064722309173,2.142379091492,"200"
"202/440.277mz/5.03min",2.57943780207954,2.3385333593043,2.53541940634862,2.52052282096246,2.63442087135963,2.59341786141966,"202"
"205/398.2301mz/5.1min",2.66843853530105,2.46326927526757,2.64177150053744,2.61277487294741,2.58395501152864,2.6784354861975,"205"
"207/440.277mz/5.14min",3.06772371754626,2.92286477177635,3.09164779701636,3.10792486208331,3.17237801504163,3.11134170365273,"207"
"208/412.2457mz/5.17min",1.83975555842534,1.68796924094595,1.83888575621839,1.75889998661892,1.78879193534843,1.84847720080701,"208"
"209/274.274mz/5.2min",1.77415582942168,1.51429687153142,1.62806381500647,1.56796131833406,1.67226880301684,1.65158545212963,"209"
"210/387.1801mz/5.21min",1.79294378242908,1.6824732153302,1.66017090510848,1.66216469430436,1.94955296606352,1.63653261646125,"210"
"211/404.2066mz/5.21min",1.80990453272014,1.6937926240037,1.64455582079342,1.69298315220702,1.97206373649194,1.65949446244609,"211"
"212/426.2614mz/5.21min",1.67879962935952,1.3340772779161,1.62297523139168,1.57628602775469,1.57921021661241,1.66822363425694,"212"
"213/752.4mz/5.3min",2.16486680608235,1.91093489738844,2.03238372909357,2.06045806540563,2.17055058802522,2.06956696882879,"213"
"215/482.2876mz/5.42min",1.83719590828704,1.55825775700715,1.77075402042273,1.88569261881991,2.04032747280604,1.90756804093407,"215"
"216/426.2614mz/5.55min",2.12408061396211,1.89073959079353,2.09845634477344,2.06306589480758,2.10294356187725,2.13921848350473,"216"
"217/371.2742mz/5.57min",1.92623209775677,1.75738878389623,1.90627680474115,1.8440442367099,1.99031189578934,1.98228721447235,"217"
"219/678.3631mz/5.63min",1.92685750192565,1.60062982611332,1.71220506476797,1.8035370217846,1.90666485199018,1.84473044795552,"219"
"223/446.2535mz/5.63min",1.65790627968299,1.67630130355321,1.59212633566705,1.6109236276227,1.50437310309462,1.55850474745342,"223"
"224/415.2113mz/5.64min",2.48513943647096,2.47390726789587,2.4158665737943,2.36627560914943,2.38962157865758,2.40000244807142,"224"
"225/432.2378mz/5.64min",2.5644147334256,2.53651781584332,2.47123979784384,2.43243004134877,2.46155633711173,2.47725398851648,"225"
"228/716.509mz/5.64min",2.21647974250065,1.94130173459628,2.02583725743052,1.82877939611562,1.94873796724853,1.98686012693648,"228"
"232/303.3087mz/5.65min",2.48128008427115,2.23647064732804,2.34455133198603,2.24622348080189,2.39652782546455,2.39215578842699,"232"
"234/302.3053mz/5.65min",3.21254042373881,2.96572254834014,3.06558938312814,2.96428962793801,3.13604721664172,3.12855677291482,"234"
"235/426.2613mz/5.66min",2.72641011167352,2.5337548314123,2.72611530993054,2.71139924755314,2.70770335597912,2.77107413508275,"235"
"236/307.2478mz/5.68min",1.82518875738643,1.78642577746535,1.76980093553809,1.82681268068613,1.75152426426658,1.7651006173693,"236"
"237/371.2742mz/5.69min",1.77248400933608,1.60264143473357,1.77409955148767,1.6833611400472,1.90704622456585,1.8841332621642,"237"
"238/468.3082mz/5.71min",2.15040731258518,2.01197531894108,2.17763759065367,2.19942989512686,2.24860918927076,2.2231550388442,"238"
"240/328.321mz/5.8min",1.84656053734935,1.58417236614441,1.69536262959299,1.62245692465468,1.72723529526083,1.73849360615137,"240"
"243/330.3366mz/5.81min",1.77153031495713,1.63463285287838,1.74716783501656,1.678557407095,1.80776282649749,1.74958320864796,"243"
"244/583.2912mz/5.86min",1.87331714351234,1.63685222931041,1.81982711635675,1.84809550616372,1.90656205574489,1.78348444651494,"244"
"250/583.2912mz/6.05min",2.02695182683329,1.77106975531696,1.89939045763921,1.9525526291675,2.05656342596148,1.90149852204005,"250"
"252/583.2912mz/6.12min",1.69903408270379,1.46219531779916,1.64478278784308,1.66280958883581,1.75458071569862,1.63815506408465,"252"
"253/454.2926mz/6.13min",2.239310205139,2.01545016709637,2.20652458931073,2.17641653081724,2.24291681845552,2.25775949977077,"253"
"254/291.1954mz/6.16min",1.75054271772796,1.55533121409753,1.72663373619551,1.63662649938941,1.74718677399932,1.76131597344123,"254"
"255/371.2741mz/6.17min",2.0072684422781,1.78838832123709,1.97034376752886,1.88158895044404,2.07340417011892,2.08947157493886,"255"
"257/496.34mz/6.19min",1.63623667460183,1.52585108924449,1.66684504859692,1.66394645666914,1.74938560592903,1.72487203416606,"257"
"259/476.2744mz/6.24min",1.68802522161312,1.5720940182915,1.66757705508321,1.62919327564701,1.65312935551542,1.72744609578042,"259"
"260/454.2926mz/6.24min",3.02523624932027,2.83168119844699,2.99201489130508,2.96012285788494,3.01647337137912,3.07823767607362,"260"
"261/358.3678mz/6.25min",1.97461185891152,1.97431257768118,2.32732369704604,1.83822521540538,2.07492297438298,2.14294146336096,"261"
"267/257.2111mz/6.28min",1.6113795456079,1.39485799722518,1.58272969634987,1.53067126678871,1.65816821816482,1.57257875710493,"267"
"268/395.2766mz/6.3min",1.73718938250352,1.49693339789489,1.6670662303667,1.6532483064324,1.76508902660248,1.72703893906857,"268"
"270/480.3082mz/6.3min",2.78186724663214,2.47534984098682,2.70743112884843,2.70320822224346,2.70148866284286,2.76735620510008,"270"
"271/496.3397mz/6.3min",2.62985049594713,2.48419870046449,2.64424010442417,2.64661445025582,2.70107513496239,2.69203745755483,"271"
"276/440.4095mz/6.3min",1.91334833995218,1.8770789882382,1.87004159944725,1.72596923876396,1.85716018276675,1.82741691954374,"276"
"278/468.3083mz/6.33min",1.76327425090556,1.58955346749935,1.73802927214898,1.64647133047774,1.75174372455461,1.80728157516428,"278"
"280/522.3552mz/6.37min",2.2378295228993,1.94912286495807,2.19269328225002,2.1738861749001,2.26809141049155,2.27500479938132,"280"
"286/480.3083mz/6.41min",3.37344748623174,3.07076129261346,3.31997221184146,3.33261912059453,3.27859272262468,3.36578170732009,"286"
"287/502.2901mz/6.41min",1.95358397953195,1.73892224483928,1.89636857244227,1.90777463703462,1.86526066611119,1.94797779933452,"287"
"289/959.609mz/6.41min",1.94049273465906,1.44780188177602,1.90157874007212,1.90936296344432,1.83976463566918,1.98463086209134,"289"
"290/482.3139mz/6.41min",1.87193633013865,1.59363811077042,1.7979446269179,1.85439476186698,1.63199379856863,1.75497968886811,"290"
"291/353.2685mz/6.46min",2.3364698055606,2.09867212401455,2.37470250204576,2.31607869018477,2.43369075946216,2.37938923102514,"291"
"292/583.2912mz/6.46min",2.16495568982251,1.95188267950733,2.11487169367481,2.12318177770835,2.16793070859088,2.11953184964466,"292"
"294/393.261mz/6.47min",2.2812724816804,2.07138192851095,2.29082718362475,2.25052002205628,2.30517233691848,2.28748172810056,"294"
"296/371.279mz/6.47min",2.06164481017729,1.83485284688381,2.09199076277807,2.03339958026761,2.17139630861135,2.12035101021324,"296"
"297/544.3369mz/6.48min",1.56134356212285,1.3886612988344,1.58433162721226,1.58610012514917,1.68716419651692,1.66523287482331,"297"
"298/522.3552mz/6.48min",2.83545328419977,2.66057935050867,2.86006850781134,2.87151914931979,2.95466020579267,2.91997718922214,"298"
"299/494.324mz/6.5min",1.7057496713018,1.46786478044247,1.67689048594262,1.5950055675103,1.6546901119083,1.74314896682708,"299"
"301/365.1358mz/6.55min",1.87194806042237,1.60560059533998,1.78102517810711,1.74194519216082,1.78142980480818,1.79067520650429,"301"
"303/400.3055mz/6.59min",1.80874005024392,1.53504479448711,1.73251081739103,1.69725927117036,1.84002701262358,1.77943285451217,"303"
"304/444.3317mz/6.61min",1.96742561948176,1.69188258488383,1.88588612759207,1.8685991119335,1.98222284900111,1.92527807002231,"304"
"305/488.358mz/6.62min",1.96957993187348,1.66259272689363,1.88550507823886,1.86322138018877,1.98436942124267,1.91528739038101,"305"
"306/532.3841mz/6.62min",1.86710449542371,1.58739128644631,1.79695418341562,1.7469291029403,1.88770923232835,1.81529802634678,"306"
"308/313.1434mz/6.63min",1.9784273263303,1.70718487852852,1.87530385764337,1.84501848040691,1.9787793744353,1.94065885803528,"308"
"309/576.4103mz/6.63min",1.66153470378831,1.36632679512062,1.59185007203374,1.56376615045777,1.6833952579904,1.62999576028961,"309"
"312/358.2739mz/6.66min",2.18475075204313,2.07682876868664,2.02967381047669,1.98655494957742,2.08375308791191,2.07134529790747,"312"
"313/398.2663mz/6.66min",1.82210761750609,1.65306778463925,1.65316637555713,1.57102278355697,1.72296672145064,1.72527784268145,"313"
"314/289.2161mz/6.66min",1.5826288216683,1.54068489663585,1.74655438368756,1.66743276901433,1.91932115598353,1.7283745591405,"314"
"315/583.2912mz/6.67min",2.45093439137086,2.11874473932389,2.31837478423944,2.33238987400591,2.42600599193562,2.42822938355135,"315"
"316/283.2631mz/6.68min",2.46316573816476,2.29216745135465,2.45616238048949,2.37070776577935,2.53706090944426,2.47451189861068,"316"
"317/522.3188mz/6.68min",2.22159404166326,1.49884864062489,2.09652858708818,2.1601729564698,2.04647517710693,2.21848094343975,"317"
"318/265.2525mz/6.68min",1.71079485940735,1.54816495660315,1.71121086635068,1.63198136025902,1.81679209730245,1.7505761998849,"318"
"321/482.324mz/6.71min",1.7432891520817,1.49905716964212,1.67941108707513,1.66831422721562,1.7496067923777,1.77360358002646,"321"
"327/567.2599mz/6.77min",2.00038836887254,1.97443940618634,1.8305368469231,2.04586546337645,2.08719700205537,1.98331670572201,"327"
"329/297.2423mz/6.78min",2.32198598098488,2.19950965662443,2.36353813307285,2.28255925139941,2.49229397439193,2.45912119255729,"329"
"330/319.2243mz/6.78min",2.1020367327125,1.95033064884921,2.12412907041705,2.03028276635281,2.21236435548072,2.20664518452483,"330"
"331/279.2318mz/6.78min",1.95344067880213,1.81704127297721,2.0201979474474,1.92897623814203,2.17063641246887,2.12699327035928,"331"
"334/482.3239mz/6.82min",2.5766209951829,2.33123957592906,2.51182361524998,2.48573516160349,2.5544866669507,2.58961476931835,"334"
"338/567.2599mz/6.87min",2.01930018929292,1.88549701476808,1.8392964575031,1.92611967975943,1.98639892556159,1.956053364135,"338"
"340/669.328mz/6.87min",2.06699512519329,1.28583708141158,2.24785345018449,2.37167630502533,1.78469801825363,1.94572273776302,"340"
"343/283.2631mz/6.9min",1.93931362112903,1.66644680213973,1.84736165014353,1.86107483729009,1.92715583239772,1.92041601520868,"343"
"348/524.3709mz/6.93min",1.66905477474183,1.5020031784446,1.683809649355,1.75525338500116,1.74229164603568,1.69724634439585,"348"
"352/508.3395mz/6.95min",1.89148041808907,1.53119912835724,1.82713272514596,1.82318350218666,1.76418712919264,1.91047129054888,"352"
"359/590.4258mz/6.98min",1.79288448305451,1.67240357054588,1.6927404560215,1.76817904046176,1.72526130758792,1.6948782028166,"359"
"360/546.3998mz/6.98min",1.82273207802004,1.68330093795106,1.70879882539706,1.78890862872745,1.72524525628066,1.71009584605285,"360"
"370/344.3158mz/7.02min",2.00611475310884,1.89244034435089,1.95703805360525,1.82323736070635,1.97055001712486,2.00768529472704,"370"
"377/570.3055mz/7.07min",2.16371089131757,2.05051258824793,2.08526699286544,2.07906117921359,2.0863872148111,2.10203004724325,"377"
"379/589.2776mz/7.08min",2.00546520489632,1.88779455793419,1.93787186533697,1.64916473012152,1.6500511248452,1.90306271004775,"379"
"382/567.2962mz/7.07min",4.14473843142118,4.02940795773517,4.07896139513364,4.06073891120688,4.07511816945303,4.07027424029705,"382"
"383/1133.5854mz/7.07min",2.61606312245797,2.41149505213767,2.51135099609675,2.46631207227304,2.53877101889102,2.48712442546083,"383"
"386/284.1519mz/7.08min",3.98562530987865,3.88169381592301,3.90268029005401,3.91726298589756,3.98276648966828,3.97073264939703,"386"
"389/569.3023mz/7.07min",3.00543568663873,2.88720057030755,2.92121634153455,2.9434187566216,2.92809695976613,2.93167915904486,"389"
"390/566.2886mz/7.08min",2.18498063894927,2.07858569752954,2.16951395532906,2.17004539008732,2.1011140447336,2.14902004111128,"390"
"392/336.3259mz/7.12min",1.91447037512557,1.9477996426204,1.98624087964445,1.78111402154214,1.77550953966129,1.91691470502817,"392"
"395/669.328mz/7.14min",2.35700634327038,1.60562523764149,2.48816512124189,2.4816062833625,1.91914573866308,2.24058438719317,"395"
"402/319.2842mz/7.18min",2.0246427670337,1.85263292699255,1.87681276327261,1.86574051967561,2.08554800854225,1.79966624508288,"402"
"403/336.3108mz/7.18min",2.18640564791248,2.0069730580147,2.04503034988446,2.02468792197936,2.24831600006768,1.96699229525655,"403"
"408/363.3104mz/7.19min",1.72094151417789,1.55236481047423,1.59812402594455,1.62613931848347,1.72402223267965,1.44863441368491,"408"
"409/380.3369mz/7.19min",2.21633269122622,2.05642200507676,2.06576987137017,2.11312072123256,2.20285961450501,1.92932301562483,"409"
"410/512.4154mz/7.19min",1.86076387763697,1.56201682883777,1.53682831955451,1.77353478543331,1.65756787532892,1.56971622303927,"410"
"411/424.3631mz/7.19min",2.14743821800706,1.93958399048228,1.937108207047,2.05022009409228,2.06908334741257,1.85151551146414,"411"
"412/468.3891mz/7.19min",2.01426829592183,1.74185314113624,1.72096298903161,1.92807846563879,1.86328366705093,1.68069131651625,"412"
"415/669.3281mz/7.21min",2.20795028366794,1.49388814349876,2.38320419259016,2.34662040894329,1.81364873184526,2.09404630708355,"415"
"417/366.3mz/7.27min",1.79544876208691,1.38425066014363,1.6867635285137,1.40849385729179,1.56151322843172,1.78007527471128,"417"
"421/352.3209mz/7.28min",2.2908865378537,2.17097489536364,2.41653567204925,2.06287640797476,2.14741246952247,2.34316747131023,"421"
"422/374.3027mz/7.29min",1.90710189366718,1.46110810297523,2.00041747072248,1.27888467785019,1.45447477661983,1.95065021640539,"422"
"423/760.5839mz/7.3min",0.523025100287291,2.50925126817819,1.18365337903266,0.515048243247324,2.27196948261991,2.54620091400829,"423"
"424/566.2839mz/7.3min",2.35812304865977,2.081229648052,2.14732583622002,2.04753224041517,2.20423011276452,2.19287728869337,"424"
"429/283.144mz/7.3min",1.96393283124826,1.88360891029646,1.84568159353855,1.85794724182357,1.98106418490775,1.87170589961015,"429"
"430/565.2805mz/7.3min",2.76680265776845,2.51027352524903,2.56463139998917,2.45370995804067,2.61461379058015,2.60352260359863,"430"
"433/700.4882mz/7.3min",-0.878842755171335,3.29745085252765,-0.218683877566538,3.40708356246719,3.42284129168104,-0.914410794211557,"433"
"434/716.4617mz/7.3min",1.32590324001551,2.0043098227197,1.28756225651655,2.2180156603118,2.20033776125726,1.29024727190069,"434"
"435/702.4952mz/7.3min",1.53715277850095,2.21555937263435,1.49881179269333,2.39328077589622,2.27172682542681,1.50149680825277,"435"
"436/692.5218mz/7.32min",1.50293133118863,2.1813379241364,2.3651552796469,2.69453571967086,2.64433117130259,1.46727536116175,"436"
"437/718.5373mz/7.32min",1.03448259293493,1.71288912369536,1.94458939597915,2.24129999093648,2.43277916911899,1.8197006792581,"437"
"439/706.5363mz/7.33min",0.904606327133435,0.884042937163572,2.93027501059433,2.17144887095141,1.55648293714901,2.17441457349917,"439"
"445/678.5063mz/7.29min",-0.155027161401259,4.10343913322403,1.33109312621721,4.66543538886269,4.59359526974875,0.50827009652466,"445"
"457/581.2754mz/7.35min",1.79285024899886,1.34839760258746,1.74730387193109,1.52260603049499,1.55776489850715,1.8917159921517,"457"
"459/256.2635mz/7.36min",1.78774554089366,1.76028809971425,1.76624397483197,1.74656732292723,1.72556052340039,1.81674277680559,"459"
"460/282.1362mz/7.39min",1.88262131788166,1.80618789878059,1.70414382789836,1.75458679380024,1.88837661225387,1.83107978908902,"460"
"461/564.2683mz/7.39min",2.16271148910532,1.95333894846495,2.04036314811047,1.88421247326557,1.97754296786958,2.13601518000197,"461"
"462/563.2648mz/7.39min",2.6012610180175,2.38961977599345,2.4657147628804,2.30822592315818,2.40673893363802,2.56301384823107,"462"
"463/341.2839mz/7.41min",1.55721491178533,1.31061754556772,1.95692320934067,1.39752641199516,1.63759437788172,1.69116225065574,"463"
"469/110.0199mz/7.44min",1.96333393886398,2.26754105432179,1.97601766870508,2.77589098165943,1.22013127954487,1.52971524877573,"469"
"471/408.3082mz/7.43min",2.22244803601773,1.61735849467884,2.07633498076475,1.46707562050106,1.63078397278129,2.18459884311947,"471"
"472/387.3298mz/7.47min",1.92543722118971,1.66354055251326,1.79936412422301,1.56281709276588,1.69955253873177,1.94518809561549,"472"
"473/386.3263mz/7.43min",2.56328394595636,2.29943808294701,2.5515485660582,2.2043309203695,2.3192473507132,2.56873710732712,"473"
"476/692.5231mz/7.43min",-0.884421574178071,2.61835062768866,2.77243221264709,2.16853764779686,2.15192732990533,-0.221590219644399,"476"
"484/678.5064mz/7.43min",0.281389059665745,4.50891818676858,1.00930378572705,3.97675353273005,3.96803590401411,0.944700844334107,"484"
"485/680.5125mz/7.41min",2.26284339615042,3.47930506466335,2.22450240898937,2.9538365141869,2.94636779864895,2.22718742465155,"485"
"486/681.5151mz/7.41min",1.26930643799968,2.69696298956607,1.23096545560591,2.18247405719252,1.9211831514334,1.23365047090614,"486"
"488/700.4883mz/7.47min",-0.926161679927536,2.9342217466549,-0.266117339949441,2.64261418881318,2.75673828522509,-0.961708347663383,"488"
"493/760.5838mz/7.48min",0.282938333893998,2.96748781001281,0.943565120252851,0.274961535494103,2.28576612422125,2.52698309015399,"493"
"501/732.5534mz/7.49min",0.773744049107726,0.753180670125267,2.16214698090676,2.07207000358395,1.42562055400078,2.07787303345133,"501"
"502/786.6006mz/7.47min",0.0467691033439784,2.6869809237452,0.707391501436305,0.0387924773677972,2.44930745583591,2.69027814335948,"502"
"511/387.3298mz/7.52min",2.15305325099222,1.71414308816814,2.00680079677619,1.57192194219314,1.83599556542585,2.0920061043069,"511"
"512/282.2791mz/7.52min",2.4412286373937,2.43236491308613,2.47575420643138,2.4314302524862,2.41876786971991,2.47068841644068,"512"
"513/386.3263mz/7.52min",2.77382748767377,2.34941464259528,2.63173843580938,2.21667702376126,2.46415924682082,2.71261459417943,"513"
"516/408.3082mz/7.53min",2.28666401422246,1.62937354711096,2.0328932169097,1.26319836373321,1.66458178471507,2.21432199424989,"516"
"518/397.3099mz/7.54min",1.64758961045313,1.11818442596115,1.80053611633109,1.32165555346684,1.53707014806673,1.68415883545288,"518"
"535/311.258mz/7.59min",2.26173328788048,2.17039508250789,2.52586092013064,2.13196421682886,2.19842522268439,2.36445668219096,"535"
"537/462.3551mz/7.6min",2.80401277224744,2.22428923609025,2.63240042613601,2.06119402737189,2.39847211334564,2.83785476178914,"537"
"542/440.3734mz/7.6min",2.8691935527,2.50806628122533,2.787931571485,2.50954632375402,2.76010921271014,2.92773286491469,"542"
"543/422.363mz/7.6min",1.94884842723086,1.57685179399,1.8659053267076,1.57040225771612,1.83847918353908,2.0090513495957,"543"
"546/357.2998mz/7.6min",2.15898601351774,1.9107448203638,2.0745633701977,1.93363331124815,2.07683215682476,2.13330245962856,"546"
"547/339.2892mz/7.61min",1.76250635566993,1.38483694901657,1.66813467684023,1.51484496994374,1.65535539797098,1.72751950035297,"547"
"549/354.3365mz/7.6min",2.00839270450521,1.80669606331449,2.07577683513774,1.66885656542736,1.76029873511363,2.04881595573955,"549"
"550/441.3766mz/7.6min",2.3498532375145,1.98791278160902,2.27179272501854,1.93258975848669,2.24196826546926,2.40467160310783,"550"
"551/421.3464mz/7.63min",1.65386306917412,1.03344828500696,2.13582759791613,1.11960034520713,2.07348237289875,1.80509695956822,"551"
"558/357.2787mz/7.65min",2.1680548747388,1.99354495620486,2.33670024316929,2.07536834412133,2.3345329996501,2.31476578916096,"558"
"562/439.3569mz/7.65min",1.75139560279094,1.87075799800091,2.17111164634239,1.95953744005387,2.04295813991204,1.9743956100028,"562"
"566/479.3494mz/7.68min",2.0273836992936,1.14449835272188,1.88916857384952,1.39045383951597,1.77668976422454,2.09373120134697,"566"
"569/744.5559mz/7.68min",-0.17030543958922,0.508083104041124,1.80662588102861,1.85606851835665,1.21652951150722,2.55113115014326,"569"
"574/495.3443mz/7.68min",1.88673377071477,1.34836109878993,2.28240781589438,1.30589175073691,1.70616815280989,1.85317359552612,"574"
"575/743.5607mz/7.68min",1.99144749907514,1.2645304881706,1.78407632508523,1.14564361237191,1.18738156165875,1.86509692331171,"575"
"576/357.2997mz/7.68min",2.21727090168389,1.97092717665705,2.12081486688766,2.09869275950724,2.13452157277595,2.20074524649477,"576"
"577/339.2892mz/7.68min",1.84003365688818,1.53907380035498,1.72191943903796,1.6890917522976,1.72274364179048,1.80926503842493,"577"
"580/700.4884mz/7.66min",1.5118132948418,2.19021988811547,1.47347230920785,2.25960779325348,2.23318342194075,1.47615732475409,"580"
"582/726.5038mz/7.68min",1.94537137362981,2.62377797364919,1.90703038663325,3.23425870044782,3.07948324135997,1.90971540228295,"582"
"584/746.5687mz/7.67min",0.792584451149029,1.59864545164567,2.22316058151746,1.48357735465273,1.90913798306605,2.18910971062234,"584"
"590/581.3119mz/7.7min",1.71781335373892,1.36624211950629,1.64761018098651,1.57690536314387,1.74445761846537,1.768604453381,"590"
"591/506.3836mz/7.71min",2.00949894233026,1.7733196658526,2.46435996849634,1.89881412695478,2.38610563931543,2.29640844606136,"591"
"592/659.2868mz/7.7min",2.05220679178079,1.69023633950423,2.14756912836552,1.75769878208729,1.60547715499599,1.57377011188191,"592"
"595/637.3049mz/7.71min",2.10721627146401,1.82939473450722,2.18005403485674,1.91967850501287,1.72695176118768,1.56230371094184,"595"
"597/654.3317mz/7.71min",2.67440511679746,2.40627698458429,2.72766133701093,2.47879292657631,2.28642607466627,2.21022630914481,"597"
"611/490.3887mz/7.76min",1.82701068047636,1.12116330636905,1.97599459351906,1.066780049363,1.8672216583223,1.58806249409087,"611"
"631/540.4466mz/7.77min",2.0857583000338,1.4353520543842,1.53905793941816,2.26180087128079,1.6237720611171,1.58951149529506,"631"
"633/522.415mz/7.77min",1.82114300934024,1.44250458645527,1.81645689259056,1.30470845923012,1.30751343979954,2.01627049469641,"633"
"634/496.4204mz/7.78min",2.19162254591767,1.58756140828237,1.67935564875326,2.3485035180624,1.78811794872512,1.69906916534542,"634"
"636/413.3048mz/7.78min",1.93774106829103,1.29671038033587,1.82390729100215,1.58499608806593,1.86234489882762,1.98884377989688,"636"
"637/452.3943mz/7.78min",2.25142096100611,1.64774815182474,1.78092794319852,2.35133365301049,1.86036168093321,1.77803558409775,"637"
"639/364.342mz/7.78min",2.1305612214198,1.4977529593998,1.64622036677838,2.09402771638008,1.69158684508942,1.62608058687866,"639"
"640/408.3681mz/7.78min",2.26820587542785,1.67190524501443,1.80390082574125,2.30913939639025,1.87658618711813,1.79963722575099,"640"
"642/356.3158mz/7.79min",2.28322587739809,1.6648096077932,2.09565438879809,1.68707709313921,2.1205012438771,2.32454016724164,"642"
"643/472.3784mz/7.82min",1.77601198671184,1.09535007013281,1.91837129639647,1.42145535722402,1.9526732797318,1.91829094368406,"643"
"644/492.4046mz/7.81min",1.9039974695343,1.67473234648699,2.38596886489554,1.57240129338995,1.89777867742194,1.96881837096907,"644"
"645/397.3099mz/7.81min",2.28545837919433,1.69331357868712,2.17531918695285,1.80882724445963,1.97486740413704,2.31956710900664,"645"
"646/476.4097mz/7.82min",1.89556800301111,1.41494692675152,1.76976441416091,1.69795054429363,1.86717188206846,2.01599026299052,"646"
"650/430.3313mz/7.83min",1.67476161201809,1.25347356394482,1.57065210753242,1.50274429867734,1.6436114587838,1.72795080611365,"650"
"657/718.5371mz/7.84min",0.230056621789281,0.908460365769074,3.59019799290157,2.27605471560048,2.13865099318813,1.88754241410526,"657"
"672/408.3083mz/7.84min",1.52628541589171,1.88080705408377,2.62026661288653,0.952138250596546,1.54467648001278,1.98377811552172,"672"
"674/228.1958mz/7.84min",1.39648998931289,2.07178565764682,2.51198886254188,1.35799444075772,1.72296011551169,1.8843470222303,"674"
"678/720.5163mz/7.84min",2.39467556749057,2.11358024037369,2.45468704103374,2.37228342150725,2.56079126816051,2.53482193081762,"678"
"682/778.3228mz/7.84min",1.97314460673936,1.37684517293694,1.49248480099531,1.65237123637538,1.74249153476856,1.95133538954189,"682"
"683/497.3598mz/7.86min",1.8152910306537,0.848923291276839,2.14820804982919,0.941998885959628,1.65221856321423,1.85413952200479,"683"
"684/786.6001mz/7.84min",0.658032561935592,2.55763855642239,1.31866118254118,0.650055691462887,3.05989514093303,2.89817013401513,"684"
"685/788.614mz/7.84min",1.50106045895803,2.17946705183544,2.43379981165377,1.49308357322581,2.69076362812596,2.25433915001873,"685"
"686/732.5532mz/7.84min",1.74761779467891,1.72705439169601,3.04749678029708,2.90779761201427,2.4633932436173,2.4109318248438,"686"
"687/704.5217mz/7.86min",0.0727708942142579,4.18138304084521,1.4031298253361,4.52334035145306,4.3515128470434,0.73607905132709,"687"
"688/707.5319mz/7.84min",1.75759908010318,2.43600567866578,1.71925809340087,2.83088002452279,2.64039563295752,1.72194310902823,"688"
"690/746.5688mz/7.86min",0.728677322645374,1.40708363619496,2.02317826941482,1.8730210391401,1.74277179938406,2.7337064487097,"690"
"691/678.5061mz/7.84min",0.923895024246371,3.41835568241787,2.16186687390877,3.32301400371598,3.24340139450731,1.5872089404085,"691"
"694/760.5832mz/7.82min",-0.340709722790455,2.44056313054599,1.08736706920374,0.350243713052496,2.89879780140931,2.65380547230343,"694"
"695/580.3969mz/7.84min",2.88160934269334,2.30488509650276,2.67996558725016,2.35486201707146,2.52015937245375,2.76889510045176,"695"
"698/700.4882mz/7.86min",0.247240028647667,2.91034675905709,1.53219917573828,2.8126771285342,2.93002729000386,0.910551430454456,"698"
"699/602.379mz/7.84min",1.96770210845961,1.27926681227645,1.79393420924577,1.27656790675531,1.48865758212793,1.89372542038142,"699"
"702/726.5029mz/7.86min",-0.337537609836528,3.53884959145479,0.323052554475177,3.44477586146438,3.45617548336832,0.598793621418435,"702"
"705/808.5821mz/7.87min",0.0822705103438618,2.03448121829064,0.742893906757836,0.0742938451421161,1.85890278199095,2.15121616246212,"705"
"721/743.5026mz/7.84min",1.70167888079735,1.12746045639247,1.93287183997417,1.44649491586811,1.76103878843837,1.95052808711262,"721"
"722/441.3729mz/7.85min",1.98819261704575,1.49914642032445,1.9673946203078,1.72195936440231,2.05078785673334,2.18191788308792,"722"
"725/481.3652mz/7.85min",2.1888376888364,1.44576966544819,1.97767852519472,1.46431938313094,1.8941508663407,2.2336020562206,"725"
"730/477.3338mz/7.9min",1.58185692384619,1.3031382001515,1.92242933632669,1.40346985182528,1.85736008159401,1.90097772094206,"730"
"736/502.3866mz/7.87min",2.12734788373816,1.18123287476632,1.85344354105137,1.30439082052633,1.60163109082404,2.10437455783442,"736"
"738/480.4045mz/7.87min",1.97728772579743,1.41821733953496,1.77840008051263,1.60559925556246,1.7725129153124,1.96783267844238,"738"
"744/595.3275mz/7.88min",1.68480867586029,1.40814811842199,1.5904441659844,1.53993407804569,1.58928732317805,1.57994065820616,"744"
"745/706.5285mz/7.88min",2.10331409055106,2.78172069111824,2.06497310344383,3.56217894897809,3.3818640445423,2.06765811910194,"745"
"746/554.1756mz/7.88min",1.80483915045491,1.58335262940134,1.66675771220017,1.61324112078323,1.71024519649421,1.77276909479715,"746"
"748/384.347mz/7.88min",1.81669468045036,1.44622111178718,1.65599145626571,1.53718201929918,1.47141690926341,1.75166930123695,"748"
"750/664.4896mz/7.92min",-0.909932676566977,3.53304203258372,-0.249846208691492,3.75290216809864,3.27895147795523,-0.123973000299803,"750"
"754/490.3886mz/7.91min",2.29226916909054,1.88093865299581,2.33591009491373,1.92387040272189,2.1370035850091,2.2706105612496,"754"
"755/437.3412mz/7.92min",2.3920558464803,2.17805852093381,2.61359878075963,2.31542734288821,2.60323195047942,2.51963045122436,"755"
"757/284.2947mz/7.92min",1.89550725272199,1.64746268661222,1.8225287274903,1.72077733090763,1.74496469361268,1.9263941877143,"757"
"760/495.3442mz/7.93min",2.2822915779452,1.11201505694431,1.83121105800384,1.23755620391826,1.7508885065777,1.95172599494504,"760"
"763/507.4234mz/7.93min",1.83638062978135,1.3257662000087,1.58117652588551,1.41636996194509,1.55528162533195,1.77848395185949,"763"
"767/742.4988mz/7.84min",2.082922680572,1.50512409250598,2.30631639067692,1.66597649294184,2.11950735098382,2.32769065869512,"767"
"768/481.3654mz/7.93min",1.88548662674461,0.934862987643467,1.68364449612441,1.36421749571713,1.67319628964452,1.95064123371921,"768"
"769/528.402mz/7.93min",2.55261613457443,1.83184350761716,2.26214944195275,1.95059299270939,2.05113914297166,2.56692268453213,"769"
"770/506.4199mz/7.93min",2.29349001481374,1.78637329328481,2.04193454426614,1.9117150500977,2.01760093913393,2.26370654680619,"770"
"771/457.3679mz/7.95min",1.79975598873266,1.35985966749531,1.66983191098203,1.24921160073334,1.71527379299978,1.78723266854775,"771"
"772/477.3338mz/7.94min",1.83398350927021,1.51820317955367,1.95318358559309,1.6691441581914,1.99446614124644,1.98876748167575,"772"
"777/808.5817mz/7.93min",0.413127549952603,2.27860962127759,1.0737553422496,0.405150712026632,2.02960366570223,2.25576756026789,"777"
"783/700.4882mz/7.94min",0.247240028647667,3.03976905595947,1.66833626406845,2.95483481434759,2.95368562627877,0.910551430454456,"783"
"784/768.5501mz/7.94min",-0.767144450830339,-0.0890199830187646,2.05740593386808,1.84988601562697,0.927402708389666,2.21423586609086,"784"
"788/726.5034mz/7.94min",0.223922381687408,3.56705721944094,1.32322429006029,3.5490784291032,3.46414466261666,0.887233485247047,"788"
"790/636.4588mz/7.94min",0.283441573173957,1.91643130581922,1.21021671344844,2.21843336015386,2.10274819872159,0.946753378991904,"790"
"791/810.5962mz/7.94min",1.08407615636798,1.79036047682645,1.87635954859575,1.07609927250501,1.73595283787921,1.90550596850285,"791"
"793/534.4127mz/7.94min",2.05215544937015,1.37021695639441,1.8408454490981,1.55880519270665,1.71147915554596,2.09318470427921,"793"
"794/718.5376mz/7.94min",0.975201801791203,1.65360831047868,3.30506879218622,3.01494222673212,2.47191479783601,1.81287071968631,"794"
"797/746.5684mz/7.92min",0.719918693511749,1.70181804624527,1.81210109140323,1.41091151165477,1.69883007845308,2.23823822640841,"797"
"799/497.36mz/7.94min",1.76262458098565,1.13925140310314,2.18706268988449,1.35809551696287,1.7274517389052,1.79680780051493,"799"
"802/720.5147mz/7.89min",2.08059966767184,1.24981646267896,1.68787619474011,1.91843964135509,2.07523130036913,1.6129315382395,"802"
"803/678.5053mz/7.92min",0.5073943607472,3.28405736424281,1.59072858727315,3.1911204871923,3.15394337701459,1.17070759955989,"803"
"806/606.5088mz/7.94min",2.07950983198653,1.5829030256853,1.8997964538029,1.76186330600638,1.86006324297772,2.03775165751922,"806"
"807/786.5999mz/7.94min",0.564648183550049,3.35129404696911,1.22527659109122,0.556671321449304,2.34753126599334,2.63001418961154,"807"
"808/760.5828mz/7.95min",-0.975706713734552,2.79416601076901,1.35944641928905,-0.285453050636991,2.2168872951446,2.37707990006687,"808"
"810/782.5663mz/7.94min",0.4260515073459,2.09392646890488,1.08667937041419,0.41807466663912,1.8804296530525,2.08696383943749,"810"
"811/788.614mz/7.94min",1.41879289752183,2.8233478068318,2.098682222874,1.41081601193748,2.07066962275126,2.28819111057058,"811"
"812/702.4954mz/7.94min",-0.84861854516826,1.99424521331661,-0.188398553985845,1.92312617862041,1.94556226402386,-0.884197995443619,"812"
"814/624.5192mz/7.94min",2.55529999692213,2.13722215393609,2.20256537292246,2.06483937238502,2.18616006786287,2.46768638400904,"814"
"815/646.5013mz/7.94min",2.95755575669927,2.35671631528285,2.77631989793466,2.44799566893053,2.56954345401781,2.9275786661253,"815"
"816/732.5534mz/7.94min",-1.04899687569405,-0.371624226496384,2.85208420773707,2.01139161991875,1.73410735195437,2.22571747448113,"816"
"817/742.4787mz/7.94min",1.52237378901824,2.22954741445484,1.48403280330944,2.21894614967504,2.17425051876521,1.48671781886137,"817"
"822/719.5414mz/7.95min",0.276735576198204,0.955139872827955,2.78256203712195,2.35818415623037,1.73576832108506,1.6037866794238,"822"
"824/704.5218mz/7.94min",0.445210918566404,3.8096987714428,1.42493738106922,3.83899018701462,3.68374730534126,1.10852389411231,"824"
"827/686.4724mz/7.95min",1.72085891546316,2.52261701994387,1.68251792885458,2.46626445203726,2.37273564963795,1.68520294447482,"827"
"836/644.4855mz/7.95min",1.80960026474479,1.2010956400177,1.72387163021,1.31480202471024,1.54584665426853,1.88177529069109,"836"
"840/740.4831mz/7.96min",2.19647164166702,2.45928625620397,2.64959982984589,2.69758421162709,2.81373193753238,2.58783405529241,"840"
"841/741.4864mz/7.96min",1.7866975278332,2.07001509675613,2.26296254957919,2.32561924677219,2.43804343259429,2.20517258261348,"841"
"846/719.5046mz/7.98min",2.26728469484079,2.24208453041018,2.47109927609994,2.53153965532182,2.61098864990012,2.38174454258304,"846"
"847/718.5014mz/7.98min",2.64758321892554,2.67685841277866,2.84743213447317,2.90783043854126,2.99605879438147,2.80562608839871,"847"
"854/310.3103mz/8.0min",1.61144888954184,1.53912690447622,1.81452476998529,1.51607293085868,1.56728446105568,1.66235769988448,"854"
"857/492.4047mz/7.99min",1.57636719974102,1.8311098658684,2.34413090567429,1.5412410607337,1.88710783121652,1.3326497257582,"857"
"860/506.4199mz/8.01min",1.65175914220238,1.3274832236092,1.59272928803797,1.50659331987022,1.57204276738626,1.64285837034672,"860"
"861/455.3518mz/8.0min",2.30463922959553,1.53966006159088,1.15508409549424,1.67537586892363,2.33954657761459,2.32530825614837,"861"
"862/704.4875mz/8.01min",1.56848961226558,1.0175207295915,1.99202003337466,1.33822167636719,1.94769419525801,1.91965061303601,"862"
"863/470.3628mz/8.02min",1.57504691813209,1.51374352263972,1.86966319886429,1.61722250339807,1.95143419965328,1.74833456621319,"863"
"866/475.3973mz/8.04min",2.07540289456467,1.79321233848562,1.90203781776964,1.94108453057683,2.18324857956938,1.96592119878938,"866"
"869/524.3942mz/8.05min",2.5623916485973,2.42286445912141,2.76028732663884,2.38770989105365,2.57634121013063,2.63033766076879,"869"
"871/474.394mz/8.05min",2.72404586248953,2.25302867157939,2.70861382956109,2.55963508885083,2.81425861510529,2.62216772795657,"871"
"878/529.3497mz/8.06min",1.77211671554022,1.41630247754098,1.80938799220645,1.39989832378834,1.64791182735325,1.78207857859137,"878"
"880/403.3181mz/8.06min",2.18721540031615,1.73842336999698,2.07152812964741,1.73277318411132,1.88667219058265,2.12111730644059,"880"
"882/381.3362mz/8.06min",1.99507988113116,1.74956131371515,2.03659108244087,1.85476290263217,1.94965900725456,1.99790414786688,"882"
"883/479.3495mz/8.07min",2.41717823493998,1.97969168910372,2.3005485671926,2.10253798056627,2.41825319440448,2.48955212731839,"883"
"884/480.3526mz/8.07min",1.76337644754722,1.31947475279981,1.77153001334734,1.45899482282922,1.82297342184873,1.8824487151549,"884"
"885/490.3868mz/8.07min",2.80569990706881,2.40825633503185,2.6194131716938,2.56827090351374,2.60727054168947,2.78649355645224,"885"
"887/491.3902mz/8.07min",2.28863081342147,1.88172550947845,2.11634901393704,1.97610787047112,2.16941368212219,2.2596526868642,"887"
"890/469.4078mz/8.08min",2.30129183567461,2.02789344023076,2.2146483650188,2.16870207442274,2.30579895996964,2.30954993694921,"890"
"891/468.4045mz/8.08min",2.8191032574073,2.56224968185107,2.72175373755701,2.6992672572819,2.82316596816554,2.8289225182732,"891"
"892/630.5062mz/8.08min",2.41318488336886,2.1570329094026,2.26743399635143,2.23560780732089,2.21054876704549,2.30904645042274,"892"
"894/450.3939mz/8.08min",1.74907480319193,1.48625093159015,1.69267604834025,1.6282853118256,1.74801499068572,1.75579651398433,"894"
"895/590.514mz/8.08min",2.60323848111554,2.3572866355467,2.46019323207572,2.49155187340538,2.49920494381528,2.53477162875518,"895"
"896/572.5033mz/8.08min",1.72867265120238,1.5086678683273,1.58350225029004,1.63502729493152,1.61927317947182,1.65237621350807,"896"
"898/457.3677mz/8.08min",2.12372863973508,1.88208091510985,2.34677761237199,2.11326514479209,2.2080669590664,2.18035621109633,"898"
"902/439.3573mz/8.08min",1.97452830849358,1.78343193857087,1.9822200831665,1.90093941883807,2.12708465136867,1.72604514312396,"902"
"904/481.3655mz/8.09min",2.18623203380211,1.68932472165874,1.91757994686187,1.79916364379972,2.00692351750388,2.15380341442286,"904"
"906/366.3364mz/8.09min",1.9135896324662,1.30929172991386,1.61515354028283,1.42288927276619,1.82198106812173,1.91376157132107,"906"
"911/441.3728mz/8.1min",2.21509083977318,1.86971681706274,2.11958203300484,2.07257901651995,2.22288059679431,2.24328001375612,"911"
"912/623.507mz/8.18min",1.86212892341081,1.57130018355545,1.51530587251847,1.88436247322749,1.93410773897008,1.64369446351047,"912"
"914/423.3622mz/8.11min",1.87170290649647,1.63521973853755,1.89071382099807,1.75981123463405,1.89871524901656,1.85849820290377,"914"
"917/692.5143mz/8.14min",0.370448992582566,1.95906423610498,1.03107651886302,2.51086763979559,2.00230585188744,0.334793300413748,"917"
"918/437.3412mz/8.11min",1.90785493598022,1.74045976686928,2.04606140279709,1.89078639368905,2.09587366563955,1.94322111080659,"918"
"925/470.3628mz/8.13min",2.13141015631266,2.14833421549261,2.29178009924028,2.19934727143619,2.50261251867765,2.29366978051513,"925"
"926/623.4476mz/8.15min",0.842536207077469,1.73588398291777,1.72457392144757,2.06273051160756,2.12146237737682,1.66067171209379,"926"
"927/622.4442mz/8.15min",1.65027417924143,2.32454605234308,2.18304972105357,2.51404118504351,2.57198175252329,2.1740844013833,"927"
"933/690.5063mz/8.14min",2.52537144008101,3.20377804108702,2.48703045288514,3.51879394394875,3.29211083090199,2.48971546854997,"933"
"935/352.3209mz/8.14min",1.92712720572062,1.31898740246747,1.64147203237045,1.41221226704422,1.78384723188863,1.87665038607001,"935"
"937/608.4285mz/8.14min",1.66326328460717,1.82533769673401,1.84621532836118,1.84543050197883,1.92360572295516,1.76200538250025,"937"
"941/477.413mz/8.17min",1.85681139563219,1.43758074255011,1.94765530262731,1.68339180496529,1.89662949826891,1.89595755371619,"941"
"942/524.3943mz/8.16min",2.09114250618369,2.1187506950725,2.37890063225472,2.08672024546325,2.26244644608798,2.15203296796613,"942"
"946/476.4098mz/8.18min",2.3502413976973,2.18825948444388,2.43646953950371,2.24044623046869,2.38515051421317,2.37517064966535,"946"
"948/622.5035mz/8.18min",2.22769578057775,2.20142624455173,2.13809572554529,2.29154884227203,2.33617460438806,2.22685080773873,"948"
"950/607.512mz/8.21min",1.72269792509209,1.67296261651178,1.64185066192034,1.71263501135557,1.7709547698244,1.69315948520768,"950"
"951/628.4908mz/8.21min",1.90720695410614,1.82622383857836,1.76990302492118,1.92260863403662,1.87129307884981,1.83566527329922,"951"
"953/606.5089mz/8.21min",2.11291607915347,2.04547725280629,2.03135534311197,2.12079559037759,2.19860645253041,2.09116287276936,"953"
"955/630.5061mz/8.23min",1.95576275005448,1.89595290381411,1.88710671524464,2.51369010330087,2.58532988120707,1.9161465626789,"955"
"956/550.4463mz/8.21min",1.79468505845511,1.65254331230784,1.71587197286892,1.84575717290212,1.91586215791411,1.90130270389201,"956"
"957/644.4862mz/8.21min",2.14266394071671,2.01511739198973,1.99325460886555,2.14631561151214,2.12003547574796,2.11065592461541,"957"
"958/590.514mz/8.21min",2.01040711776353,2.01866753648049,2.02387597513614,2.14094500927082,2.13611563960625,2.03235813754375,"958"
"961/563.2951mz/8.22min",1.92264798175915,1.15626211127286,1.77015118239467,1.80832689923734,1.63034137645399,1.6152015226427,"961"
"962/629.4941mz/8.24min",2.35807106384779,2.08604905859682,2.20706397554593,1.53844959433395,1.46251019657888,1.43681524012513,"962"
"963/356.3522mz/8.23min",1.9221136304177,1.70187704503901,1.8297732266099,1.79767006313909,1.77087388529449,1.8794957529586,"963"
"964/631.5097mz/8.25min",2.34974438303681,2.04026009451872,2.22635297508041,1.63048466163978,1.57794949453298,2.33049371318057,"964"
"966/384.3471mz/8.24min",2.31316321472849,2.07198587979091,2.19878638181425,2.15893817842436,2.27538362810441,2.34674224515922,"966"
"967/490.3886mz/8.2min",1.55174256816327,2.09201828335804,2.67669049933439,1.86658164349719,1.92674053090796,1.39530564274972,"967"
"970/441.3731mz/8.25min",1.80549131678214,1.63126987857056,1.8799001586219,1.70947848896408,1.83323710354547,1.77515156519016,"970"
"973/407.367mz/8.26min",2.27221687308841,2.04116857703162,2.19805624099421,2.18520677427414,2.30368242091605,2.25825150272981,"973"
"975/366.3365mz/8.26min",1.86896370249122,1.28673890144717,1.59771261660628,1.41166487792744,1.82158603231424,1.87903637648527,"975"
"976/628.1943mz/8.26min",1.79752058717895,1.69202838812034,1.73666205278388,1.71874803878211,1.82870406689981,1.79177199241787,"976"
"977/590.5139mz/8.27min",2.36943663501619,2.1480148316618,2.23823059336494,2.27675926796376,2.31299068534356,2.35631147761636,"977"
"982/660.5166mz/8.27min",2.11302874366251,1.66875173825805,1.92723352991436,1.87808286676593,2.06298117713129,2.05142753739642,"982"
"984/481.3655mz/8.27min",2.06060011280434,1.60728585036555,1.96508509914875,1.77397206547411,1.94829303650816,2.07047927477701,"984"
"985/630.5061mz/8.27min",2.7772164729971,2.44144983027311,2.6465879407505,2.70729014633404,2.7278068612675,2.76184841914052,"985"
"988/519.3651mz/8.28min",1.92675565984502,1.63394249158887,1.95459574571507,1.74538110071299,1.91805658576454,1.89731538805002,"988"
"992/606.5087mz/8.28min",2.14873289147355,1.87854491627962,2.14233896917271,1.91178458238892,2.00141410026935,2.05790615505624,"992"
"998/425.3777mz/8.28min",2.32705908725103,2.0176337624794,2.13829565571212,2.09881636695967,2.30876307990655,2.20097882181132,"998"
"999/588.4987mz/8.28min",2.11951467125557,1.84855075898523,1.99549428577021,2.01457238480434,1.9992449732373,2.0377477338969,"999"
"1004/622.4441mz/8.28min",2.35819379124191,1.82796214640851,2.52782910061127,1.82800895974829,2.02207946361998,2.52396466059184,"1004"
"1005/465.3701mz/8.28min",1.74817725498768,1.2562318255025,1.48013122926969,1.45254147036762,1.66087397996872,1.7236851602625,"1005"
"1007/480.3526mz/8.31min",2.01666250274813,1.54024147925625,2.25447019364736,1.91645743688253,2.24618540788662,2.12821942283801,"1007"
"1009/746.5678mz/8.27min",0.69158464609684,1.76577417356315,1.8604404295178,1.57917649056041,1.34346104418391,1.6086004813192,"1009"
"1010/644.4282mz/8.28min",2.08598675054696,1.83832163983521,2.31350412427869,1.83156617658104,1.99326849761062,2.22036653103447,"1010"
"1013/623.4476mz/8.27min",1.7632680965454,1.29654997586703,2.06269697934558,1.60788237138755,1.73994121524785,2.05240744223451,"1013"
"1026/726.5042mz/8.28min",-0.426105102090425,2.77666000857729,1.15147649983805,2.72767153102619,2.6486120087459,0.237150474080498,"1026"
"1035/700.4881mz/8.29min",-0.699544017082513,2.38882072558307,0.861851589676134,2.30543060096279,2.28250815076548,-0.0364359419663848,"1035"
"1036/704.5218mz/8.29min",0.0708107521389374,2.81913938862361,1.28357821891778,2.67514797687357,2.65727941697598,0.734118855972834,"1036"
"1037/712.4881mz/8.29min",1.70158191990438,2.3799885177263,1.66324093335169,2.6206168197469,2.37023898030537,1.66592594896769,"1037"
"1043/622.5034mz/8.29min",2.04389466551343,1.74324631716038,1.80988654707913,1.84314044301023,1.94090439180606,2.03104167855386,"1043"
"1048/508.4355mz/8.3min",1.86270869511353,1.55869117904207,1.6847902751529,1.72055088773525,1.80392618422842,1.84077426310546,"1048"
"1049/497.36mz/8.3min",1.77026408097935,1.33894926551839,1.65908507289304,1.43519151667595,1.67584364644148,1.7214481626479,"1049"
"1051/644.4863mz/8.3min",2.56104112599655,2.2056397175943,2.32478828714016,2.34814305206268,2.48996184170571,2.55325636285898,"1051"
"1052/530.4177mz/8.3min",2.29889623928115,1.88821912851971,2.12870157167768,2.10397761029417,2.20202749950567,2.29374673623228,"1052"
"1055/479.3493mz/8.3min",2.56843795198078,2.48027516821201,2.92114079298954,2.47958434622074,2.80944282975904,2.61642912969329,"1055"
"1056/399.3256mz/8.33min",2.05964888951218,1.11361845292658,1.42151474467431,1.66536722659852,1.77011904096133,1.78959524595266,"1056"
"1063/507.3653mz/8.31min",2.03336422411604,1.70902702464914,1.72554702253738,1.64984529217201,1.74951901209787,1.98865535811205,"1063"
"1065/457.3675mz/8.31min",2.53875903183666,2.24030593933552,2.48368484897404,2.44566690264242,2.60527402375744,2.55787675796465,"1065"
"1066/440.3592mz/8.33min",1.53261643164245,1.49281515488166,1.86974327794105,1.60072288558207,1.8156915563002,1.69660370967719,"1066"
"1068/508.3993mz/8.34min",2.0923149435803,2.35694704226385,2.71266727738176,2.0492387172648,2.2943173467541,2.27404754437911,"1068"
"1069/604.4932mz/8.32min",1.80220637597027,1.41413401061444,1.48908147952244,1.57262529674262,1.66431991427071,1.85263170990358,"1069"
"1071/439.3569mz/8.32min",2.22921720514363,2.13271694006321,2.43992867939118,2.22071307329622,2.35818970068656,2.24121291651355,"1071"
"1076/534.4514mz/8.34min",2.01998263602401,1.78631139979334,1.82531090098069,1.95124880961356,1.9417762488669,1.98462040338838,"1076"
"1077/556.4333mz/8.34min",2.13795528703309,1.71292091405322,1.79823843923705,1.96332181261292,1.96310235501196,2.0552255308752,"1077"
"1080/674.5322mz/8.34min",2.34378670078608,2.12839942182813,2.16823546096293,2.27398003803157,2.22097301518915,2.28880681389297,"1080"
"1083/628.4907mz/8.28min",2.8157729051435,2.49180235528363,2.64228428958794,2.49620872146932,2.54754608070396,2.65818361900123,"1083"
"1084/652.5505mz/8.34min",2.02877253515481,1.83956237285587,1.85318066741793,1.94790547074554,2.01176457859606,1.97965264668721,"1084"
"1085/606.5084mz/8.33min",1.83724197672653,1.64577040039664,1.95701570080427,1.85027292760673,1.86897560486459,1.84455948001196,"1085"
"1089/474.394mz/8.36min",2.76281084615993,2.76350968857106,3.15147787342726,2.7610566071622,3.00382893807831,2.80203903766818,"1089"
"1090/475.3973mz/8.36min",2.26891764343997,2.26974649062652,2.66991007751521,2.21172231323007,2.27945301632513,2.3376647630677,"1090"
"1095/476.4095mz/8.39min",2.26834468897604,2.05018289440587,1.98961062378154,2.14003199077947,2.26505123858142,2.22789502867081,"1095"
"1096/477.4131mz/8.39min",1.75976113727654,1.52561021415884,1.73882375047008,1.62000299552021,1.76624875537839,1.73971675175547,"1096"
"1099/481.3653mz/8.4min",2.08441361127518,1.81801452128656,1.93924820252951,1.90399084872832,2.03243526917939,2.02327708426303,"1099"
"1100/407.3673mz/8.4min",1.71662001230776,1.47256783966162,1.46235030315462,1.59824565237259,1.62034623493063,1.65747325032324,"1100"
"1101/341.2837mz/8.4min",1.81018221410549,1.72605233808951,1.8899679777754,1.84530414184549,1.96326398673175,1.83796722731742,"1101"
"1107/675.6757mz/8.41min",1.96666831915213,2.12767505974037,2.34264564915302,1.81432980750242,1.87682425208389,2.02193108884918,"1107"
"1109/338.3417mz/8.41min",3.11749228721583,3.26124209104525,3.47769788043021,3.00194874089496,3.12457604814024,3.21972833641942,"1109"
"1114/644.486mz/8.41min",1.59409299023029,1.55990015656803,1.53511436221533,1.63971660800174,1.67560477595209,1.58995835472006,"1114"
"1115/497.3598mz/8.42min",2.0407311906293,1.61999051108961,1.83916350164443,1.69397608719701,1.86408939551516,1.8606448093286,"1115"
"1120/463.3544mz/8.42min",2.45712189330912,2.25569886114272,2.466238360131,2.36207705249593,2.51027119614114,2.47136812320312,"1120"
"1122/622.5037mz/8.43min",1.76486643996949,1.59106183574862,1.63941992150479,1.7281638382351,1.82058111533792,1.75710728326531,"1122"
"1125/397.3099mz/8.43min",1.74726713930821,1.45965690859143,1.55124019052625,1.65057078122759,1.82917040660545,1.78145125576582,"1125"
"1126/391.2841mz/8.44min",1.74014671957329,1.61737800147931,1.67215696591578,1.61451293421675,1.62009622922254,1.60716389482102,"1126"
"1127/604.4934mz/8.44min",1.70939772416647,1.50466207966837,1.49551032854814,1.62692080926124,1.67409534930097,1.70531130172267,"1127"
"1130/424.3653mz/8.45min",2.59008372728928,2.42470613982791,2.56533980404753,2.61448872625864,2.64937484904515,2.54078834254201,"1130"
"1131/508.3994mz/8.42min",1.49414268554559,2.76721000821,3.02930716669405,2.23182804261852,2.55154299296203,1.72129988089903,"1131"
"1132/423.362mz/8.45min",3.07560711506396,2.99027591297177,3.16679585213662,3.11026352795021,3.14216174942912,3.02560015166398,"1132"
"1134/509.4026mz/8.42min",0.967952531029233,2.27473593367234,2.62122410296957,1.07255002709127,2.25221794392326,1.08388338535579,"1134"
"1136/405.3513mz/8.46min",1.91214057524138,1.80859495620889,2.02167436604321,1.94630465036398,1.96438903374782,1.86203831865901,"1136"
"1137/658.5375mz/8.46min",1.86686271905862,1.71256983229566,1.7149593442318,1.88299907510744,1.76937263787015,1.78090377178452,"1137"
"1138/442.3759mz/8.45min",2.11388421168957,1.969325383773,2.10516727695283,2.1144707075544,2.18498577552497,2.12981780156046,"1138"
"1139/618.5452mz/8.46min",2.2340030167668,1.98235000395965,2.08956033178324,2.14427257773332,2.20006518181005,2.19949827456737,"1139"
"1140/441.3727mz/8.46min",2.60999363143371,2.49469223708058,2.59202651351602,2.6135421890145,2.70958975458676,2.62073553540867,"1140"
"1142/484.4147mz/8.47min",1.93389752427039,1.84089933055283,1.77225262598417,1.78539871332683,1.82261810710659,1.77248889973115,"1142"
"1143/490.3889mz/8.47min",0.665248539331269,2.00996894562125,2.11192333309068,1.8250899910081,2.14834230442992,1.42080474975456,"1143"
"1144/925.2695mz/8.49min",2.27385502611852,2.28128039203875,0.711376372397176,2.30553766766948,2.17920699050608,2.21690007555164,"1144"
"1148/572.5033mz/8.48min",1.93824207639116,1.5807478264623,1.83942970100878,1.84516627775626,1.91157275986747,1.92728238461451,"1148"
"1149/924.2685mz/8.49min",2.33679865765199,2.34876205777484,0.936519243664978,2.36385317139663,2.23647222128305,2.28417080921106,"1149"
"1150/590.5139mz/8.48min",2.54845149206076,2.31339991434342,2.4512725602149,2.45660383500407,2.47608653080603,2.5333402781624,"1150"
"1151/630.5065mz/8.48min",2.18558359456408,1.98173782815413,2.09392332798624,2.21494321877786,2.08951018376945,2.10808536421837,"1151"
"1155/493.4078mz/8.49min",2.55327193938185,2.45718209255394,2.55898767755023,2.55345742211483,2.70300115331117,2.59665365283834,"1155"
"1156/492.4045mz/8.5min",3.07133944491609,2.94901187657495,3.03593440735928,3.06170432646556,3.18648123907073,3.08495849657322,"1156"
"1157/425.3783mz/8.5min",2.0228779179275,1.71500208254723,1.82617687282522,1.90127267154423,1.93926566237245,2.00005575053405,"1157"
"1160/459.4023mz/8.51min",1.79727940695989,1.68386589938981,1.84899031661181,1.78688424748917,1.89336103021631,2.18763304692674,"1160"
"1162/626.4751mz/8.51min",1.70987625977681,1.57443055561262,1.60330184503346,1.71550707617206,1.76262789938556,1.71191751421801,"1162"
"1163/544.4337mz/8.51min",1.73734180041253,1.48708254802979,1.6381248180477,1.67316427084949,1.64501941881981,1.6537842131671,"1163"
"1166/522.4514mz/8.51min",2.32819797186803,2.04581107929511,2.23451528466387,2.20789177993966,2.32081641390924,2.3097293545049,"1166"
"1167/604.4934mz/8.51min",2.14119349040501,1.89575236052092,2.03441179579243,2.05996168332808,2.14021873365396,2.10276412081131,"1167"
"1168/523.4547mz/8.51min",1.86602510510206,1.58675906606703,1.76933548702276,1.73688699126217,1.8531146221267,1.84371973237122,"1168"
"1170/458.399mz/8.51min",2.65117852810559,2.51584146612015,2.64746731874189,2.65389024881063,2.76048995463075,2.66955377857004,"1170"
"1178/442.376mz/8.53min",1.71561809388366,1.5886122503281,2.11021014475346,1.69422285367554,1.78475048473314,1.7088961841082,"1178"
"1180/504.4408mz/8.53min",2.10228120756365,1.90699651764134,1.97724039655199,1.93421361272893,1.91539036442263,1.96928698363201,"1180"
"1181/146.9803mz/8.59min",2.86327365487402,2.81860744071721,3.25823478134721,2.8211113898251,2.75510438335011,2.76188386813607,"1181"
"1182/650.5348mz/8.53min",2.00727243254974,1.68523549595512,1.81606943830286,1.8123219241725,1.95979120671129,2.03749366929813,"1182"
"1183/456.4406mz/8.54min",1.66360164443685,1.46945668150128,1.63489981144843,1.56806275314795,1.56655589578274,1.57885496445351,"1183"
"1184/548.5035mz/8.54min",1.66793008535993,1.22841037553389,1.56925049133798,1.27771764948184,1.67819875301547,1.68126614960827,"1184"
"1185/441.3727mz/8.55min",2.19370428102247,2.06167159733573,2.22332146176052,2.15827162970619,2.23724149229516,2.17305732354779,"1185"
"1187/497.3598mz/8.55min",1.71503821181214,1.64549111640194,1.73752292311216,1.75003575472228,1.89630816338658,1.82085982733447,"1187"
"1191/702.2126mz/8.56min",1.79265423452567,1.76004164810982,1.6912729138794,1.76583324104002,1.80538200233325,1.74897602849096,"1191"
"1193/634.54mz/8.56min",1.95486595418386,1.54008098848878,1.81225873451588,1.81270990635681,1.92517357156414,1.93759801599088,"1193"
"1199/590.5139mz/8.53min",1.84008855692528,2.11351992033099,2.38279879530106,2.38590294762368,1.85998292357915,1.91785676361937,"1199"
"1201/440.36mz/8.6min",2.32267994823173,2.15070265173101,2.58629668056514,2.31275984030114,2.45647789150201,2.37592498374366,"1201"
"1202/439.3568mz/8.59min",2.81974718269969,2.68615881651345,3.06442552998644,2.79360470827946,2.9463022954424,2.86475469819796,"1202"
"1203/898.6238mz/8.59min",1.82655638678044,1.63247745608604,1.68190593592797,1.60762634815883,1.63186431136926,1.59326341576791,"1203"
"1206/470.399mz/8.61min",1.6207307573985,1.21837924392139,1.89924099895044,1.65592022448594,1.76782364677051,1.40881111277316,"1206"
"1208/484.4148mz/8.61min",1.66433216358928,1.54189045394958,1.90650964590803,1.74809795513584,1.82757134588396,1.59594428480739,"1208"
"1209/456.3834mz/8.61min",2.93556563734374,2.86266260241335,3.28447304930043,2.92680711205036,3.10709751684242,3.01010151282932,"1209"
"1210/461.3387mz/8.61min",2.5338045706585,2.46890618098907,2.77492509502048,2.55269484174403,2.67353413901264,2.62037564364366,"1210"
"1214/457.3867mz/8.61min",2.45523906559718,2.19591536085473,2.80362169360525,2.09796148101137,2.62162277130939,2.521150756322,"1214"
"1216/684.2027mz/8.62min",4.01788237235803,4.01782573150818,0.506914620798284,4.02365384480644,3.90389257927254,3.93458995518063,"1216"
"1219/618.5448mz/8.57min",1.6293289235595,1.73441738881185,1.54828741393082,1.49963892130173,1.61831586032957,1.94939992744493,"1219"
"1221/687.2009mz/8.62min",3.36187947591243,3.36449087620249,2.56206013941667,3.36915801003484,3.25227786370294,3.27867610774598,"1221"
"1223/689.1981mz/8.63min",2.5132724079129,2.51912949478728,1.71023097685034,2.52111192036823,2.40044869806086,2.42735326394389,"1223"
"1224/690.1972mz/8.63min",1.99502006710237,2.00182462794885,1.19634095624288,1.99408663182105,1.88655864714004,1.92462435454751,"1224"
"1233/712.216mz/8.65min",1.93432448603033,2.10284658096274,1.12717536412677,2.1201202490919,1.93777139816734,1.82883033802778,"1233"
"1234/710.2181mz/8.65min",2.43358222726715,2.45966311059103,1.61580144406589,2.47144235384085,2.30601916356704,2.34486621848214,"1234"
"1236/423.3621mz/8.65min",1.59045177875897,1.41135003780769,1.88323429444408,1.60645518294318,1.66755407871552,1.66053207790997,"1236"
"1237/458.3994mz/8.65min",1.88097743325255,1.5678475001121,2.03969954839958,1.73820735800966,1.92297169635857,1.94342645277453,"1237"
"1238/146.9803mz/8.66min",3.26673331282722,3.24206700254087,2.83513820397292,3.29623066439706,3.10226221644685,3.11325308528652,"1238"
"1240/441.3728mz/8.66min",1.69226035477676,1.43177762683246,1.96217686794201,1.61298073536883,1.7536487963738,1.78289478079903,"1240"
"1242/850.25mz/8.66min",1.76329809822745,1.79115212518583,0.990218100340306,1.76485989246594,1.68043573826008,1.78325408876952,"1242"
"1243/410.399mz/8.66min",1.77247633134704,1.57964155130856,1.93392159892117,1.67562144168922,1.63987236162771,1.73625235670293,"1243"
"1244/144.9822mz/8.66min",3.61601126397417,3.58727809907637,3.60325198613577,3.64797334159805,3.44636684410655,3.45922798673965,"1244"
"1245/463.3547mz/8.66min",1.65747201776469,1.29475894755845,1.72979036042987,1.52720156830892,1.65561473181158,1.8181895109282,"1245"
"1256/131.5335mz/8.69min",0.930458172653027,1.65982281607524,1.64699533324447,0.840068033554755,1.64306597526654,1.75484214576978,"1256"
"1257/575.4278mz/8.68min",2.21314284999749,2.1175820030505,2.46425877934458,2.20781463288501,2.2890847177057,2.29848541208028,"1257"
"1259/553.4458mz/8.68min",1.58230920927283,1.53994501379836,1.96319071481911,1.61781660598766,1.69196049724724,1.69156771067569,"1259"
"1262/461.3388mz/8.69min",1.95208896715345,1.79474223375244,2.22045868967447,1.92749420780203,2.1144686127902,2.06126531661509,"1262"
"1263/570.4723mz/8.69min",1.80601899601348,1.73451883355859,2.10609175077156,1.804432318757,1.86631746177601,1.89379695310229,"1263"
"1265/462.342mz/8.61min",1.91777897839215,1.85326705889033,2.38909248659227,1.91190856519461,2.18098080475621,1.89298012369105,"1265"
"1267/439.3568mz/8.69min",2.13123780487187,2.10746098702154,2.47036136610142,2.18059526946022,2.32955534670955,2.23236078425301,"1267"
"1269/440.3601mz/8.65min",1.66088070118781,1.62848357323271,2.29622406811596,1.69439011014477,2.02475845849831,1.91100559840602,"1269"
"1270/456.3834mz/8.7min",2.39458185845868,2.31289793398325,2.67602948214647,2.4173444889301,2.60096619604375,2.51534460394694,"1270"
"1272/425.3777mz/8.7min",1.89994831134952,1.76715430363612,2.02956187383672,1.8056560622259,1.86376936759707,1.90658583165929,"1272"
"1273/139.9879mz/8.72min",1.9426370388555,1.86403544947517,1.90342597411808,1.62273719499766,1.6635699837273,1.96336169043588,"1273"
"1275/112.0179mz/8.7min",1.92241121205447,1.92901523542827,1.96585996363301,1.89665362299248,1.84454515594844,1.95000148297633,"1275"
"1277/111.0201mz/8.71min",2.36608262625866,2.35416308522793,2.36938581810829,2.37906102623879,2.23126028785176,2.33526967578649,"1277"
"1279/465.3702mz/8.72min",1.70295298573059,1.33586734558472,1.70648605846538,1.4239554357559,1.58737720151319,1.7487671910624,"1279"
"1281/461.418mz/8.72min",2.24176507037071,2.01205394014031,2.26591578906252,2.09145721683944,2.22908300781602,2.3166476463072,"1281"
"1283/460.4147mz/8.72min",2.72484136099861,2.4950492183674,2.74614821466712,2.57801662865638,2.71694595319976,2.7982071561175,"1283"
"1288/184.9855mz/8.72min",2.70096653423432,2.56177090523965,2.56813593698806,2.64014512140357,2.44715056347767,2.4766529109422,"1288"
"1290/590.5138mz/8.73min",1.58471226638367,1.51774844132248,1.70391376893259,1.56594162692114,1.66169099848397,1.59780324035901,"1290"
"1295/654.5064mz/8.82min",1.79631106704126,1.51067396455062,1.80811888439645,1.655044205527,1.82267206499062,1.88267430390757,"1295"
"1296/366.3729mz/8.76min",2.03138679684861,1.87367588689207,2.13882952052942,1.93004246126461,2.00940773137926,2.08390887079328,"1296"
"1297/980.2776mz/8.77min",3.25104656059504,2.43035245437985,2.41257487043598,3.419126098691,3.10279259466076,2.41525988610036,"1297"
"1298/981.2783mz/8.77min",3.22645636658853,2.40730037825517,2.38952279431244,3.24471801220386,3.07974051852338,2.39220780997663,"1298"
"1299/982.2768mz/8.77min",3.18949314402866,2.37725174877225,2.35947416483119,3.36110196388955,3.04969188902173,2.36215918049512,"1299"
"1300/983.2764mz/8.77min",2.97308848150295,2.15542810749612,2.13765052357807,3.14200779868767,2.8278682474881,2.1403355392384,"1300"
"1303/1128.3157mz/8.73min",2.47320164212498,1.84491735134531,1.12816980907235,1.15853390399499,1.83555472358969,1.13085482415118,"1303"
"1306/506.4565mz/8.78min",1.74437440444054,1.53024235320249,1.79220098458052,1.64005823015664,1.76401331012411,1.79084992968016,"1306"
"1307/528.4394mz/8.78min",1.6754867833562,1.40043690738965,1.64990697641249,1.53352351961134,1.54888704802578,1.67721414059092,"1307"
"1308/476.4096mz/8.78min",1.60447662836174,2.34795294677575,2.77780337841463,1.97845491204052,2.22734507945032,1.73577159458614,"1308"
"1311/758.5542mz/8.79min",1.89622719974586,1.63156986943983,1.73624126723181,1.75869423168729,1.49103857371438,1.57020756880093,"1311"
"1312/736.572mz/8.79min",1.84226712005642,1.68357103483299,1.74471087562015,1.63221167949914,1.64044827633501,1.70601479364083,"1312"
"1313/766.6912mz/8.79min",1.64958259238888,2.56956212840921,1.61124160601423,1.64160570649764,2.4395524445177,2.31289662105511,"1313"
"1315/848.2708mz/8.8min",2.11206200242675,2.13699622492967,1.28098081942688,2.14566063472373,1.97119852112191,2.03222935208157,"1315"
"1316/850.2709mz/8.8min",1.90134052512969,1.93701301746616,1.08877463071884,1.95660234161635,1.77899230017074,1.84124424217133,"1316"
"1318/548.5035mz/8.82min",1.91908184038298,1.46438873206731,1.80089120107658,1.55765784095817,1.90102637187875,1.90225071780055,"1318"
"1319/618.5452mz/8.82min",2.04649550566441,1.67521158963139,2.02428911659209,1.95168113205125,1.98970770280267,2.06666501085255,"1319"
"1320/658.5379mz/8.82min",2.21936972768495,1.80985130803696,2.11748112725053,2.13343866936055,2.04281520929967,2.09715627379989,"1320"
"1326/659.5413mz/8.82min",1.80509955618502,1.36650544691494,1.68254057085234,1.7319663018434,1.5938050694219,1.67248465975706,"1326"
"1328/1072.3075mz/8.85min",2.69193374710992,2.671208379369,1.98498517126541,2.69160031045412,2.54516730134943,2.59145179537274,"1328"
"1329/1073.3082mz/8.85min",2.70343934266466,2.68143654412825,2.00034445875188,2.69493167726398,2.55955782188816,2.60520957260878,"1329"
"1330/1074.3068mz/8.85min",2.68623869083033,2.6665079250321,1.98605605422752,2.68645214288597,2.542155727747,2.58799912867747,"1330"
"1340/484.4722mz/8.9min",2.05450982586042,1.81919000510075,2.08087592600715,1.8912651257125,1.95880095893586,1.99699717202441,"1340"
"1341/458.3991mz/8.91min",1.82836948477991,1.67130093458228,1.9911596269539,1.75977234134701,1.87760693417425,1.92014679986081,"1341"
"1342/590.514mz/8.92min",1.85869379115799,1.52546628393683,1.86118003640175,1.63798337395566,1.86016292915622,1.89860296923785,"1342"
"1343/618.545mz/8.92min",1.58053133038591,1.18278191677859,1.59428158515874,1.28796590632542,1.59708703905043,1.64591573067837,"1343"
"1346/908.2377mz/8.92min",2.60057712309618,2.56329435965927,1.784206285796,2.60507290570016,2.47442400791242,2.51039220850008,"1346"
"1347/441.3726mz/8.92min",1.56376080973751,1.48257187952,1.85747166465976,1.56654454610705,1.59813870241009,1.70703982555781,"1347"
"1355/546.4879mz/8.96min",1.76560274864284,1.61691447810075,1.66435419971014,1.52581997177396,1.54987831391296,1.66430989519626,"1355"
"1360/603.4593mz/8.99min",2.40571966787371,2.24446932181414,2.56817196203257,2.42999332639022,2.40846135676288,2.41592069002788,"1360"
"1363/604.4628mz/8.99min",1.97804552840525,1.81602589637002,2.13757198889904,1.99533508128758,1.97863001384139,1.97479106249829,"1363"
"1366/672.5533mz/9.0min",2.1383605615317,1.62819546190321,1.96570253585004,1.95971999067952,2.01004234201107,2.07994403069606,"1366"
"1367/568.4697mz/8.97min",2.0417181601671,1.57098888466674,1.75154719367026,1.76929272843825,1.46279884436289,1.4074258558161,"1367"
"1368/465.37mz/9.0min",2.02259596680731,1.66263817207108,1.88436240702966,1.81961751014988,1.74274033166004,1.91514479740239,"1368"
"1370/712.5843mz/9.01min",2.14448002706531,1.67858559947297,1.94403125015871,1.97853796106976,1.84317081085633,1.9382925591205,"1370"
"1373/640.5271mz/9.01min",2.08352425486976,1.49301877797045,1.88665223144595,1.73973881648852,1.66190976251148,1.67864085751555,"1373"
"1375/771.6467mz/9.02min",1.40377907039138,2.38994904252695,1.36543808577382,1.39580218484059,2.05565579476832,2.39518453957791,"1375"
"1379/717.6mz/9.02min",0.997705505601445,0.977142110998883,2.03878010137762,2.25695298915501,1.64958215994058,1.7116454994177,"1379"
"1391/999.2888mz/9.11min",2.00222062327594,2.05766226804093,0.687414418238077,2.03993592292439,1.88994737695304,1.94097207864302,"1391"
"1392/998.2878mz/9.11min",2.03026231640401,2.07733143731025,0.659393533743529,2.0675471491725,1.91368675916689,1.96245010138501,"1392"
"1397/786.5847mz/9.16min",1.94072044802417,1.50977270759953,1.62247428736592,1.66741249387827,1.44128238427485,1.56057084942744,"1397"
"1402/582.4854mz/9.21min",2.6809108482199,2.26213291520089,2.4015200659693,2.40488352882318,2.31379054795368,2.39154691148399,"1402"
"1403/560.5035mz/9.21min",2.50976072139755,2.2820493417865,2.35954167820241,2.3198324509853,2.40364842234886,2.39803478470023,"1403"
"1404/712.5845mz/9.24min",1.84669946619797,1.332539320096,1.60013743759755,1.62027157050425,1.68540575029739,1.73904374345134,"1404"
"1415/487.2993mz/9.26min",1.90132800746803,1.7542301218865,1.87568372787347,1.8435307578627,1.81347900632605,1.8262434931712,"1415"
"1416/633.5049mz/9.26min",1.88938274914705,1.59149057495187,1.82175650866134,1.87417781135591,1.86073999336088,1.77788476903658,"1416"
"1418/907.2594mz/9.29min",2.9843848787993,3.03365767734312,2.21479914848522,2.24516324960083,2.20604686851075,2.91645416817926,"1418"
"1419/906.2587mz/9.29min",3.04571756284997,3.09046628424046,2.27489975191287,2.30526385303859,2.2661474719352,2.97655477168136,"1419"
"1420/908.2577mz/9.29min",2.93535831783919,3.07863228675321,2.16352348502219,2.19388758612666,2.15477120505123,2.86517850463422,"1420"
"1421/909.2572mz/9.29min",2.68718808214036,2.82792302682291,1.91310297997518,1.94346708096477,1.90435070004043,2.61475799874162,"1421"
"1422/631.4905mz/9.29min",2.57826107063773,2.33242991210795,2.66149780703163,2.56473179061186,2.57421935725209,2.51141520028761,"1422"
"1423/911.2561mz/9.29min",2.01305809133803,2.06136733208861,1.21758001133972,1.24794410836667,1.20882773265389,1.9192350009398,"1423"
"1424/910.2559mz/9.29min",2.40485482754797,2.4505110232115,1.63368659096946,1.66405069151907,1.62493431117338,2.33534160649752,"1424"
"1430/626.5351mz/9.31min",1.71650412697198,1.58265117389249,1.96764865106737,1.81790993326176,1.91297220167993,1.73288083749356,"1430"
"1432/512.5034mz/9.31min",2.4649315760943,2.25906090894341,2.48801808018939,2.41343771850819,2.398618469247,2.413143689068,"1432"
"1436/658.5093mz/9.33min",1.83237729026136,1.63014809663849,2.11384811513349,1.78615526701555,1.77077309529725,1.86416424849765,"1436"
"1437/657.5059mz/9.33min",2.4381891727036,2.01566949151723,2.50948536594302,2.16056825283208,2.17052318968184,2.38608543147615,"1437"
"1439/652.5508mz/9.34min",1.74742299893074,1.56712012734936,2.02009984046648,1.70982268202651,1.79996722066966,1.80190123408702,"1439"
"1440/575.5225mz/9.37min",2.46978093905308,2.22155222544761,2.39291387153712,2.15474188610541,2.15799922611521,2.35798893413232,"1440"
"1441/574.5191mz/9.36min",2.85528987492895,2.60906949377758,2.78646713655312,2.5470254340251,2.54109127126515,2.75188011011019,"1441"
"1442/556.5084mz/9.37min",2.07208879356279,1.85473477129043,2.02773354089645,1.79662250232197,1.79867470133735,1.9701267324706,"1442"
"1444/596.5011mz/9.38min",2.83798720420585,2.28823170860036,2.52649603177127,2.19572846284993,2.12934096959501,2.52415045249815,"1444"
"1446/906.2587mz/9.38min",2.87653367849776,2.79609031647845,2.00000791807042,2.03037201911537,1.99125563811822,2.70166293724437,"1446"
"1448/909.2572mz/9.38min",2.51664432952375,2.43674109852292,1.6363490676732,1.66671316823022,1.62759678787478,2.33800408325578,"1448"
"1449/910.256mz/9.38min",2.23843914523733,2.15795884161569,1.34950367640444,1.37986777531203,1.34075139712588,2.05115867984668,"1449"
"1450/650.6444mz/9.43min",-0.347661112625332,3.09805087427491,0.31292719738589,3.19614332891343,3.05008898658189,-0.3833094571137,"1450"
"1470/1047.8768mz/9.51min",2.04501454447658,1.20630591533567,1.82714047684123,0.992138846003115,1.2936168733227,1.81256457758657,"1470"
"1471/535.433mz/9.53min",2.53906052907254,1.84285501871665,2.34081947172663,1.79818243363188,1.85049466310808,2.35545125832533,"1471"
"1472/673.6294mz/9.51min",1.69530004764994,2.40642733096636,1.65695906111657,2.40842424392327,2.34717678145463,1.6596440767311,"1472"
"1473/672.6263mz/9.51min",-0.212254635419261,2.74197139880199,0.448352562001651,2.87166130495084,2.68964703316237,-0.247906518415619,"1473"
"1482/561.4486mz/9.6min",2.56835042557395,1.95009761101814,2.33451070110454,2.02943126068574,2.02015593953747,2.33595258966233,"1482"
"1483/696.5895mz/9.6min",1.89426264276411,1.21169954793974,1.66204755544451,1.52741573774623,1.46618249473765,1.7007185276285,"1483"
"1494/610.5166mz/9.69min",2.72251159436834,2.1049329159962,2.36928465740163,2.34402996550571,2.19549175435991,2.37573639089121,"1494"
"1495/588.5348mz/9.7min",2.5992070136728,2.18275612465711,2.35187477970059,2.3526616597906,2.3051938353255,2.38729586268567,"1495"
"1496/634.6494mz/9.73min",1.92996807107767,2.60837467101912,1.89162708409684,2.98305496892498,2.64511179249264,1.89431209974535,"1496"
"1498/820.7382mz/9.74min",1.79634875221074,2.55234241185081,1.75800776542535,1.78837186623991,2.44822548725558,1.76069278105901,"1498"
"1499/660.5251mz/9.76min",2.10338372148483,1.73435975206513,2.07898480149104,2.0219333564164,2.0297262574734,1.97750493827294,"1499"
"1500/659.5218mz/9.76min",2.46161323355003,2.10958861179459,2.45144419409054,2.41207818569358,2.39862224294289,2.38296825003644,"1500"
"1501/1128.3158mz/9.76min",2.45725854882566,1.73772514401281,2.48013525633215,1.7503116610538,1.71119528044603,1.7226325759324,"1501"
"1502/1129.3165mz/9.76min",2.48665827691077,1.76712487174592,2.52218403848234,1.77971138880748,1.74059500813167,1.75203230363922,"1502"
"1503/1130.3147mz/9.77min",2.51797604318872,1.7984426376978,2.52876027498833,1.81102915477842,1.77191277403958,1.78335006956675,"1503"
"1505/1131.3138mz/9.77min",2.36302388546589,1.64349048216351,2.36270937341864,1.65607699911623,1.61696061880043,1.62839791419593,"1505"
"1507/1074.3065mz/9.81min",1.71042141634287,1.79881374803236,0.506896439643137,1.73138917201429,1.73371286060037,1.72227585381056,"1507"
"1509/1073.3073mz/9.82min",1.72437726954455,1.79959849195586,0.613499498950114,1.7606077909477,1.75204599381442,1.74022773159951,"1509"
"1511/1072.3062mz/9.82min",1.7180367480794,1.78319636265425,0.534655719645653,1.73857765452355,1.75157646346528,1.72803161893934,"1511"
"1519/758.2213mz/9.85min",3.6198006720831,3.57017443694266,2.79773391161681,3.64994627592197,3.4879516359442,3.50922284239176,"1519"
"1522/761.2197mz/9.85min",3.07297029250965,3.02510542359887,2.25329241498493,3.10491397160737,2.94351013907595,2.96391798477991,"1522"
"1523/763.2173mz/9.85min",2.29085137418412,2.24171467687295,1.46606548505179,2.32010992478969,2.15628319974047,2.17175622770987,"1523"
"1525/784.2365mz/9.85min",2.59430867052732,2.49009383807414,1.72351989746622,2.63419477680459,2.413737618863,2.46061594347246,"1525"
"1526/785.2372mz/9.85min",2.46683267410975,2.35889663021013,1.59071642052884,2.50807644320073,2.28093413943642,2.34027642943282,"1526"
"1528/787.235mz/9.85min",1.90984895784007,1.9470104288291,1.11594665341517,2.08730491922984,1.80616432932396,1.89035251262891,"1528"
"1531/1146.326mz/9.87min",2.10041161663341,2.12949213284862,1.72913700107686,2.12138241715536,2.04391939731274,2.04397151985921,"1531"
"1532/1147.3267mz/9.87min",2.13917318810275,2.16116563841639,1.76303478594367,2.160675398118,2.0889188266517,2.08256816439163,"1532"
"1533/1148.3256mz/9.88min",2.13209348606708,2.16690556768971,1.77039846683455,2.14792966593108,2.08410209069971,2.08655462410978,"1533"
"1534/584.5397mz/9.91min",1.82458222134302,1.72221805480415,1.9465141523822,1.72458434671263,1.71932175337165,1.78142423116851,"1534"
"1535/602.5504mz/9.91min",2.74690422650525,2.60801777279049,2.80814297480446,2.60858512860326,2.60277372349749,2.67341512519077,"1535"
"1536/664.6234mz/9.91min",1.78389674682572,1.57323743584896,1.97456312578798,1.71800557464702,1.86071759651275,1.84286120742394,"1536"
"1538/624.5322mz/9.91min",2.84495482662284,2.55103332868131,2.70654364292487,2.70824712922211,2.55805134704569,2.64981117769722,"1538"
"1539/686.6052mz/9.92min",2.0205898136829,1.76538087498042,2.10181064196901,2.04012786678208,2.03781570356912,2.01172145811714,"1539"
"1540/144.9822mz/9.97min",3.00312946146298,2.93711945728137,2.92702351621646,3.02383851955106,3.27211627705228,2.92347689768536,"1540"
"1551/813.6571mz/10.01min",1.28619522300206,2.10913600775537,1.24785424024785,1.9771883191656,1.97581468120987,1.25053925557546,"1551"
"1553/559.5169mz/10.02min",1.78414310995551,1.47120477282748,1.60387693828901,1.72616199178289,1.49487793982332,1.53706170975027,"1553"
"1554/563.4643mz/10.03min",2.19266746334358,1.68460243038544,1.92454089517311,1.92475448650658,1.88731365037127,2.01862713730021,"1554"
"1556/983.2574mz/10.03min",1.93562954294681,1.98142541941822,1.14705395325062,2.0359507583542,1.83727163562446,1.87411879108902,"1556"
"1557/1103.9399mz/10.03min",1.83759390734782,1.35412090997367,1.60179131591795,1.5996103101348,1.52627387401901,1.66325193512482,"1557"
"1558/982.2567mz/10.03min",1.92340376467527,2.14860107340443,1.14305788746816,2.07196179589843,1.83327556906242,1.85922729165668,"1558"
"1559/686.4385mz/10.09min",2.68487469156807,2.28835427529415,2.52269928773702,2.61919296419451,2.45354484917886,2.31422677271226,"1559"
"1560/680.4799mz/10.06min",2.89350653633245,2.82825201496778,2.83912050016684,2.88486769531563,2.77605216947013,2.78682417939744,"1560"
"1561/663.4534mz/10.07min",2.7108251180146,2.66070554237535,2.69184678764821,2.71246805404408,2.60632428943345,2.61360763213232,"1561"
"1562/708.5101mz/10.07min",2.18095276716563,2.1138133445214,2.12633676133316,2.19869406807136,2.03737840512926,1.98226816311281,"1562"
"1563/706.4955mz/10.07min",2.33906864870597,2.36655428709983,2.32052248151987,2.39363174252261,2.20730171054215,2.23523455465338,"1563"
"1564/736.5424mz/10.07min",2.42967073979956,2.3544591240456,2.39050866009021,2.43309837964636,2.29227425633027,2.25343313348318,"1564"
"1565/685.4352mz/10.09min",3.01965551910178,2.84667234843349,2.94591881192046,2.95940429221095,2.88463268136075,2.91250725977267,"1565"
"1567/563.4643mz/10.15min",2.34238229988953,2.07556178085163,2.17660055528366,2.22856129418471,2.15746470395914,2.23662474484435,"1567"
"1568/1129.9557mz/10.17min",2.0239065794478,1.72487817504057,1.85837722390707,1.87363697374218,1.81906597727214,1.90518311590087,"1568"
"1569/1130.9591mz/10.17min",1.89104849445936,1.57398442578134,1.72009883435149,1.7401155664891,1.68243477223507,1.76779402051821,"1569"
"1570/589.48mz/10.17min",2.80865367693665,2.48031466162363,2.64060567543043,2.6675619673927,2.61046674572141,2.6950499233191,"1570"
"1571/813.6572mz/10.17min",1.31831004280372,2.18683845939216,1.27996905943684,2.00930314200816,2.00180210546409,1.28265407481096,"1571"
"1577/839.6727mz/10.18min",1.36273488403654,2.22860968564542,1.32439389995851,2.05372798677074,2.14339838925012,1.32707891538663,"1577"
"1578/1155.9713mz/10.18min",2.05373195963911,1.71252619627332,1.90757702646791,1.89146023792865,1.8677937886069,1.94148646814537,"1578"
"1583/605.4538mz/10.18min",1.99696377991345,1.56908904555606,1.79738443908406,1.8509122292211,1.75956836371244,1.8559174117412,"1583"
"1591/90.9766mz/10.26min",2.16923209062902,2.09701590948702,2.07961543075363,2.0934993807502,2.01871051985006,2.09183050348492,"1591"
"1598/158.9641mz/10.27min",1.72290885523425,1.60045868455305,1.56842729250031,1.5681603173988,1.47482847404518,1.58859452772319,"1598"
"1600/226.9514mz/10.27min",2.25721232076173,2.06904933382887,2.06565828212815,2.05100904258241,1.95415499934152,2.08790861799012,"1600"
"1603/712.4883mz/10.27min",1.22299610072088,1.91659910869979,1.18465511947216,2.08427725886281,1.87487280851982,1.18734013468546,"1603"
"1607/630.4103mz/10.28min",2.52158088013406,2.35972330612456,2.47785245803683,2.43794044681792,2.55470886398628,2.54710048094993,"1607"
"1608/691.5098mz/10.28min",1.24098055239591,1.9193871263061,1.20263957067331,2.20053304733674,2.053621055638,1.20532458592259,"1608"
"1609/652.3922mz/10.28min",1.89297747457773,1.74986390851083,1.84697419978741,1.80738857312186,1.91941317421127,1.93137924670965,"1609"
"1611/690.5064mz/10.29min",0.0720618672137534,2.43686961558153,1.05584034935649,2.57635081503319,2.4259263903351,0.735370005109906,"1611"
"1612/726.504mz/10.29min",1.66588524211718,2.34429183935709,1.62754425568205,2.59261821659618,2.38299164862069,1.63022927128913,"1612"
"1616/664.4908mz/10.3min",1.45848503604981,2.13689162715061,1.42014405085477,2.25860251147018,2.16908787947075,1.42282906636769,"1616"
"1617/744.5532mz/10.29min",0.35564718230582,1.03405218108572,2.56209360957514,1.76613090371248,1.53736699841827,1.7768779437827,"1617"
"1618/608.4284mz/10.31min",3.25750954890044,2.85708175790444,3.0743924928122,2.87275774718621,3.02334900143347,3.11299039355819,"1618"
"1625/622.4439mz/10.33min",2.07795217801404,1.16899076322963,1.7272519633077,1.32137979120955,1.49711335168218,1.73591581411985,"1625"
"1627/704.5223mz/10.34min",-0.444787036004943,2.72516768569128,1.1470594104228,2.93581099785557,2.74173355621969,0.218463287911181,"1627"
"1632/634.444mz/10.4min",0.687407901384047,1.80447354946576,1.66815374628972,1.89363749123691,2.0928188847019,1.7862617207776,"1632"
"1633/692.5214mz/10.37min",-0.366475649904337,1.96703706469081,0.294108975595624,2.74559945133614,2.48481663481566,-0.402123304172813,"1633"
"1634/746.5675mz/10.32min",0.952160870173066,1.75112428088133,1.61278978496721,2.70269467051041,1.66603388136565,1.82297613798067,"1634"
"1637/131.5335mz/10.44min",1.62437753522209,2.13265874156699,2.10664822484338,1.94892985765561,2.11615528029675,2.1158170190548,"1637"
"1638/112.0179mz/10.44min",2.63169807760165,2.59808221329268,2.59239705405081,2.63136039513927,2.60344584047436,2.61925439690615,"1638"
"1639/111.0202mz/10.44min",3.04742249668132,3.01371412803181,3.00592195806626,3.04848100434561,3.01188636026771,3.03178742389678,"1639"
"1640/99.5121mz/10.44min",2.30284590375839,2.27888371214765,2.32228135726383,2.32682926725347,2.29293470462078,2.31457408705338,"1640"
"1641/139.9879mz/10.44min",2.00817122782897,1.76747463275105,1.97931083865886,2.00633277096392,1.94752954780305,2.01928407339475,"1641"
"1642/184.9855mz/10.44min",2.18158910874635,2.14497157040312,2.1132155646044,2.18097380278514,2.13395035810945,2.12988447770215,"1642"
"1644/110.02mz/10.46min",2.94254872244808,2.94373279863609,2.86866314811642,2.91917134539966,2.96990621348983,3.00722040808389,"1644"
"1645/89.5067mz/10.46min",2.59646397201619,2.54306094267691,2.41612984658483,2.54184450964107,2.57848399652355,2.62874327466585,"1645"
"1646/182.9851mz/10.47min",2.31156495245293,2.32884671577078,2.22796054703408,2.31198486682516,2.34781048325672,2.33432011869162,"1646"
"1647/113.9636mz/10.46min",1.94897664165515,1.37586825652336,1.91844541902466,1.84815083162676,1.51184500481131,1.80800780683833,"1647"
"1651/81.5205mz/10.61min",2.55810428487149,2.44093262685056,2.46314515502043,2.53446662763318,2.42904254828427,2.43098902509309,"1651"
