row ID,row m/z,row retention time,row ion mobility,row ion mobility unit,row CCS,correlation group ID,annotation network number,best ion,auto MS2 verify,identified by n=,partners,neutral M mass,POS_D5-Ctrl-a-P-EAMeOH_Run28.mzML Peak area,POS_D5-Ctrl-b-P-EAMeOH_Run31.mzML Peak area,POS_D5-211-C2-b_Run121.mzML Peak area,POS_D5-Ctrl-c-P-EAMeOH_Run34.mzML Peak area,POS_D5-211-C2-c_Run124.mzML Peak area,POS_D5-211-C2-a_Run118.mzML Peak area,
1099,81.52049085136325,10.489881,,,,47,,,,,,,3.1056016E7,3.247951E7,2.4811822E7,3.1885224E7,2.9605536E7,2.9181422E7,
10,82.01383002654352,0.31531608,,,,2,,,,,,,828985.44,756223.7,376919.5,915621.25,308712.3,381747.1,
15,82.53712386236943,0.31620288,,,,2,0,[M+NH4]+,,3,11;15;14,64.50427,806409.56,726248.9,454336.7,904169.7,337105.06,396695.25,
105,84.04443002887892,0.40051612,,,,56,11,[M-H2O+NH4]+,,2,73;105,84.02116,1708907.6,1900621.5,2279591.0,1599239.9,2075649.0,2009138.6,
181,84.0809039856163,1.1037894,,,,,,,,,,,1725576.2,2099721.2,3046543.8,2453941.5,3053345.2,2605922.8,
188,84.95977445869738,1.7033399,,,,,,,,,,,2497353.2,2497817.8,1.2633969E7,2469962.8,1.2216577E7,1.2404777E7,
73,85.02843146829288,0.38917217,,,,56,11,[M+H]+,,2,73;105,84.02116,1475075.1,1358184.5,1485221.6,271386.03,1438031.9,1279782.5,
51,86.0600541807187,0.36468056,,,,56,3,[M-H2O+NH4]+,,2,51;52,86.03679,3690652.5,3372241.8,3656093.0,4676893.0,4155695.0,3872512.2,
163,86.06013102025962,0.74073285,,,,,,,,,,,198734.89,129217.25,812687.9,156580.97,236912.81,240867.19,
989,86.09637073304714,10.227826,,,,15,,,,,,,22634.871,6981.4663,338787.47,3424.519,367590.72,369666.44,
167,86.0964655084408,0.7626522,,,,59,,,,,,,1.3415664E7,1.3411445E7,1.6358816E7,1.6115543E7,1.297412E7,1.5336759E7,
12,86.99276194137308,0.3161994,,,,2,,,,,,,1864901.0,1529690.0,1134573.2,1549894.0,835885.8,906578.25,
52,87.04409270326231,0.3654743,,,,56,3,[M+H]+,,3,51;53;52,86.03679,2642972.5,2907791.2,2953291.8,3892858.2,3052656.2,2926519.0,
233,89.05975402036609,2.7399368,,,,,,,,,,,0,0,255338.25,0,577848.44,70057.77,
1032,89.50664930611946,10.326169,,,,0,,,,,,,9858189.0,1.782709E7,1.3742801E7,1.6995338E7,1.4946422E7,1.4756807E7,
50,90.05499358901814,0.36460105,,,,56,2,[M-H2O+NH4]+,,2,50;44,90.03169,1485415.9,1275061.5,2021261.4,1242614.8,1715479.4,1782154.6,
1066,90.50667729764568,10.367946,,,,8,,,,,,,4386701.0,4367993.0,3914718.0,4264018.0,3819458.2,3827389.0,
1110,90.52586076925932,10.530009,,,,47,,,,,,,3.6536864E7,5.2941412E7,3.7654764E7,4.8408036E7,4.7214684E7,4.36667E7,
695,90.97666139921732,7.7666373,,,,5,,,,,,,916800.3,977086.0,11911.389,1078053.6,24178.07,19957.143,
1063,91.50438085176518,10.367073,,,,8,,,,,,,1618628.4,1629793.8,1448113.8,1594746.5,1406283.6,1395999.6,
1089,94.04506956276056,10.471569,,,,8,,,,,,,5013116.5,5340124.0,4613871.0,5369320.0,5029269.5,4936540.0,
68,97.02844371525435,0.38834092,,,,56,,,,,,,1756731.4,1545023.6,1870692.9,485885.7,1762272.6,1647778.9,
1034,97.51439025401334,10.328809,,,,0,93,[M+NH4]+,,2,1034;1022,79.48073,1201113.9,1346158.2,1757456.8,1412234.2,1902542.4,1441239.4,
7,97.96880238344845,0.31092796,,,,,,,,,,,63715.72,89428.31,21659.836,129691.19,45489.15,44163.84,
4,97.96881487939329,0.035964344,,,,1,,,,,,,431544.06,492759.56,124628.31,584322.0,108934.16,149779.25,
1111,97.99132839087736,10.53164,,,,47,,,,,,,9115602.0,8845534.0,9703134.0,8118100.5,9769229.0,9674408.0,
1035,98.51202171929476,10.328809,,,,0,,,,,,,1.8823794E7,2.9835704E7,3.0936506E7,2.8170888E7,2.973133E7,3.0212192E7,
122,98.98418258320432,0.43370855,,,,56,,,,,,,6584286.0,5778444.5,9002518.0,7734427.0,9014482.0,8183526.0,
26,100.02434948307189,0.3161994,,,,2,,,,,,,443199.06,357715.7,255257.83,397070.8,202677.2,212117.97,
152,101.023374020384,0.6797325,,,,82,,,,,,,1483490.2,1320228.2,3550943.2,2029144.9,2837671.0,2971404.2,
967,101.07089683659486,10.175376,,,,58,,,,,,,1217452.8,1200940.1,943811.25,1194035.2,870107.56,995518.94,
856,101.07094312021013,8.437627,,,,,,,,,,,2060321.5,1944367.0,2087333.4,2011153.2,4106686.8,2009551.4,
1095,102.03383088851689,10.484572,,,,47,,,,,,,1.2911333E8,1.3940098E8,1.2307375E8,1.3639941E8,1.3990501E8,1.404905E8,
1097,102.53539692303173,10.488078,,,,47,,,,,,,1.1875919E7,1.2060341E7,1.0730998E7,1.1839413E7,1.2316997E7,1.2173456E7,
1096,104.03018083284935,10.486255,,,,47,,,,,,,3521008.0,3239063.5,3145106.0,3619757.2,3617480.2,3149533.2,
53,104.0705881181601,0.3654743,,,,56,3,[M+NH4]+,,2,53;52,86.03679,9737867.0,1.0217562E7,1.1771965E7,1.3810239E7,1.2078467E7,1.1603121E7,
58,104.10695208850956,0.38097754,,,,,,,,,,,6916029.5,9984341.0,3656598.5,9359530.0,3690713.0,1347192.5,
486,104.106956386214,6.3231444,,,,40,,,,,,,43689.156,45597.137,674311.25,48388.395,718052.7,694470.1,
464,104.1069585778681,6.20981,,,,22,,,,,,,67107.62,64805.105,1789305.0,112352.87,1788371.2,1864797.6,
394,104.10695864812232,5.8171525,,,,68,,,,,,,40907.816,50503.98,2508528.8,48009.746,2468190.8,2937202.5,
21,105.00331196355357,0.3170862,,,,2,,,,,,,1149304.2,702726.8,1035842.4,697359.4,553301.0,510383.12,
364,105.03348437577023,5.674683,,,,35,,,,,,,1405544.2,1862517.8,62440.17,1954406.0,165905.72,67400.625,
1033,109.02242154282855,10.326175,,,,0,91,[M+NH4]+,,2,1033;1019,90.98874,4378519.5,7704614.0,6831568.5,7490417.0,7250271.0,7095345.0,
1071,109.52164580125856,10.374078,,,,8,,,,,,,3082259.5,4923398.5,4188114.5,4763808.0,4382773.0,4417698.5,
117,110.00870219439291,0.3673267,,,,,,,,,,,1821084.8,6963859.0,264567.1,7369190.0,227406.75,448140.5,
13,110.00872743629446,0.3161994,,,,2,,,,,,,8599177.0,1.0374697E7,4390811.5,1.2221232E7,4221509.5,4615053.0,
1028,110.02003457196264,10.324529,,,,0,,,,,,,6.894586E7,1.2179037E8,1.076062E8,1.17759704E8,1.14693144E8,1.118638E8,
33,110.07126307800745,0.33375296,,,,56,,,,,,,1326583.2,1367701.5,1523813.1,1547692.4,1387799.8,1475628.8,
1036,110.52169368570581,10.328818,,,,0,92,[M+Na]+,,2,1036;1030,87.53225,5217458.5,9245116.0,8168048.5,7715164.0,8130752.0,6092607.5,
134,111.00766532905322,0.5584903,,,,30,,,,,,,484889.47,465588.62,587008.56,567062.0,620810.06,546453.56,
1058,111.02014455805147,10.363547,,,,8,98,[M+NH4]+,,2,1053;1058,92.98655,7.102285E7,7.188437E7,6.6672852E7,7.054313E7,6.5403844E7,6.6923316E7,
627,111.02019676708507,7.5677147,,,,,,,,,,,2.0411606E7,9264407.0,7172682.5,1.7173E7,7168519.5,6922385.5,
1104,111.03897019395733,10.504944,,,,47,,,,,,,9047413.0,8754781.0,9586133.0,8234046.5,7610002.5,8165066.5,
1072,111.51887240510263,10.375741,,,,8,,,,,,,1734760.6,1793320.0,1662900.9,1782252.9,1674714.2,1693034.0,
631,111.51891586661675,7.601172,,,,,,,,,,,224212.38,414679.4,64552.836,173758.53,218575.77,72353.805,
1062,111.52172225181012,10.366307,,,,8,,,,,,,6037525.5,6008252.0,5636139.5,6034546.5,5554291.0,5596746.0,
630,111.52181853629283,7.5815654,,,,,,,,,,,1734767.9,1745703.5,618377.94,817600.0,298760.4,506254.12,
664,111.5218221960496,7.6813436,,,,,,,,,,,695131.3,741001.25,410453.88,1474973.4,384493.22,179996.84,
14,112.00619413581727,0.3161994,,,,2,0,[2M-H2O+H]+,,2,15;14,64.50427,1242687.6,1430801.8,608742.2,1710338.6,536634.9,621138.75,
1059,112.01778259764349,10.364419,,,,8,,,,,,,2.7804864E7,2.7998676E7,2.5867952E7,2.7614432E7,2.5659104E7,2.6226414E7,
634,112.0178707406218,7.5677457,,,,,,,,,,,7934991.5,3798930.2,2093391.6,3684052.0,2751966.2,2671664.2,
87,112.07566908198847,0.3900319,,,,56,,,,,,,5069896.5,5475518.0,5007168.5,5735053.5,4795637.0,4946512.0,
1060,112.51951900642189,10.365321,,,,8,,,,,,,1981689.0,1986589.2,1822893.6,1948893.9,1827560.5,1805940.0,
1061,113.01653945732005,10.366269,,,,8,,,,,,,3886991.5,3967739.0,3667228.8,3862623.5,3614493.5,3646477.0,
645,113.01664169380255,7.6504626,,,,,,,,,,,934218.56,961693.6,22701.453,925231.7,84416.07,132146.62,
118,113.0345256798854,0.42282128,,,,,,,,,,,49443.64,80595.53,1601898.8,108394.5,2073081.9,2514369.2,
1041,113.96354289290467,10.331347,,,,0,,,,,,,7956385.5,7654270.0,7020736.0,6495934.5,7553502.5,7138003.0,
3,113.96373778052293,0.03506436,,,,1,,,,,,,2520554.5,2275374.2,2541147.0,2352585.5,2760140.0,2653283.8,
1073,114.01643024747936,10.367126,,,,8,,,,,,,983421.4,968435.1,256544.28,947619.3,199943.44,357049.34,
212,114.09136192044697,2.4646876,,,,,,,,,,,446847.9,425655.5,188490.19,710169.8,236514.66,166193.05,
1075,115.96393279057544,10.381025,,,,8,,,,,,,1955697.2,2100977.2,1856935.8,1965431.8,1964197.5,2100954.2,
91,116.07060137405053,0.39089957,,,,56,,,,,,,2.4380776E7,2.2466046E7,3.443909E7,2.9047796E7,3.098694E7,3.1531794E7,
205,118.06504060383271,2.2422216,,,,,,,,,,,18736.88,27449.295,0,91962.84,0,0,
370,118.06507692258737,5.6755576,,,,35,,,,,,,630936.06,830034.8,27876.72,858127.3,74105.31,21955.469,
110,118.08619629699284,0.4081247,,,,56,,,,,,,1.3468086E7,1.3104749E7,1.5822666E7,1.7554878E7,1.3693839E7,1.4455175E7,
439,119.08555123281756,6.1017723,,,,13,,,,,,,1237359.8,2053114.0,2310600.8,1269594.2,2691086.0,2371559.2,
239,120.04440197186985,2.8343647,,,,11,,,,,,,2543060.2,2441997.0,7765307.5,2199576.0,1.1893218E7,6999171.0,
86,120.06549609699279,0.3900232,,,,56,9,[M+NH4]+,,2,73;86,102.0317,1293478.4,1160862.0,1720649.9,1217051.1,1689959.0,1586069.9,
185,120.08084409048571,1.5473213,,,,43,,,,,,,6621885.0,6421115.0,8035862.5,9332871.0,6120817.5,7381700.0,
145,123.04739998030993,0.59292203,,,,,,,,,,,623459.75,630901.4,480394.4,1096417.6,568017.9,568548.4,
1105,125.98613910381287,10.506043,,,,47,,,,,,,2.214597E7,2.6562546E7,1.7619358E7,1.5372197E7,2.1936104E7,1.804812E7,
164,127.03905984334317,0.7746115,,,,,,,,,,,99258.52,63362.043,449342.1,39300.336,265149.03,131877.98,
16,128.01928069091156,0.3161994,,,,2,,,,,,,1.1281655E7,9931270.0,5522004.0,1.1253298E7,5513613.0,6034841.5,
94,128.07058917754352,0.39352247,,,,56,,,,,,,1340120.8,1254531.4,2616128.8,1523773.8,2183370.5,2559693.0,
120,129.0181531827142,0.43331453,,,,56,,,,,,,1382996.1,663353.75,2557811.5,690590.56,2256139.0,2111762.8,
136,129.01820052556235,0.5567191,,,,30,,,,,,,3011469.8,2722396.5,1850199.1,2091968.5,1165041.5,1892137.6,
178,129.05465501417825,1.0076358,,,,89,18,[M-H2O+H]+,,1,179,146.05796,572167.44,353112.53,2703227.5,1117217.0,2154420.5,2259058.5,
189,129.0547191481451,1.7025942,,,,,,,,,,,0,0,0,0,0,415213.62,
11,130.01682800115103,0.31532407,,,,2,0,[2M+H]+,,2,11;15,64.50427,1603055.8,1420472.1,807249.75,1603051.9,722515.06,761278.6,
106,130.04990874581185,0.4038848,,,,56,,,,,,,6234945.0,5903390.5,9180794.0,5437217.0,7810363.5,7896186.5,
93,130.08628020179881,0.39090547,,,,56,,,,,,,5329082.0,5641411.5,4191925.0,6146424.0,3979343.8,4147120.0,
223,130.15905874688377,2.6528199,,,,,,,,,,,4906943.0,4656839.5,6118154.0,5902310.0,6788303.5,6795293.5,
1123,130.9664083109238,11.140167,,,,,,,,,,,4325167.0,1474305.1,653293.94,258865.33,365930.8,374842.5,
1064,131.53345254532533,10.367078,,,,8,,,,,,,5244460.5,5368441.0,5264975.5,5222369.5,5264993.5,5316908.5,
648,131.5335388027573,7.6625733,,,,,,,,,,,2200388.8,964082.9,550762.9,1837577.1,487961.06,191669.66,
247,132.10189808006805,3.0376694,,,,,,,,,,,36134.035,34993.055,124976.766,83291.195,141359.45,202530.23,
80,132.1019098851206,0.38828298,,,,56,,,,,,,6718787.5,6879546.0,3847560.2,6158087.0,3486424.8,3471519.8,
168,132.10196734126757,0.77751774,,,,59,,,,,,,3.5235028E7,3.5317804E7,4.3647444E7,4.1320468E7,3.4258384E7,4.063861E7,
34,133.09713718719306,0.33375192,,,,56,,,,,,,1340756.1,1421596.2,614819.4,1302615.1,612875.75,645253.5,
194,136.03945141430555,1.7382168,,,,72,,,,,,,2084887.5,1833118.1,5487642.5,3637116.8,4765983.0,5193437.0,
155,136.07576370275874,0.6894162,,,,82,,,,,,,763311.4,624699.1,923017.4,1114757.6,799882.5,875438.3,
144,137.04585328132094,0.5877905,,,,30,,,,,,,537167.7,612179.44,1435497.4,1541630.1,916492.2,929793.75,
175,137.04587914107216,0.92821246,,,,,,,,,,,306177.8,364117.8,586989.3,486916.16,484818.6,553010.7,
240,138.0549994224962,2.836167,,,,11,,,,,,,698418.4,669039.94,2331914.2,613342.94,3411837.5,2046438.1,
187,138.05504749992502,1.682632,,,,,,,,,,,2154581.2,2050886.1,2541872.8,3188752.8,2335184.0,2699832.0,
213,138.05509112923298,2.4799855,,,,71,,,,,,,0,0,221247.98,0,175086.31,159536.95,
1018,138.99528807613967,10.320142,,,,0,,,,,,,5245645.5,5495771.0,4375168.5,5231803.5,4259399.5,4423988.0,
112,139.00259366157073,0.41072288,,,,56,,,,,,,608946.2,381835.28,1016866.75,296382.25,931422.8,941786.06,
133,139.0026291105288,0.55848366,,,,30,,,,,,,722994.75,859586.44,916793.3,1082628.2,929120.8,859222.7,
1107,139.01783500382348,10.516617,,,,47,,,,,,,8922642.0,9374432.0,1.0002519E7,9158457.0,1.0397165E7,9854277.0,
1048,139.987834476909,10.360173,,,,8,,,,,,,2.4654724E7,2.4597386E7,2.1963962E7,2.437528E7,2.1560624E7,2.211881E7,
1006,140.06813825924448,10.252345,,,,,,,,,,,410948.06,455571.6,256057.77,409625.22,259830.11,224368.88,
1122,140.06819435326358,11.016285,,,,,,,,,,,71071.38,130682.266,102428.17,150140.86,130868.875,86889.15,
232,140.0682069097777,2.75794,,,,,,,,,,,157618.16,225053.98,173859.25,81816.42,143608.33,84187.22,
704,140.06821410507504,7.8025823,,,,,,,,,,,181356.1,741885.1,57332.38,371346.44,70637.45,59877.727,
598,140.0682177988465,7.3767776,,,,41,,,,,,,443556.62,487938.62,98538.11,490714.5,111913.05,112588.336,
258,140.06823960555707,3.3020248,,,,,,,,,,,113293.76,67920.3,123178.14,69037.52,73275.54,94452.55,
176,140.0682557225466,0.99181813,,,,,,,,,,,78093.44,62050.5,74834.125,105036.055,51461.484,31602.535,
183,140.06827694983753,1.4155165,,,,,,,,,,,60704.805,65160.164,66352.57,93103.05,76224.31,123073.414,
195,140.06827780481498,2.0328357,,,,,,,,,,,56098.25,66494.78,57847.062,64886.594,126241.17,74080.59,
1022,141.95850081044406,10.326277,,,,0,93,[2M-H2O+H]+,,2,1034;1022,79.48073,2368296.8,2552462.8,1672823.5,2411338.8,1899193.2,1895152.9,
1,141.9586964280263,0.03325952,,,,1,,,,,,,9421880.0,9893696.0,9549279.0,1.0888687E7,1.1488954E7,1.1289403E7,
1051,141.98327588922896,10.361789,,,,8,,,,,,,9463457.0,9453684.0,8402615.0,9330623.0,8249772.5,8404297.0,
1070,143.9808269403491,10.373938,,,,8,100,[M-H+2Na]+,,2,1054;1070,99.00923,1207956.4,1219765.1,1041695.25,1218293.9,1009470.9,1055620.5,
968,144.98210984566717,10.177206,,,,58,,,,,,,1.8340072E7,1.1139084E7,9417529.0,1.5302243E7,9158987.0,9582510.0,
9,145.0346186493248,0.31268728,,,,,,,,,,,627815.1,452932.2,448054.72,499083.53,388787.06,415552.28,
1121,145.03520463969758,10.933141,,,,18,,,,,,,9432633.0,9818685.0,9240727.0,9930586.0,9375729.0,9298743.0,
191,145.04965056977298,1.7371011,,,,,,,,,,,0,0,402746.8,0,384246.62,1243862.1,
92,146.08118447356674,0.39089957,,,,56,,,,,,,1330254.4,1241987.2,3022163.8,1445761.6,2610319.8,2836680.2,
969,146.98025524920536,10.178102,,,,58,,,,,,,8319023.5,6411129.0,4126750.0,6856543.5,4106896.0,4323940.0,
129,147.02877882289144,0.5558327,,,,,,,,,,,226439.5,471175.66,460027.75,289274.34,521489.72,457874.7,
1116,147.03082072268458,10.821902,,,,,,,,,,,5728863.5,5942991.0,5761808.5,5995890.0,5708249.0,5670651.0,
39,147.0764230919876,0.35263288,,,,56,,,,,,,3617017.0,3896875.0,4472283.0,3231651.8,4264203.5,4260257.5,
397,147.08046015484845,5.829641,,,,48,,,,,,,174700.45,223669.66,210723.67,188146.9,235124.75,221992.56,
440,147.08048192775826,6.1017723,,,,13,,,,,,,1.7793564E7,2.8440818E7,2.917652E7,1.8086086E7,3.3451956E7,2.9361342E7,
30,147.11278886712427,0.33028874,,,,56,,,,,,,2068472.8,2231474.0,716770.44,2456150.0,669986.94,660109.3,
142,148.04267339279852,0.57533693,,,,30,,,,,,,6261634.0,6734667.5,3419895.2,3925911.2,3483719.8,2688577.5,
57,148.06040743746857,0.37214088,,,,56,,,,,,,1955362.4,1909399.6,3309053.0,1460284.0,3355771.2,2839821.2,
843,149.02329555089034,8.372357,,,,23,,,,,,,240187.1,225338.06,358620.3,227346.61,338707.5,344071.7,
321,149.02336875846188,5.1265388,,,,,,,,,,,99261.4,167688.02,83320.484,123335.695,81707.43,104100.85,
514,149.02339148975662,6.6501126,,,,57,,,,,,,594933.3,505531.28,547869.1,511425.1,580021.0,491254.34,
501,149.02341053315016,6.572231,,,,80,,,,,,,105599.58,97080.734,291643.7,87973.91,295488.94,325439.5,
18,151.0352647916218,0.3161994,,,,2,,,,,,,1596079.9,1843473.4,881394.25,2065311.9,726308.94,832682.25,
1040,152.99484151651927,10.330472,,,,0,,,,,,,1725668.5,1456120.9,2230247.5,1772932.6,1634772.8,2008304.8,
1101,154.00487539537315,10.49814,,,,47,,,,,,,2354459.5,2420631.5,2041999.0,1909617.5,2285754.8,2216558.8,
193,154.04992690064287,1.740106,,,,72,,,,,,,870364.44,746453.9,2651432.8,1667811.8,2295624.2,2475117.8,
1037,154.9901240154722,10.329686,,,,0,,,,,,,2.900449E7,4.7072876E7,2.9935708E7,2.7159958E7,4.3966904E7,3.3630556E7,
35,156.0768056202555,0.33542338,,,,56,,,,,,,5193360.0,5198984.0,6195770.5,5823564.0,5842780.5,5932169.0,
1074,156.9905558939311,10.376494,,,,8,,,,,,,6730205.5,6756706.5,6496985.5,6733332.5,6393921.0,6570260.5,
121,157.02443934687855,0.42456397,,,,56,,,,,,,1726643.5,1413031.1,407370.22,2557411.5,447734.25,255969.19,
95,158.08119719435194,0.3935252,,,,56,10,[M+H]+,,2,95;71,157.07403,1.0883208E7,1.0791733E7,1.1288749E7,9649436.0,1.0660384E7,1.0724088E7,
161,158.0812339613314,0.68437093,,,,,,,,,,,93261.17,97417.0,165221.67,94908.836,90910.96,494523.06,
200,158.08126703792527,2.0646093,,,,88,19,[M+H]+,,2,198;200,157.07395,3258711.5,3564773.0,4639410.5,4621429.5,4329760.0,4249437.5,
229,158.09642871843926,2.733021,,,,54,,,,,,,1661273.4,1558858.2,2392681.5,2197853.0,1999621.9,2152754.0,
221,158.0964336912654,2.6093752,,,,83,,,,,,,2920569.0,2888204.2,4304695.5,3949774.5,3626012.8,3873848.8,
978,158.96398670737972,10.215054,,,,15,,,,,,,3251979.0,2203717.2,337364.6,1106263.8,342416.4,326035.94,
942,158.96399764431112,9.9278345,,,,,,,,,,,564915.25,318930.78,133459.7,986496.94,118043.9,103972.125,
1068,158.98596722595016,10.370416,,,,8,,,,,,,2618745.8,2637395.8,2525368.5,2629258.5,2372812.5,2553291.8,
116,159.04010526072275,0.41126266,,,,56,,,,,,,0,0,1296383.4,0,1059917.1,1165837.2,
197,159.08451298684565,2.0636766,,,,,,,,,,,221095.39,244161.97,327235.5,329342.25,303699.7,286175.9,
216,159.09971623421336,2.6093352,,,,,,,,,,,337958.03,334168.9,494081.28,459910.84,432771.34,457084.1,
5,159.969186666392,0.037769523,,,,1,,,,,,,4148963.5,4174548.8,3473009.2,3899085.8,4471018.5,3577026.5,
79,161.02950569493007,0.3882687,,,,56,,,,,,,1206443.1,1081248.1,231960.72,1258775.4,209517.55,166087.53,
156,162.0583408161623,0.68940693,,,,82,,,,,,,4678184.0,3915076.2,9343412.0,5520341.5,7794764.0,8010433.5,
1023,163.99043284924664,10.322674,,,,0,90,[M-2H2O+NH4]+,,2,1023;1019,181.97776,4036945.2,4242220.5,3409972.2,3846748.2,3417466.8,3304068.2,
800,163.99051155540488,8.098679,,,,,,,,,,,1626004.5,1656004.4,516824.0,1613645.8,478736.56,528946.06,
715,163.99054255933805,7.8246155,,,,,,,,,,,719561.44,358959.34,516233.06,228268.12,444081.5,1118576.6,
111,165.05457046730967,0.40737084,,,,56,12,[M+H]+,,2,108;111,164.04731,134728.81,253709.77,365621.12,358359.1,342281.2,349206.47,
153,165.05464685479998,0.6876146,,,,82,16,[M+H]+,,2,154;153,164.04738,551810.3,527408.06,850017.56,988911.4,705182.56,805085.25,
437,165.09106321301772,6.10088,,,,13,,,,,,,975661.8,1552306.2,1766923.9,968797.56,2016782.2,1760508.5,
1078,165.98283569962393,10.401608,,,,8,,,,,,,2748353.8,2782605.2,2747877.5,2255136.8,2662457.0,2648698.5,
1055,165.9907948149149,10.362615,,,,8,97,[M-2H2O+NH4]+,,2,1052;1055,183.97811,1011352.1,1032953.3,819798.75,999028.25,254629.22,576610.7,
186,166.08634791547715,1.5491532,,,,43,,,,,,,8173780.5,7651740.5,1.0279311E7,1.1257372E7,7882698.5,9447521.0,
1094,167.0127175066992,10.482745,,,,47,,,,,,,3.6841604E7,4.08137E7,4.033694E7,4.053604E7,4.1407612E7,4.006684E7,
1102,168.01599433683648,10.497128,,,,47,,,,,,,1953860.2,2145079.5,828365.0,2158171.2,2185549.2,1097925.5,
179,169.04720051219195,1.0105066,,,,89,18,[M+Na]+,,2,179;178,146.05796,656458.5,555812.7,3295326.2,1224770.5,2449543.5,2664541.0,
1113,169.9771979707958,10.748759,,,,,,,,,,,2150718.0,2117240.8,1462461.5,6432040.0,1391948.4,1455728.4,
1024,169.97719903438391,10.323663,,,,0,,,,,,,2236982.0,2483410.2,2066110.6,2425635.0,2258746.8,1946590.8,
241,171.0991473451589,2.88538,,,,,,,,,,,484666.1,684216.7,2601455.5,603963.06,2559831.5,447921.1,
1118,171.99285969010398,10.877731,,,,18,,,,,,,7222088.0,7271790.5,5126598.5,7091545.0,5006650.0,5289480.0,
253,172.13316692770354,3.1978433,,,,85,24,[M+H]+,,2,253;252,171.12592,1602680.4,1548411.6,1086840.9,1547962.5,1086062.9,1064886.8,
1084,172.95623373292537,10.448364,,,,8,,,,,,,2809712.2,2831507.5,5509768.0,2632600.0,5441304.0,5456272.5,
1025,172.9562518713449,10.329691,,,,0,,,,,,,1615370.8,1763469.5,2094238.6,1876391.8,1850496.2,1989992.2,
865,172.9563440962136,8.520268,,,,49,,,,,,,664469.06,666842.75,1937371.8,620030.0,1755939.2,1812216.9,
772,172.95634525432237,7.846951,,,,6,,,,,,,2208846.5,2357026.2,97437.48,2307089.8,85503.1,129593.836,
1082,174.9567068619973,10.439791,,,,8,,,,,,,1108789.2,1127186.8,1175098.1,1095741.4,1155696.6,1198914.2,
130,175.02382885261235,0.5549452,,,,30,14,[M-H2O+H]+,,2,131;132,192.02702,420778.97,293187.5,484888.9,368917.1,499894.72,450827.9,
71,175.10795428558507,0.38654515,,,,56,10,[M+NH4]+,,2,95;71,157.07403,2.085307E7,2.2720212E7,2.3415494E7,2.0813696E7,2.3043266E7,2.277066E7,
37,175.11893718472527,0.34658122,,,,56,,,,,,,1.3034743E7,1.2678166E7,1.418246E7,1.7949064E7,1.2933289E7,1.3562258E7,
81,176.0917487728326,0.38828087,,,,56,6,[M+H]+,,2,71;81,175.08458,1.1540767E8,1.187129E8,1.11509384E8,1.3057471E8,1.0530916E8,1.0765511E8,
74,176.1104886251893,0.38740277,,,,56,7,[M-H2O+NH4]+,,2,74;75,176.08744,1284080.0,1577489.0,1609208.2,1436640.1,1654536.4,1608081.1,
184,176.98449156892505,1.5109285,,,,,,,,,,,47876.64,31843.705,179241.1,669199.5,868932.9,180200.06,
192,176.98449607720306,1.7211155,,,,,,,,,,,125046.58,678757.75,797993.94,118239.484,194412.53,846119.25,
2,176.98449654025765,0.034163322,,,,1,,,,,,,917020.44,1054824.0,965860.06,1035455.2,1208984.6,1117859.4,
75,177.0949168440587,0.3874239,,,,56,7,[M+H]+,,2,74;75,176.08744,8984317.0,9300163.0,8658157.0,1.0197568E7,8218950.0,8393217.0,
198,180.06312968163843,2.0618265,,,,88,19,[M+Na]+,,2,198;200,157.07395,577962.06,743799.9,981050.9,975744.94,911314.5,902017.9,
1020,180.98968741175977,10.321031,,,,0,,,,,,,1090741.5,1145363.8,1292928.9,1154109.2,1229511.5,1290505.6,
1054,181.01430310489116,10.361917,,,,8,96,[M+H]+,,2,1054;1052,180.00688,4370098.5,4318707.0,3946440.0,4300481.0,3906427.2,3874245.8,
662,181.01442598293977,7.6795754,,,,,,,,,,,2222068.2,661325.44,302103.53,2250253.5,402557.44,393464.2,
108,182.08113963746374,0.40737155,,,,56,12,[M+NH4]+,,2,108;111,164.04731,1109392.5,1116778.9,1576063.2,1366489.9,1315559.1,1434586.9,
154,182.0812212010843,0.6876076,,,,82,16,[M+NH4]+,,2,154;153,164.04738,2618044.2,2414683.2,3417782.0,3729974.2,3025708.0,3309448.8,
1019,182.98505493906228,10.32014,,,,0,90,[M+H]+,,2,1023;1019,181.97776,2.040773E7,2.3784876E7,2.141827E7,1.9469764E7,2.0938442E7,2.15889E7,
1049,183.00970747031297,10.360298,,,,8,95,[M+H]+,,2,1053;1049,182.0023,1621586.2,1623317.8,1473155.8,1637921.6,1473234.5,1447107.4,
242,183.0916882059198,2.8948755,,,,,,,,,,,6084376.0,5680325.0,353233.75,9126121.0,2754701.8,2443340.2,
1109,184.00282299693188,10.524755,,,,47,,,,,,,7826009.5,8102182.0,6366465.5,6919192.5,8105537.0,7688745.5,
38,184.07324349805575,0.34832314,,,,56,,,,,,,644179.1,703938.06,1420753.8,613226.0,1329966.5,1434058.8,
735,184.07337028067323,7.8657775,,,,6,,,,,,,0,0,1628430.5,0,1584776.6,1648376.9,
32,184.96959858568323,0.33365643,,,,56,,,,,,,687597.8,610440.56,500900.94,769881.0,430985.9,517467.47,
1052,184.98539369959818,10.361789,,,,8,97,[M+H]+,,2,1052;1055,183.97811,7472886.0,7570842.5,6276738.5,7383807.0,6169859.5,6326051.5,
165,185.04204063546794,0.7784569,,,,,,,,,,,410918.4,258129.56,1273980.9,520581.4,1129919.2,1148126.4,
1053,186.98082510992504,10.361789,,,,8,95,[M-H2O+Na]+,,2,1053;1049,182.0023,2859466.0,2905444.8,2422193.8,2850303.8,2328113.8,2423935.5,
227,188.07055006658462,2.732127,,,,54,,,,,,,213001.58,202611.86,327009.12,297273.78,262982.94,288548.66,
219,188.07055636635457,2.608453,,,,83,,,,,,,441238.0,439643.1,648030.56,613662.3,534136.75,579345.4,
206,188.0706246223073,2.2419207,,,,21,20,[M+H]+,,2,204;206,187.06337,2654121.8,2901305.0,1811561.5,5965961.5,1454152.5,1830709.1,
125,189.12332894840415,0.45897588,,,,,,,,,,,978393.0,1045570.9,842007.1,624143.1,490122.22,545548.06,
84,189.12332946992524,0.3891461,,,,56,,,,,,,1124045.2,1218631.1,840899.3,1444226.4,850958.3,793463.2,
211,190.04984823106045,2.434126,,,,55,,,,,,,1078544.6,1110529.9,1685578.4,1521949.1,1612205.2,1723310.4,
252,194.11517321889377,3.195155,,,,85,24,[M+Na]+,,2,253;252,171.12592,8468201.0,8448022.0,6294029.5,8008537.5,5973171.5,5852550.0,
353,195.1016012199998,5.61109,,,,,,,,,,,792258.06,792970.94,788877.25,797714.6,782109.75,772070.94,
243,195.11280524879044,2.9111035,,,,,,,,,,,37788.508,16853.7,329224.72,45498.484,301501.97,344018.72,
259,195.1128312421226,3.2981215,,,,,,,,,,,115955.78,108849.01,2253032.2,199893.86,1965609.9,1708337.5,
1030,196.0166398132633,10.325315,,,,0,92,[2M-H2O+K]+,,2,1036;1030,87.53225,1883441.2,1912621.1,1845216.0,1342120.6,1854017.1,1832818.0,
246,196.09440351535372,3.0385802,,,,,,,,,,,217634.48,205941.1,393024.16,403131.5,326351.62,357746.44,
59,198.09719205103218,0.37398902,,,,56,,,,,,,1479503.1,1223683.1,976632.25,1040985.4,696861.94,817367.25,
1115,199.98809752286843,10.822842,,,,,,,,,,,1133557.8,3598559.2,793004.6,3629250.8,606637.0,701176.0,
1120,199.98810260465845,10.866418,,,,,,,,,,,3708442.5,174083.61,814780.56,1158706.8,785658.25,219511.47,
6,200.97233484628018,0.053597715,,,,,,,,,,,202404.14,30421.92,28717.033,175745.42,76521.17,108530.56,
1106,201.97553503947412,10.506787,,,,47,,,,,,,1238365.2,1280619.1,1789867.9,1225040.5,1781993.5,1770987.1,
88,202.18011741515048,0.3900267,,,,56,,,,,,,832654.94,722107.3,668519.06,641547.0,1337435.2,751825.4,
160,202.18012311645305,0.7162791,,,,,,,,,,,326432.9,229195.98,240769.12,238286.27,594906.1,337152.47,
44,203.0525249458232,0.35606575,,,,56,2,[2M+Na]+,,2,50;44,90.03169,2858901.5,2854934.0,1210414.2,2728109.2,1305665.2,1198189.2,
99,204.08664637089979,0.40038586,,,,56,,,,,,,263304.72,135398.42,1188300.1,134798.62,937916.3,1073400.0,
1017,205.01700218871042,10.318392,,,,0,,,,,,,7090205.5,7484946.0,6674040.0,7011692.0,6633255.0,6227792.5,
797,205.01713611650152,8.093045,,,,,,,,,,,4198010.5,4218045.0,1382302.5,4061250.8,1335250.6,4180623.5,
724,205.01713696637088,7.8432674,,,,,,,,,,,1636763.9,649214.4,878739.06,664216.25,804642.3,484521.2,
204,205.09721654117428,2.24009,,,,21,20,[M+NH4]+,,2,204;206,187.06337,1889473.2,2005710.5,1212226.0,4203814.0,1023953.1,1312858.6,
208,206.04482860697553,2.3021667,,,,,,,,,,,841532.2,939661.75,675109.3,1127614.0,618787.06,674472.4,
1047,207.01736377381644,10.359426,,,,8,94,[M-2H2O+NH4]+,,2,1047;1050,225.00462,5338483.5,5307098.0,4690393.0,5166777.0,4583474.0,4615901.0,
666,207.01751904641927,7.710011,,,,,,,,,,,1768845.0,1788095.0,432361.53,1782436.4,563216.3,411323.2,
1091,208.03916964181153,10.4750395,,,,47,,,,,,,2356677.2,2268030.5,2409043.2,2367428.5,972785.1,2374496.5,
1112,208.03917650719518,10.56612,,,,,,,,,,,669089.9,1011974.75,614579.7,531988.5,2559594.8,1090905.8,
1056,209.01277962701715,10.362665,,,,8,,,,,,,2010664.8,2034364.5,1762396.1,1930620.4,1710749.0,1766954.6,
104,210.06075347344552,0.39951086,,,,56,,,,,,,1020350.3,812238.7,1637460.8,822784.25,1254319.2,1364447.6,
131,210.0608267508336,0.5549539,,,,30,14,[M+NH4]+,,3,130;131;132,192.02702,822577.1,923212.3,921319.0,705263.56,922247.8,959277.75,
365,211.07534709169897,5.674684,,,,35,,,,,,,839328.0,1136878.6,18064.656,1188472.1,87987.32,15101.09,
299,211.97060611426522,4.6870904,,,,4,,,,,,,3761432.2,3963934.0,4157135.5,3843235.2,4255841.5,4358281.5,
135,212.00778152210952,0.5584934,,,,30,,,,,,,808549.94,822193.6,727837.9,634568.8,794967.8,677154.06,
254,212.125647142821,3.1960583,,,,85,25,[M+Na]+,,2,253;254,189.13644,856573.75,859901.06,556817.6,819286.7,556020.8,571092.0,
1027,213.98268426293563,10.32444,,,,0,,,,,,,720608.0,722894.56,2013053.1,772026.44,2007256.5,1964922.2,
866,213.98283722463282,8.521922,,,,49,,,,,,,101895.445,360499.94,1054340.1,343462.84,1000700.75,1078884.1,
761,213.9828426327092,7.862289,,,,6,,,,,,,1125904.5,549099.2,20231.781,532939.1,65666.984,127589.55,
230,214.08618454540706,2.7330284,,,,54,22,[M+H]+,,2,231;230,213.07892,1191871.6,1134119.4,1730447.6,1627504.1,1449672.4,1544793.2,
218,214.08621827011567,2.6076064,,,,83,21,[M+H]+,,2,218;220,213.07895,2310143.5,2275023.2,3417850.2,3121368.0,2838594.5,3056856.5,
132,215.01616870296576,0.55583614,,,,30,14,[M+Na]+,,3,130;131;132,192.02702,1.0157294E7,9816871.0,1.0233178E7,8890430.0,1.0411475E7,9707213.0,
56,216.06313028171397,0.36463198,,,,56,,,,,,,2530061.5,2786451.8,317200.6,2943531.2,348220.56,225533.61,
196,216.19584553292293,2.054461,,,,,,,,,,,123451.92,854342.0,54465.086,682929.5,137136.0,213158.78,
933,216.92251992316693,9.845064,,,,,,,,,,,757598.94,3569.1697,0,0,0,0,
976,216.9226079878449,10.197917,,,,,,,,,,,883703.4,794152.2,274792.28,804961.75,280191.25,268673.66,
207,217.10467201380558,2.2496293,,,,21,,,,,,,1354910.2,1298096.1,933605.9,1400522.2,1143160.9,1217222.4,
261,217.10658793126078,3.3418267,,,,,,,,,,,54164.57,27791.21,0,125476.695,34257.348,4313.2866,
237,217.10701905048379,2.800964,,,,87,23,[M-H2O+H]+,,2,236;237,234.11022,506157.47,397873.1,1029404.9,885208.25,836341.8,927325.3,
266,217.10709335903178,3.653942,,,,79,,,,,,,102474.664,75877.95,158358.97,231755.61,148821.5,144755.95,
273,217.107096417933,3.8485992,,,,26,29,[M-H2O+2H]+2,,2,277;273,450.20977,67970.01,50655.504,154546.38,132733.48,129947.57,128212.984,
82,217.12945378572445,0.38828328,,,,56,,,,,,,1281296.0,1415699.1,1130980.6,2323676.0,1357577.5,1082152.6,
126,217.1294689059613,0.5247842,,,,94,,,,,,,1505229.0,1286346.8,1314322.9,2631052.0,985169.7,1420967.5,
22,218.98360380734903,0.31620806,,,,2,,,,,,,397897.9,319846.5,142356.0,356871.72,100498.12,103768.37,
262,219.05695423968382,3.5205848,,,,,,,,,,,1427008.4,1573650.2,1505365.0,1756512.5,1474935.6,1532058.0,
444,219.0569692526201,6.10265,,,,13,,,,,,,601374.75,982821.25,932836.1,646034.25,1013963.9,960678.1,
479,220.11211255247244,6.3037877,,,,19,,,,,,,956598.44,1375637.5,850338.75,1414789.2,1220822.8,772593.3,
705,221.1750560352543,7.772951,,,,5,,,,,,,617975.56,455170.5,37572.473,552745.5,43183.527,53070.05,
282,222.14644348468985,4.059252,,,,,,,,,,,955115.94,980712.06,630745.75,964789.3,635733.06,644412.25,
127,223.06357967050812,0.5262286,,,,,,,,,,,2005493.6,1173035.1,942253.94,1294408.6,651355.5,2628461.5,
1026,223.98814493237936,10.324268,,,,0,,,,,,,4128516.5,4116917.2,4018556.8,4161007.8,3902940.8,3191749.5,
773,223.9883201692668,7.854355,,,,6,,,,,,,4074810.5,4067637.2,762731.56,4081925.2,518237.28,742841.44,
1108,225.02925641203285,10.522129,,,,47,,,,,,,2355985.2,2406350.0,2574092.5,2461255.8,2541703.0,2383129.5,
366,225.0908963091392,5.673799,,,,35,,,,,,,1404334.6,1856042.9,62129.473,1990193.9,127684.55,43725.03,
1050,226.01184102137483,10.36017,,,,8,94,[M+H]+,,2,1047;1050,225.00462,1026152.0,1035242.25,883427.3,1018476.2,704106.7,863618.5,
286,226.18009822733555,4.376886,,,,28,32,[M-H2O+H]+,,1,288,243.18336,197493.38,170621.11,312235.38,186580.23,303538.12,274993.47,
652,226.18011321383224,7.696648,,,,17,,,,,,,1020892.4,711229.8,506266.9,770925.6,647712.0,624186.06,
697,226.18011548719085,7.7738376,,,,5,70,[M-H2O+H]+,,2,707;697,243.18339,918997.6,669803.25,495112.0,792616.8,598979.9,674391.94,
988,226.95132108261475,10.220529,,,,15,,,,,,,4070245.2,4111145.0,1347204.1,3952238.2,1420405.0,1354616.8,
937,226.9513552706401,9.923698,,,,,,,,,,,5918081.0,3331156.8,2278748.2,3198498.0,2401645.8,2154214.2,
586,226.95136058001574,7.377154,,,,41,,,,,,,300858.22,330491.4,0,383872.0,0,0,
314,228.1957903566391,4.8184357,,,,31,36,[M+H]+,,2,314;315,227.18847,375877.94,280987.28,474340.94,417873.06,452458.5,658740.44,
653,228.19579549118566,7.696648,,,,17,66,[M+H]+,,2,649;653,227.18848,454312.3,326640.72,230963.92,341885.5,304360.2,281312.34,
698,228.19581352459352,7.7738376,,,,5,69,[M+H]+,,2,698;691,227.1885,1187320.1,866108.1,643381.7,1059663.1,761160.4,901766.1,
516,228.2322047351898,6.651032,,,,57,,,,,,,1090613.1,1084776.1,653273.5,1079147.6,695157.1,667337.9,
151,229.03183954254595,0.68082374,,,,82,,,,,,,89832.92,52416.914,1159664.8,86140.66,1186946.5,1137463.5,
226,229.0972260701296,2.72498,,,,,,,,,,,258583.14,164046.72,363718.3,331139.3,330033.06,306094.44,
302,229.98119249840514,4.687986,,,,4,,,,,,,8030920.0,8279314.5,9482180.0,8181102.5,9805603.0,9898482.0,
304,230.98441781977064,4.688861,,,,4,,,,,,,653265.5,687448.1,780380.9,673436.9,824131.2,817503.8,
231,231.112750368192,2.7339242,,,,54,22,[M+NH4]+,,2,231;230,213.07892,1.2102498E7,1.0989282E7,1.8014404E7,1.5640242E7,1.5031735E7,1.5802961E7,
220,231.11277266077062,2.608453,,,,83,21,[M+NH4]+,,2,218;220,213.07895,2.1799908E7,2.0831598E7,3.2484454E7,2.8512012E7,2.7595592E7,2.9093876E7,
303,231.97900404090106,4.687986,,,,4,,,,,,,7866489.5,8120750.5,9286462.0,8046694.5,9592556.0,9699942.0,
217,232.11592671703144,2.6075704,,,,83,,,,,,,3142831.2,3000895.5,4678222.0,4105695.8,3963891.2,4194052.8,
300,232.98223896556746,4.6879745,,,,4,,,,,,,655927.06,670648.5,777634.3,673756.44,820938.2,814209.2,
265,233.0724919267531,3.558629,,,,,,,,,,,98887.7,45660.926,125067.2,147360.75,96746.164,109864.45,
285,233.07254242029433,4.3642,,,,,,,,,,,320252.12,231804.45,149558.05,479347.22,139737.78,178065.3,
149,235.06074335243966,0.67643327,,,,,,,,,,,247451.47,100398.12,860281.56,335454.38,515923.9,824538.8,
436,235.0712014542239,6.100715,,,,13,,,,,,,440850.03,679483.25,484771.03,455070.5,550173.8,482724.62,
294,236.0804118230101,4.548376,,,,61,,,,,,,2166959.2,1832987.5,2988245.5,2958121.8,2688840.8,2686752.5,
289,236.16201473760452,4.4484916,,,,,,,,,,,163352.25,151623.72,136587.28,177733.6,110661.164,162627.27,
706,236.16203461249492,7.772951,,,,5,,,,,,,561138.0,408551.0,37040.44,482752.6,44878.215,57785.836,
573,237.22123029896838,7.373173,,,,41,,,,,,,1380832.0,1543688.4,489302.2,1809911.2,501703.34,551095.5,
531,237.22123427073532,6.9754624,,,,66,,,,,,,147447.89,180623.05,46696.152,225377.53,53200.84,54841.727,
260,239.08884258008345,3.3546393,,,,,,,,,,,594833.6,671162.4,105565.25,1082356.8,419712.0,83247.88,
263,241.03874807223158,3.519498,,,,,,,,,,,364304.47,399893.84,374165.84,447873.94,363280.34,381227.97,
23,241.99941275250808,0.31620288,,,,,,,,,,,235528.56,213251.31,60680.836,248737.67,42331.28,54021.508,
292,244.06658091006273,4.5492754,,,,61,,,,,,,218457.75,182002.38,460007.25,307984.84,409819.28,418614.6,
433,244.07655517778915,6.1000056,,,,13,,,,,,,534815.4,888309.44,734722.7,562147.5,850543.7,738649.6,
287,244.19065002781534,4.378699,,,,28,32,[M+H]+,,1,288,243.18336,83366.7,63701.723,144289.88,74144.56,137249.2,128197.17,
699,244.1906746758177,7.7738376,,,,5,70,[M+H]+,,2,707;699,243.18339,707942.1,525416.5,368746.03,623906.8,461719.22,543784.25,
274,245.08574607468597,3.8495004,,,,26,,,,,,,518819.56,424705.7,986171.44,846159.9,838954.94,905108.6,
308,247.08816974199678,4.7039914,,,,,,,,,,,366489.66,348629.6,225403.62,440457.3,212483.03,237269.36,
315,250.17764510319,4.818437,,,,31,36,[M+Na]+,,2,314;315,227.18847,948250.1,780248.9,1146851.0,1038158.0,1125227.9,1582340.5,
649,250.177651490949,7.694844,,,,17,66,[M+Na]+,,2,649;653,227.18848,293236.22,211786.95,45038.66,231457.92,70552.63,58944.36,
691,250.17767195216686,7.772062,,,,5,69,[M+Na]+,,2,698;691,227.1885,1762905.4,1348927.2,138544.84,1583456.5,192816.83,219233.33,
264,255.0543764765042,3.5550213,,,,,,,,,,,103732.12,56798.332,138854.17,163293.23,110425.31,134020.12,
284,255.05441982872466,4.366017,,,,,,,,,,,402634.62,315403.9,193056.83,628271.3,183462.34,229195.38,
533,255.23178173432606,6.976359,,,,66,,,,,,,183591.58,214974.16,77855.836,279241.1,76159.164,85314.48,
579,255.23178876928526,7.374962,,,,41,,,,,,,1925438.9,2093525.5,709394.4,2472369.5,742723.94,810080.44,
480,255.24298819330218,6.3029,,,,19,,,,,,,693861.1,823644.0,211882.97,811249.25,229256.1,262434.5,
446,255.58448492799528,6.1035004,,,,13,,,,,,,653982.44,1037953.25,870934.06,694750.44,1000810.0,817611.5,
332,256.2633704547839,5.3926086,,,,,,,,,,,29490.324,43873.27,80614.43,36870.965,79148.29,83234.83,
558,256.2633907656331,7.2889247,,,,,,,,,,,420112.5,423308.3,1128969.2,433927.25,1113204.1,897751.5,
340,256.2998150770641,5.499653,,,,,,,,,,,2473680.8,2473766.8,8648227.0,2419764.2,8669685.0,8629845.0,
236,257.0993585098981,2.797353,,,,87,23,[M+Na]+,,2,236;237,234.11022,1258433.4,1022689.6,2484759.0,2232620.2,2053953.2,2368642.0,
40,258.1100288941352,0.3534408,,,,56,1,[M+H]+,,2,40;45,257.10268,7.373144E7,8.140891E7,4.2373644E7,8.4594344E7,4.0685296E7,4.2634956E7,
210,261.14433128333275,2.4271958,,,,55,,,,,,,347879.97,414139.78,610654.94,571921.5,611204.75,625229.4,
337,264.0920549691933,5.43459,,,,75,,,,,,,441183.75,412273.72,450289.53,464052.66,435718.3,441127.03,
611,265.2524692492827,7.511833,,,,70,,,,,,,237121.62,285393.06,104741.57,300482.34,109442.945,109676.03,
526,265.2524832504211,6.8277354,,,,81,,,,,,,46217.914,56960.74,72905.3,47265.625,79426.99,66723.55,
758,265.25251224495406,7.8738685,,,,6,72,[M-H2O+H]+,,2,766;758,282.25567,876797.2,939608.4,330094.72,913100.56,360030.84,355273.72,
519,265.25253965113404,6.723988,,,,,,,,,,,0,0,0,0,152097.62,0,
288,266.1725401507472,4.376886,,,,28,32,[M+Na]+,,3,287;288;286,243.18336,146818.17,118264.06,246346.25,136822.86,229202.83,213490.36,
707,266.1725879802012,7.7738376,,,,5,70,[M+Na]+,,3,707;699;697,243.18339,909715.4,774820.8,67584.43,920154.25,91408.51,97735.82,
391,266.63920640027237,5.8113728,,,,68,,,,,,,0,0,1045836.9,0,1008134.25,1344187.9,
90,268.1037467325437,0.3900319,,,,56,,,,,,,515676.06,779892.7,376622.5,1104832.2,610401.94,533792.5,
174,268.10389526444993,0.9244508,,,,,,,,,,,3244684.5,3771350.0,4552019.0,7186888.0,3452921.2,3744089.0,
307,269.0700413045825,4.703939,,,,,,,,,,,399851.88,399975.8,240888.19,508238.9,246974.06,249617.05,
316,270.1462877021523,4.85189,,,,,,,,,,,430738.5,308956.28,297877.62,571242.9,259519.25,320285.8,
360,270.27890685562204,5.6780543,,,,67,,,,,,,124229.836,174297.14,226088.62,102637.45,254883.3,226856.3,
382,270.2789610337494,5.717829,,,,78,,,,,,,142620.58,188939.86,437157.03,71105.61,474754.72,410668.25,
234,272.1853775116498,2.7711592,,,,,,,,,,,532850.94,390768.22,306183.22,356902.2,325422.44,380347.0,
322,272.25822800714195,5.2170167,,,,,,,,,,,300750.12,316894.5,1042273.6,296277.22,1079884.9,1108987.5,
661,273.2575391107304,7.705562,,,,17,,,,,,,453068.84,529088.9,477948.94,378592.6,493859.38,479551.03,
491,275.08303678332356,6.3738723,,,,40,,,,,,,1418492.2,1088166.6,1754605.6,1287770.6,1602463.6,1981149.9,
55,277.1391903278121,0.36967146,,,,56,,,,,,,2290293.2,2360460.0,1106247.1,3021680.8,1083223.2,1017343.75,
363,279.09911221388796,5.674682,,,,35,,,,,,,1.33102E7,1.7454812E7,846235.44,1.8171728E7,1659055.9,818205.4,
166,280.0917975438545,0.7332277,,,,,,,,,,,881784.9,192422.3,231452.67,678603.56,198194.44,252720.42,
45,280.09181801193193,0.35867652,,,,56,1,[M+Na]+,,2,40;45,257.10268,2337966.8,2642511.8,817859.5,2557812.8,976772.75,786288.1,
124,280.0918226878811,0.498145,,,,,,,,,,,630353.5,306603.97,66322.4,276664.22,91478.0,117856.35,
146,280.0918383434041,0.61667234,,,,,,,,,,,270384.28,326410.2,66322.4,426328.88,57066.277,57043.664,
157,280.0918503887153,0.6924503,,,,,,,,,,,354593.7,942809.7,232739.38,120985.28,428806.03,687280.2,
669,282.2215036876815,7.7430634,,,,,,,,,,,1056773.8,1075788.2,1005743.25,1089868.0,1146505.0,956650.9,
359,282.27887772649956,5.651726,,,,67,43,[M-H2O+H]+,,2,356;359,299.28216,277250.75,313363.94,517374.5,202887.42,569142.1,519250.53,
603,282.27898370326216,7.447672,,,,,,,,,,,502705.0,552950.9,952955.9,556057.0,931707.44,774473.6,
520,283.26295806722845,6.769238,,,,,,,,,,,47565.91,57537.793,117967.28,51185.598,404207.75,100381.63,
525,283.2629740684344,6.8277287,,,,81,,,,,,,161683.1,233650.19,260957.67,208507.36,217473.58,265422.53,
612,283.2629883736032,7.513609,,,,70,,,,,,,422156.72,562737.9,197890.4,528036.6,198959.66,197762.69,
748,283.26300801945507,7.8729725,,,,6,72,[M+H]+,,2,748;766,282.25567,1689901.6,1832192.6,655381.6,1733238.4,702507.1,719213.2,
793,284.2945830944174,7.985628,,,,93,,,,,,,435055.0,531644.06,244351.25,479970.28,272927.34,354304.8,
725,284.2946038471586,7.8504977,,,,,,,,,,,264342.8,274844.7,390301.53,260868.34,416644.84,326774.0,
373,284.2946440144308,5.6985354,,,,51,,,,,,,106184.42,100298.62,240329.27,76595.19,256239.48,263423.72,
398,284.2946789703761,5.839565,,,,,,,,,,,1367646.2,1627199.5,2518131.2,1295309.4,2573333.2,2406792.5,
347,284.294683314864,5.5551295,,,,63,42,[M-H2O+H]+,,2,347;344,301.29787,518337.78,672389.56,1151638.2,463334.62,1194638.6,1110596.1,
336,284.60532975153393,5.433531,,,,75,,,,,,,535269.6,480160.0,539872.1,558883.4,560645.7,564699.75,
338,286.27390001252394,5.446099,,,,75,,,,,,,217436.72,249969.58,636959.0,214422.9,642823.7,652674.7,
85,290.1343705267673,0.3899159,,,,56,,,,,,,1234906.5,1418404.2,1984778.5,1671782.0,1919499.9,1855057.8,
150,290.1344473482146,0.67917544,,,,82,,,,,,,2035495.6,2106138.2,2732959.2,3069285.2,2666658.8,2652690.2,
407,291.07788149096956,5.9495206,,,,38,,,,,,,417606.38,442421.78,456887.25,423673.97,478238.22,486189.47,
209,298.0965476272436,2.401171,,,,,,,,,,,165949.45,147939.86,371439.94,192235.17,321783.0,340900.5,
330,298.2738648919518,5.3763676,,,,,,,,,,,881948.2,722599.5,1574918.0,652704.8,1570809.2,1624184.8,
512,298.27387096129786,6.640234,,,,34,59,[M+H]+,,1,513,297.26655,115386.78,125761.62,216689.81,79833.47,223421.83,214499.1,
280,300.1145831262883,3.9038107,,,,69,30,[M+H]+,,2,279;280,299.10728,757769.7,551402.3,993400.9,1037504.6,875025.75,948006.2,
993,300.2893608684406,10.223273,,,,74,,,,,,,125491.734,152808.86,20150.152,131599.16,51607.973,20702.31,
538,300.2894508855414,7.0774846,,,,,,,,,,,360488.66,550419.1,335970.25,406221.53,379775.78,334452.6,
328,300.28947690505873,5.3017926,,,,,,,,,,,107954.38,115740.125,206934.2,127970.82,208163.61,212443.56,
358,300.28960226569063,5.6508546,,,,67,43,[M+H]+,,2,356;358,299.28216,5.8193252E7,6.6959492E7,9.65835E7,4.6175132E7,1.0135484E8,9.60807E7,
515,301.14082803459695,6.648309,,,,57,,,,,,,2150828.5,1797582.8,1288926.6,1792144.8,1371616.1,968494.44,
357,301.29284482536247,5.651726,,,,67,,,,,,,1.1659405E7,1.3483624E7,1.9499858E7,9234012.0,1.8707554E7,1.93815E7,
271,302.13021040074005,3.803682,,,,10,28,[M+H]+,,2,272;271,301.12292,880517.5,564643.0,1095256.1,1239223.1,892070.1,1034340.94,
345,302.3051869251236,5.5542374,,,,63,42,[M+H]+,,2,344;345,301.29787,1.4529426E7,1.8241482E7,2.9981038E7,1.2789598E7,3.1545368E7,2.9673686E7,
346,303.30846972404964,5.5542374,,,,63,,,,,,,2907843.2,3649845.2,6100718.5,2534438.0,6351011.0,6000096.0,
342,304.29957934091595,5.529398,,,,52,,,,,,,428091.25,1341518.4,1099269.9,875957.8,1007005.1,616107.94,
159,307.0828647896097,0.71987385,,,,,,,,,,,107539.82,241414.14,1310213.2,160960.4,1071528.8,1098365.0,
78,308.09069198959986,0.3874239,,,,56,8,[M+H]+,,2,78;69,307.0833,1.215028E7,1.3636209E7,1.4257128E7,1.0765497E7,1.452422E7,1.4553903E7,
139,308.0907795911243,0.56114167,,,,30,15,[M+H]+,,2,139;137,307.08342,1.2372564E7,1.501543E7,1.3074449E7,1.1936312E7,1.4522221E7,1.2205531E7,
214,308.09082140723643,2.4799855,,,,71,,,,,,,0,0,132354.34,0,99219.836,87802.03,
244,308.09083800864806,2.9973156,,,,,,,,,,,0,0,75737.9,0,225610.2,32521.104,
355,310.23514312332225,5.634119,,,,,,,,,,,102810.75,259674.28,235956.94,190968.39,392326.78,57614.996,
787,310.31013497301336,7.932837,,,,,,,,,,,362640.94,355106.4,873017.1,384012.75,615376.56,462440.56,
384,310.3103743711635,5.7354283,,,,78,45,[M-2H2O+H]+,,2,379;384,345.32407,7638.6416,28898.998,58737.547,3953.3616,52475.383,55248.566,
836,312.32567753336303,8.3151655,,,,,,,,,,,170858.03,158709.67,336831.6,154776.4,236589.88,189547.89,
854,312.3257014701238,8.43459,,,,,,,,,,,405917.1,532440.25,174671.55,422238.8,151473.39,233134.53,
474,312.32584221201733,6.2566237,,,,77,,,,,,,1576409.5,1903004.5,2441272.2,1427147.5,2494145.8,2220454.0,
413,312.3258869686179,5.9881186,,,,20,,,,,,,126651.625,163481.19,287216.16,98093.73,267972.66,249042.31,
500,313.14318035784845,6.5565963,,,,,,,,,,,97335.02,77306.58,277898.9,64162.484,336886.78,363581.6,
492,313.23464072504936,6.3393054,,,,,,,,,,,503734.72,464662.78,164621.22,580506.9,185776.19,190789.66,
457,313.23469637846523,6.179236,,,,,,,,,,,2303655.8,1527855.0,764750.9,1882715.2,714826.2,879005.8,
402,314.30511323191917,5.8817253,,,,,,,,,,,1545433.5,1803921.4,2729066.2,1386687.6,2962562.2,2637291.0,
632,315.2526780740853,7.600654,,,,90,65,[M+H]+,,1,633,314.24539,83819.336,77694.18,537160.6,71046.664,639747.75,611999.75,
225,316.21141362325653,2.687043,,,,,,,,,,,357380.88,293891.1,152753.33,276088.4,435347.44,275748.62,
215,316.2114738816767,2.5316112,,,,,,,,,,,268065.12,200268.27,137519.5,162397.98,214150.9,183964.56,
387,316.3207689409071,5.777651,,,,,,,,,,,319493.9,392658.62,710717.94,278384.3,684364.7,657079.4,
471,318.24013984189617,6.235849,,,,,,,,,,,1523105.0,1354015.1,635014.0,1460805.9,472215.03,453602.62,
313,318.2999046064658,4.8130302,,,,,,,,,,,93410.31,105996.734,93179.57,101911.586,85906.79,94488.195,
327,318.3000698590669,5.3080363,,,,27,40,[M+H]+,,2,329;327,317.29274,5934756.0,7259731.5,1.1712022E7,6024288.0,1.2165271E7,1.1569271E7,
143,319.14957586827956,0.5833368,,,,30,,,,,,,673942.56,679887.75,493844.88,591006.0,464365.84,482621.03,
768,319.2242299416935,7.874796,,,,,,,,,,,363589.78,391900.28,7276.3384,401851.22,7471.0923,7725.525,
367,320.12535215007506,5.674683,,,,35,,,,,,,1577232.4,2105751.2,65080.062,2232581.0,188516.3,81941.5,
320,320.18288021417374,5.070827,,,,,,,,,,,256225.61,246236.19,303392.6,346529.38,306160.97,307439.06,
550,320.18534683282104,7.1728935,,,,,,,,,,,338022.12,221040.67,377288.84,264542.97,361193.88,391940.0,
513,320.2557246206477,6.640234,,,,34,59,[M+Na]+,,2,512;513,297.26655,61717.793,75717.45,56564.773,49624.03,59552.43,60796.5,
405,320.2557325356966,5.908773,,,,3,,,,,,,366100.28,372143.72,173657.67,367497.3,137448.08,156544.25,
423,320.25592481859155,6.055528,,,,,,,,,,,656863.1,679362.5,254038.28,674156.8,253896.47,229885.33,
839,321.31497244334946,8.347493,,,,,,,,,,,133603.6,205290.45,734251.94,169656.77,428474.12,298211.94,
270,322.09644039651585,3.7747505,,,,,,,,,,,113034.76,69872.13,157827.61,154266.84,128628.73,160664.9,
279,322.09646516665515,3.9029014,,,,69,30,[M+Na]+,,2,279;280,299.10728,788573.94,570616.56,1019852.1,1057596.9,889925.56,981467.1,
356,322.27121015904316,5.6473174,,,,67,43,[M+Na]+,,3,356;359;358,299.28216,1034628.7,1197967.6,1315669.0,766472.25,1340520.2,1212581.0,
588,323.2190245992561,7.374964,,,,41,62,[M+H]+,,1,591,322.21169,863426.1,982169.56,42903.06,1314412.9,47176.387,56717.18,
272,324.11212430289635,3.8054798,,,,10,28,[M+Na]+,,2,272;271,301.12292,2587120.5,1681654.9,3066508.0,3355229.0,2597258.2,3399692.8,
344,324.28693135553254,5.5533643,,,,63,42,[M+Na]+,,3,347;344;345,301.29787,677138.4,860823.9,1255262.9,617154.44,1027652.94,1167205.0,
65,325.11240422658756,0.38568613,,,,56,5,[M-H2O+H]+,,2,67;66,342.11567,344788.44,196425.72,907733.6,208982.39,901881.44,791511.2,
283,325.12548676320836,4.2452207,,,,,,,,,,,1583260.5,1528237.1,963225.9,1479621.2,854351.44,1017176.8,
557,326.30507938746877,7.2505183,,,,,,,,,,,92172.85,108019.15,168177.19,60667.125,184906.61,175734.78,
396,326.30509645251436,5.810847,,,,,,,,,,,462345.7,508108.66,765397.25,402981.7,778467.25,750222.7,
465,326.3779146535379,6.193859,,,,,,,,,,,148221.86,228426.45,420047.34,190472.36,769721.2,282434.94,
498,326.378012815549,6.4672527,,,,,,,,,,,0,0,98108.61,0,127150.18,0,
496,326.64196104828244,6.4370294,,,,9,,,,,,,0,0,619393.6,0,645122.6,684115.7,
766,327.22663884864,7.8784103,,,,6,72,[M-H+2Na]+,,3,748;766;758,282.25567,435701.28,506506.9,0,483187.72,0,0,
589,328.3207375898988,7.370523,,,,41,,,,,,,455296.84,603225.0,178532.89,564321.9,193075.05,177719.6,
383,328.32076738376503,5.733667,,,,78,45,[M-H2O+H]+,,1,379,345.32407,141263.17,190407.98,230473.02,142409.88,238254.02,233306.05,
429,328.3208637741277,6.076683,,,,13,,,,,,,4.560105E7,5.292211E7,6.755717E7,3.9520892E7,7.073385E7,6.4233656E7,
1014,328.9147241172737,10.317522,,,,0,,,,,,,576777.0,674722.2,339247.22,615438.1,178175.47,258956.2,
427,329.32413857523846,6.075807,,,,,,,,,,,9508129.0,1.1087898E7,1.3280976E7,8871765.0,1.5758426E7,1.2650851E7,
69,330.0723966642469,0.3891746,,,,56,8,[M+Na]+,,2,78;69,307.0833,432076.28,513672.97,526621.2,440259.75,689348.1,578148.25,
137,330.0725528320408,0.5602527,,,,30,15,[M+Na]+,,2,139;137,307.08342,628261.75,779531.9,862024.6,612247.1,914727.5,832411.2,
354,330.3000377720246,5.6128497,,,,,,,,,,,329316.94,367152.72,293314.9,251772.92,582970.1,244877.86,
412,330.3364825697703,5.988114,,,,20,,,,,,,6696466.0,8007155.5,1.2097933E7,5574152.5,1.1881994E7,1.1204781E7,
418,331.33980839632915,5.9898973,,,,,,,,,,,1450882.4,1764217.4,2697776.2,1194236.8,2531617.5,2399177.5,
343,332.3155537131229,5.5302925,,,,52,,,,,,,335771.84,410040.84,874711.8,316043.56,932638.75,850989.0,
411,332.33091924163097,5.963946,,,,,,,,,,,200037.47,612967.94,578831.94,334399.4,584761.56,278398.16,
502,335.1251226504587,6.556595,,,,80,,,,,,,933423.44,764518.44,1410540.9,728560.8,1777821.6,1797097.5,
796,336.32574645271137,8.036472,,,,,,,,,,,236892.75,372257.1,2062219.4,288911.72,857840.5,515219.62,
536,336.3257602722267,7.0540442,,,,,,,,,,,44512.74,53471.418,342291.8,50335.32,211031.73,126944.34,
386,337.10443257709534,5.7876906,,,,,,,,,,,42498.664,35775.4,720578.25,38626.453,748075.2,794207.8,
484,337.1711446694074,6.337021,,,,73,53,[M+H]+,,1,483,336.16388,107268.74,63944.477,110201.45,101161.78,91689.48,111396.58,
416,337.171200474408,5.992597,,,,25,49,[M+H]+,,2,415;416,336.16394,2327105.2,1701578.4,2000445.1,2189075.2,1898318.6,2295549.2,
633,337.2345927695496,7.6006646,,,,90,65,[M+Na]+,,2,632;633,314.24539,608709.0,597730.56,1900091.0,557046.5,2288314.5,2079311.1,
534,337.23462984547524,6.9763627,,,,66,,,,,,,512727.94,616945.1,220967.42,775885.75,218799.02,240847.7,
482,338.26620669356333,6.3217254,,,,,,,,,,,63143.902,173508.08,162107.92,138383.72,221255.44,21987.654,
331,338.2662208576763,5.3908424,,,,,,,,,,,476252.94,515901.78,381142.06,467469.97,374109.7,374414.8,
339,338.26624597820336,5.4943085,,,,,,,,,,,480305.22,508964.38,273707.78,487227.6,270292.03,282650.16,
840,338.341484698092,8.348389,,,,91,,,,,,,1.705214E7,2.3404822E7,7.1663336E7,1.9722172E7,4.4319544E7,3.2085864E7,
395,339.11185467077195,5.828772,,,,48,,,,,,,531882.2,685324.1,615868.5,579919.8,671786.25,593522.6,
329,340.28190304958565,5.3098025,,,,27,40,[M+Na]+,,2,329;327,317.29274,278987.53,357522.1,575434.25,259418.67,614982.8,553923.75,
838,340.3479143877528,8.345712,,,,,,,,,,,440146.7,616186.44,2002202.4,512464.12,1211401.2,866311.0,
875,340.35711608168873,8.675873,,,,,,,,,,,117368.09,130037.27,748408.2,101687.05,372199.34,247108.03,
542,341.2659358420416,7.092315,,,,29,,,,,,,438143.66,521789.0,469175.53,471000.66,523209.53,515336.9,
522,342.24247852203297,6.7763467,,,,,,,,,,,663216.6,815599.3,1186749.0,503603.44,1229547.5,1239486.9,
323,344.13005753595354,5.2349486,,,,86,,,,,,,645924.0,557319.56,903928.6,893402.2,845384.1,829807.0,
532,344.3156262410313,6.975608,,,,66,,,,,,,28016.21,109698.61,99372.44,84661.69,131044.79,0,
371,344.31563950770436,5.6853538,,,,35,,,,,,,2796154.0,3353263.0,1560882.4,2033489.4,1951263.0,1436586.5,
400,344.3157216560853,5.8628764,,,,64,,,,,,,2122445.2,2585648.5,2673843.2,2297709.0,2867887.5,2524417.8,
250,345.1515644927883,3.1322584,,,,,,,,,,,757030.75,598221.6,1333570.4,1368859.4,1231930.2,1288142.5,
267,345.15400328397004,3.656657,,,,79,27,[M-H2O+H]+,,1,268,362.15726,39394.375,28065.705,68071.21,118612.96,62368.883,65903.65,
591,345.2008476892168,7.377154,,,,41,62,[M+Na]+,,2,588;591,322.21169,423130.53,473324.34,0,596590.44,0,0,
372,345.3189597570608,5.683548,,,,,,,,,,,603963.8,752635.75,331074.62,443611.62,413763.4,291229.22,
399,345.31907795254955,5.861089,,,,64,,,,,,,445598.6,541005.2,549470.3,478717.9,601348.1,526587.6,
1004,346.3310847608221,10.235091,,,,,,,,,,,105273.6,147279.22,23976.066,116468.484,39581.34,16228.28,
760,346.3312171635367,7.876594,,,,6,73,[2M-H2O+2H]+2,,2,776;760,354.33,105083.69,143258.12,0,123472.125,0,0,
380,346.3313673905145,5.7354255,,,,78,45,[M+H]+,,2,380;379,345.32407,1.9668546E7,2.3402924E7,3.6690536E7,1.8847248E7,3.799738E7,3.521968E7,
381,347.3346480880636,5.735438,,,,,,,,,,,4096154.2,5210428.5,7488542.5,3885269.2,8490927.0,7201712.5,
128,348.06987909545325,0.51566833,,,,94,,,,,,,872154.1,974884.8,397979.94,981913.4,562271.6,567227.44,
72,348.0698933625136,0.38655484,,,,56,,,,,,,1164397.0,1329994.6,1145468.6,1318946.9,1104144.1,1131071.5,
404,349.13480647717546,5.9069457,,,,3,48,[M+H]+,,1,403,348.12754,49403.793,37376.23,31201.945,51260.1,30235.613,36106.51,
441,349.13493629136275,6.1017737,,,,13,51,[M+H]+,,3,445;443;441,348.12767,4889405.0,7512413.5,7939724.5,4797764.0,9215294.0,8151130.0,
852,349.32096613832414,8.411664,,,,,,,,,,,483980.44,529570.56,1915456.8,671452.56,2218515.5,1865706.6,
869,349.3210800230159,8.582463,,,,,,,,,,,667464.4,691857.75,2586720.2,804005.44,2851989.8,2576494.8,
874,350.1773969557567,8.644101,,,,,,,,,,,3425.064,0,431599.03,0,439107.03,428527.03,
569,350.17741207736367,7.370523,,,,41,,,,,,,1030632.0,1167999.1,839241.44,1187424.4,816510.9,896236.44,
424,350.3023107886547,6.06434,,,,,,,,,,,497011.2,598054.5,80554.14,434287.06,81782.07,39873.742,
769,351.21404558142734,7.875681,,,,6,,,,,,,539441.1,594374.5,47395.863,611488.6,43037.66,49129.574,
770,351.2503228108169,7.876578,,,,6,75,[M+H]+,,1,774,350.24295,1717226.5,1904256.1,54773.117,1952816.9,60524.586,63087.96,
570,352.17776770228306,7.3714027,,,,41,,,,,,,1543725.2,1734910.2,721713.94,1811357.6,725854.7,822609.8,
410,352.3182649434493,5.9854255,,,,,,,,,,,299559.16,373283.53,368932.38,244129.33,368014.88,261066.33,
908,352.33905196919017,9.062165,,,,,,,,,,,1158877.2,1146049.2,805048.4,1104374.6,782700.2,815947.4,
864,352.33905532376843,8.530547,,,,49,,,,,,,4134983.5,5022207.0,4372263.5,4422322.5,4024769.5,4574164.5,
746,352.339081390337,7.8721147,,,,6,,,,,,,3555095.5,1837585.5,978508.1,2324000.5,1440636.6,943311.0,
702,352.33909511011115,7.834118,,,,,,,,,,,1327371.2,1010184.2,243593.89,988524.8,478299.25,665616.06,
466,357.26078984603737,6.2098165,,,,,,,,,,,1377191.4,1808198.1,1995363.4,2197322.8,1407939.9,2024441.1,
428,358.33113628167575,6.075807,,,,13,,,,,,,825117.1,922867.4,752384.4,549428.4,1396063.4,537983.56,
406,358.33117416257625,5.915655,,,,,,,,,,,199620.38,265257.22,176209.06,164602.03,229507.67,159878.11,
483,359.15309977183034,6.3352256,,,,73,53,[M+Na]+,,2,484;483,336.16388,55785.473,31774.139,34597.734,54675.19,31912.078,39215.55,
415,359.15317853929787,5.9916997,,,,25,49,[M+Na]+,,2,415;416,336.16394,1468940.0,1093383.6,1194853.5,1438126.8,1160092.8,1237811.1,
419,359.2400448448612,6.0051746,,,,20,,,,,,,768796.2,945547.3,511041.62,895504.25,545432.3,651591.9,
66,360.1494818843467,0.38395348,,,,56,5,[M+NH4]+,,3,67;65;66,342.11567,2516366.2,2559402.8,7159238.5,2063718.6,6596513.5,6843206.5,
708,362.3025995917106,7.772951,,,,5,,,,,,,513301.28,372993.03,13722.275,444790.25,40003.105,51720.5,
991,362.9258021236748,10.224168,,,,15,,,,,,,536414.3,590029.1,78384.32,564446.8,83060.62,74739.016,
67,365.1048851186728,0.38568613,,,,56,5,[M+Na]+,,3,67;65;66,342.11567,2648481.5,2627486.2,6376085.5,2266920.8,7028184.0,6066030.5,
158,365.10492680150475,0.69363785,,,,,,,,,,,136609.67,229281.83,257116.95,49530.65,989391.9,896388.3,
499,365.13567267927266,6.489226,,,,,,,,,,,287233.2,213782.47,1004355.9,194846.5,1169940.4,1307628.6,
485,365.13574330193745,6.337879,,,,73,,,,,,,0,0,67802.23,0,88608.9,75759.27,
794,365.2658841396283,7.9865117,,,,93,,,,,,,593812.3,743907.44,128756.12,473638.7,117618.98,128770.55,
610,365.2659140786357,7.5109425,,,,70,,,,,,,1772554.8,2255870.5,376976.2,2613836.2,380142.9,381121.34,
876,366.3727033615913,8.681279,,,,,,,,,,,260667.38,287298.72,457483.25,465828.34,229934.88,202236.84,
553,368.2581057281132,7.213572,,,,,,,,,,,803766.0,925617.1,1874515.9,728054.06,1877239.4,1861332.1,
379,368.31311928506653,5.734548,,,,78,45,[M+Na]+,,4,383;380;379;384,345.32407,1016037.5,1218967.9,1830290.2,963645.94,1901919.5,1516484.2,
403,371.11676441403824,5.9078584,,,,3,48,[M+Na]+,,2,403;404,348.12754,111350.586,90859.586,68739.63,116081.03,66110.305,76011.11,
445,371.11692607828064,6.1026464,,,,13,51,[M+Na]+,,3,445;442;441,348.12767,2.590659E7,3.557257E7,3.3529722E7,2.654016E7,3.682666E7,3.2268848E7,
849,371.315144925262,8.392036,,,,24,83,[M+H]+,,2,850;851,370.30793,180042.25,171518.06,4174271.8,187774.03,4766116.5,4823814.0,
435,372.1201605785365,6.10088,,,,13,,,,,,,5712901.5,7675454.5,7986349.0,5869581.0,8692775.0,7702998.0,
452,372.3468317574079,6.1245217,,,,13,,,,,,,8141267.5,9730930.0,5057939.5,5817519.5,5919437.0,4646463.0,
434,373.1230482212,6.1017737,,,,13,,,,,,,733066.3,1021099.7,944469.44,711690.0,1050892.8,911732.06,
774,373.2320699443296,7.8820033,,,,6,75,[M+Na]+,,2,774;770,350.24295,456336.28,513093.5,0,533171.4,0,0,
453,373.35019268910065,6.1254025,,,,13,,,,,,,1925613.6,2307294.0,1227355.0,1383739.5,1421055.6,1113253.5,
378,377.1660796910904,5.7265816,,,,78,44,[M+H]+,,2,378;377,376.15881,1376747.6,1148919.9,1741398.6,1244989.5,1738921.5,1972114.1,
619,377.16613004427205,7.544058,,,,76,,,,,,,93328.46,74138.39,117175.41,77123.516,122522.24,103197.72,
998,377.31979300200624,10.229631,,,,,,,,,,,155763.34,127967.16,627385.4,189428.62,595141.5,579423.6,
810,377.3199227490575,8.212909,,,,42,,,,,,,534412.2,484646.44,938944.44,463716.62,898180.9,572816.06,
871,377.31995344231274,8.610086,,,,,,,,,,,889243.6,857383.2,2626063.5,836794.2,1395304.2,623551.44,
879,377.31997324813483,8.815075,,,,,,,,,,,3007157.0,2985153.5,1044796.06,2778176.2,3571242.0,4224730.5,
889,377.3199949785907,8.967709,,,,39,,,,,,,1435012.9,1586490.0,773588.5,1451491.0,776639.75,818887.5,
776,377.32000231556566,7.876559,,,,6,73,[M+Na]+,,2,776;760,354.33,351552.06,392110.84,217221.52,351670.56,94076.266,117928.92,
608,377.3200720358031,7.4681916,,,,45,,,,,,,1119483.4,1266987.1,964260.4,1038042.0,982100.8,925120.3,
880,377.35181510251147,8.8223915,,,,,,,,,,,110104.43,121734.49,457345.2,197551.88,502990.53,418937.47,
905,377.3520433207095,9.020619,,,,,,,,,,,142794.0,117113.93,525099.75,207169.52,564691.2,465631.84,
1081,377.7375407304694,10.449219,,,,8,,,,,,,1360730.1,1110809.9,60904.28,1138642.4,62888.234,87237.27,
521,377.73772275146877,6.7613697,,,,,,,,,,,148615.95,1109641.4,0,1137383.2,0,0,
763,378.2086865007146,7.877477,,,,6,,,,,,,2189502.5,2401939.2,951095.06,2222429.0,984770.94,952668.2,
895,378.32330448478024,8.967688,,,,,,,,,,,306198.84,477993.84,230011.8,303042.66,245067.72,265136.88,
1085,378.7439460278226,10.449197,,,,,,,,,,,4933.9287,4574.1885,482942.34,4239.1074,1032268.56,595654.56,
660,379.2240025932795,7.6975517,,,,,,,,,,,472308.1,346466.1,35645.36,438057.4,54471.65,56538.25,
1098,379.33517708653034,10.456759,,,,,,,,,,,40106.36,40807.03,43185.742,85264.94,204889.5,166788.14,
887,379.3356622781004,8.962256,,,,39,,,,,,,4590237.0,4299401.0,1374573.5,3806143.2,1440160.5,1509223.0,
867,379.3357114091978,8.601308,,,,49,,,,,,,724558.4,600144.25,5881690.5,475752.72,5852487.0,4626173.0,
201,380.14817802894436,2.0937781,,,,,,,,,,,1287352.4,1342088.2,1250828.2,1403020.8,1181909.9,1092122.6,
62,381.0786404845626,0.3830584,,,,56,,,,,,,103031.89,121648.234,1844582.0,32374.502,1344879.1,1337942.2,
751,382.20438381318735,7.8738933,,,,,,,,,,,482074.2,548853.75,159583.75,492962.72,201110.9,121190.29,
927,383.18240645260965,9.636196,,,,36,,,,,,,814660.9,618506.8,1211844.1,626683.56,1080366.4,1274879.9,
203,384.1144801428838,2.1966822,,,,,,,,,,,227080.97,211205.06,517966.4,231374.98,508701.6,479910.25,
511,384.7459437076179,6.636211,,,,,,,,,,,0,0,8277138.5,0,8066718.0,1.0479858E7,
477,385.13235754475494,6.2741814,,,,77,,,,,,,202024.69,521428.1,494691.38,294694.78,580895.8,419826.84,
268,385.146442046612,3.6575642,,,,79,27,[M+Na]+,,2,267;268,362.15726,274036.9,219594.1,412454.88,578604.7,384525.06,386594.6,
545,385.292023760185,7.100534,,,,29,,,,,,,368783.22,509941.38,425905.22,424552.3,454520.44,403002.56,
1029,385.7233072253783,10.325294,,,,0,,,,,,,1488636.6,993488.06,160820.86,942507.0,166749.36,113825.49,
789,385.72441536602565,7.9644313,,,,,,,,,,,0,0,2474859.8,0,2072355.0,2162885.5,
1038,386.7311441761786,10.321866,,,,60,,,,,,,0,3678.3164,1219255.0,0,1164389.5,1164295.5,
613,387.2474808764694,7.5148106,,,,,,,,,,,195818.8,266329.97,0,360887.47,0,0,
845,391.28404358972085,8.374151,,,,23,80,[M+H]+,,2,845;844,390.27659,779391.6,685984.9,1110785.4,707835.1,1041974.06,1039911.56,
802,391.33143786407226,8.203914,,,,,,,,,,,35200.63,47880.66,486010.72,34004.64,457445.34,460092.7,
463,392.3306575711087,6.206331,,,,,,,,,,,108816.84,134243.33,470849.3,170624.66,309568.4,626384.6,
600,392.33085410123755,7.421106,,,,33,,,,,,,2026805.1,1960214.2,1.0248805E7,2034006.1,7057486.0,1.3670607E7,
701,393.21940281523894,7.7711716,,,,5,,,,,,,746655.7,832594.44,297562.56,799076.7,315928.8,314002.22,
851,393.29709597155414,8.3911295,,,,24,83,[M+Na]+,,2,849;851,370.30793,2672536.2,2712605.5,3.146291E7,2819322.8,3.5965696E7,3.5969904E7,
601,393.3341515392917,7.4219933,,,,33,,,,,,,593148.44,572869.7,3114325.0,601056.3,2100731.8,4169367.5,
432,394.19258762576663,6.1017756,,,,13,,,,,,,498364.78,620865.6,322030.94,386588.62,350699.3,559865.44,
636,394.34650362971996,7.6142406,,,,,,,,,,,6843.0615,3721.8171,345235.28,7436.211,249674.9,443880.88,
543,395.2188990307195,7.0933776,,,,29,,,,,,,403434.78,404132.06,334238.88,391076.56,368640.75,289046.88,
688,395.2198312108135,7.771179,,,,5,,,,,,,851457.5,945161.6,307590.75,943708.8,309195.03,330220.9,
609,395.33039601125,7.4681916,,,,45,,,,,,,934556.4,1083344.8,654080.6,870187.25,715336.06,646483.06,
896,395.3305003553731,8.974934,,,,39,,,,,,,326188.62,341743.03,322963.4,333324.75,312634.28,334588.84,
712,395.3305901937329,7.803184,,,,,,,,,,,353910.1,655148.3,81067.73,438591.0,113689.68,65428.695,
814,395.33059279533137,8.216492,,,,42,,,,,,,224848.12,297995.9,222971.89,235846.8,219360.28,219960.39,
290,397.14642393168583,4.4937477,,,,,,,,,,,494671.75,503326.38,291679.53,453133.97,266185.88,314161.53,
377,399.148032224115,5.725699,,,,78,44,[M+Na]+,,2,378;377,376.15881,3752296.5,3296221.8,3834851.0,3534322.2,3879799.5,3997685.0,
472,401.28691412211856,6.2421246,,,,,,,,,,,1269441.5,1273197.5,1626676.9,1608125.1,1564157.0,1595730.4,
1039,406.7471088258056,10.329964,,,,60,,,,,,,0,0,799368.25,0,844993.6,824009.1,
640,406.7477903137321,7.6743507,,,,,,,,,,,0,0,307135.94,0,548551.1,1860536.0,
720,406.7479243777575,7.820854,,,,,,,,,,,0,0,1272333.5,0,1043747.56,576534.06,
795,406.7481252012397,7.9947205,,,,,,,,,,,0,0,1286546.8,0,1283803.6,1411849.4,
650,408.30805090735447,7.694844,,,,17,,,,,,,1930667.6,1388851.9,423211.0,1472769.0,551749.25,468608.78,
693,408.30808777400966,7.772951,,,,5,,,,,,,7681227.0,5875605.5,800506.8,6762597.0,1007617.25,1108076.2,
505,409.19230874240833,6.598498,,,,37,57,[M+H]+,,2,507;505,408.18499,1048701.4,915597.1,1310032.6,929288.06,1296842.8,1387979.4,
722,409.2743062441745,7.8192954,,,,53,,,,,,,719863.4,855997.56,85904.23,712758.56,77948.95,86519.19,
638,410.3048045861899,7.6213975,,,,,,,,,,,623548.25,715241.1,1092877.4,589124.7,1121904.2,1120947.0,
489,411.20790065491866,6.3747697,,,,40,55,[M+H]+,,1,490,410.20066,414886.25,311337.5,551189.5,364787.34,510446.75,626799.6,
447,412.1431765903887,6.1035247,,,,13,,,,,,,675182.9,949830.2,893657.94,696631.2,1018884.94,847923.4,
844,413.26563728320144,8.37326,,,,23,80,[M+Na]+,,2,845;844,390.27659,4016591.5,3518969.0,3717248.0,3468238.8,3855305.8,3821351.2,
352,415.2109517475028,5.57559,,,,,,,,,,,353175.6,367513.4,241273.64,362016.88,684942.44,248249.56,
63,418.15473402551333,0.38480803,,,,56,,,,,,,330049.1,202159.8,1222536.9,267250.78,1354045.2,1200326.4,
599,419.27633181493735,7.392809,,,,,,,,,,,331113.66,384017.03,114893.63,272396.3,131711.05,140310.8,
620,421.1557869368076,7.5458565,,,,76,,,,,,,466015.7,383673.94,511045.38,400041.0,529121.0,519526.53,
779,421.15579933748376,7.8979855,,,,44,,,,,,,123007.15,115118.734,119864.45,118797.79,137815.31,143890.67,
672,421.1558445242783,7.7537727,,,,16,,,,,,,1119685.6,991785.25,927495.75,1086595.1,936700.1,1013796.9,
493,421.22862784174185,6.4386725,,,,,,,,,,,138085.19,142022.0,220535.84,122649.445,227270.83,253983.48,
503,421.23209239777594,6.568317,,,,,,,,,,,157264.67,112253.59,420399.47,54795.203,311341.1,350094.47,
916,421.2345811591227,9.485633,,,,,,,,,,,0,0,135184.44,0,132120.31,154324.08,
823,421.2506480887143,8.218299,,,,42,,,,,,,557212.2,625958.1,256089.84,573134.25,239418.67,245933.23,
541,425.21405834696003,7.0892487,,,,29,,,,,,,368370.56,341684.9,1677995.2,307826.47,2007109.0,2100714.0,
643,425.286961033184,7.6563625,,,,,,,,,,,686075.94,513178.6,67833.164,400537.66,75551.766,84643.52,
547,429.3181056490285,7.103255,,,,29,,,,,,,387006.66,594682.1,613906.4,514249.62,699118.1,395097.66,
992,430.9131380498229,10.223258,,,,15,,,,,,,495171.2,570481.7,57148.945,537661.5,60638.13,47257.55,
507,431.17416544721027,6.599401,,,,37,57,[M+Na]+,,2,507;505,408.18499,700593.44,631437.0,840255.75,636175.6,833854.9,857404.94,
494,431.1742359280368,6.432915,,,,,,,,,,,359513.94,324676.3,356289.2,359059.2,347405.56,351505.8,
490,433.18992082207234,6.373855,,,,40,55,[M+Na]+,,2,489;490,410.20066,4298940.0,3462999.0,4248863.0,4107757.2,4142114.8,4338966.0,
275,433.20623617034994,3.8496544,,,,26,29,[M-H2O+H]+,,2,275;277,450.20977,131128.58,99037.06,270876.56,232264.58,225800.31,233591.66,
295,433.2064428512033,4.548376,,,,61,33,[M+H]+,,3,297;296;295,432.19922,4836569.5,4095306.0,7048794.0,7164602.0,6342867.5,6465757.5,
831,433.30724607859753,8.224605,,,,,,,,,,,299980.8,343742.34,142296.72,277026.66,139966.83,155473.08,
349,437.19294253979405,5.5747,,,,63,,,,,,,2499703.2,2734021.5,1824398.4,2567660.0,4793004.5,1790804.2,
458,440.40928635825327,6.192098,,,,,,,,,,,398723.72,327202.78,362177.53,384838.16,791147.7,244878.9,
580,443.2042860318784,7.3700166,,,,,,,,,,,183752.83,502147.12,0,474358.4,0,0,
475,445.3130394813338,6.256628,,,,,,,,,,,648742.9,559921.44,732707.0,695837.44,673188.7,985629.3,
306,447.1268053690401,4.698632,,,,4,34,[M+H]+,,2,305;306,446.11955,408332.06,322271.2,396022.4,415406.34,377117.78,414116.78,
727,447.30758405832626,7.854292,,,,,,,,,,,627063.94,797102.0,101148.17,402720.12,122784.46,110379.19,
317,448.20300952990505,4.904474,,,,50,38,[M+H]+,,1,318,447.19577,75484.95,65167.57,77447.82,88952.57,76160.9,87530.914,
334,448.2033045559754,5.4326463,,,,75,41,[M+H]+,,3,333;335;334,447.19601,6093395.5,5346304.5,6082519.0,5938084.0,5997241.5,6483213.5,
408,449.1846989008821,5.9513097,,,,38,,,,,,,609579.2,685759.25,694862.8,627110.1,737683.8,810515.3,
696,449.30209404933663,7.769404,,,,5,,,,,,,1012862.8,1187333.9,98941.84,674365.2,121518.15,103730.414,
296,450.2331802416266,4.548376,,,,61,33,[M+NH4]+,,3,297;296;295,432.19922,1432475.8,1112257.6,2290147.8,1988622.9,2010197.2,2099529.0,
276,451.21687708771964,3.8505554,,,,26,29,[M+H]+,,2,277;276,450.20977,513950.03,414420.06,1045394.6,859355.06,874768.56,898569.8,
926,451.24490579237744,9.634384,,,,36,,,,,,,744797.1,584307.8,1139987.9,600983.25,1021058.9,1222837.9,
385,452.27665243426037,5.759094,,,,,,,,,,,88672.45,91408.87,1686091.8,74833.375,2121206.2,2271948.8,
362,452.27666906790546,5.6764445,,,,51,,,,,,,72446.0,75782.33,263643.94,100261.9,359751.28,321858.28,
842,454.2922482712209,8.372357,,,,23,,,,,,,141198.53,117280.31,153581.92,124462.84,163714.45,149315.52,
455,454.2922682261548,6.159809,,,,,,,,,,,87872.88,90355.05,1698368.8,117314.56,1877717.2,2110124.0,
297,455.1883654811101,4.5492616,,,,61,33,[M+Na]+,,3,297;296;295,432.19922,3.2546796E7,2.9498876E7,4.139302E7,4.1604456E7,3.898701E7,3.9619304E7,
654,457.3493732288835,7.699339,,,,17,,,,,,,219145.42,405913.22,389480.44,336672.47,546992.75,195285.33,
739,463.2814605328608,7.868522,,,,6,,,,,,,511427.94,544487.0,289131.72,307568.44,325834.16,309947.5,
911,463.3310610899792,9.199422,,,,,,,,,,,36519.6,33513.45,0,485077.53,0,0,
535,467.31276817441534,6.9799647,,,,66,,,,,,,474675.06,513708.2,400894.6,455311.38,441170.56,374554.5,
504,468.4407278149725,6.581655,,,,,,,,,,,266990.3,225045.75,239722.52,258660.48,592719.44,163560.75,
305,469.10879064736423,4.6950846,,,,4,34,[M+Na]+,,2,305;306,446.11955,419921.3,341815.03,401149.16,437213.72,385440.84,429241.84,
318,470.18502935061684,4.90447,,,,50,38,[M+Na]+,,2,318;317,447.19577,39715.332,31118.594,37797.33,43526.145,43336.996,47658.105,
333,470.1852907455471,5.4316344,,,,75,41,[M+Na]+,,2,333;334,447.19601,1.2577972E7,1.1651619E7,1.2461042E7,1.2632333E7,1.2449171E7,1.3002147E7,
506,472.20078755124206,6.5985055,,,,37,,,,,,,473589.78,419625.75,627466.56,427164.47,617288.1,652055.75,
277,473.19896040857816,3.851464,,,,26,29,[M+Na]+,,4,275;277;276;273,450.20977,1912798.6,1554312.4,3667412.0,2963324.8,3090193.0,3305064.2,
548,473.34436778790376,7.101434,,,,29,,,,,,,332125.94,530896.2,570299.2,445019.06,650670.7,340685.38,
551,478.292364487778,7.1719947,,,,,,,,,,,1270759.1,907336.0,893329.5,1138586.4,863967.1,861093.06,
559,478.29238207793304,7.309589,,,,,,,,,,,293343.9,212988.31,159773.55,256961.8,151456.25,168261.84,
481,480.3079798826018,6.2762904,,,,77,,,,,,,273604.94,293379.8,400679.53,358416.62,462258.66,475038.3,
469,480.30799456639716,6.2295837,,,,,,,,,,,317423.25,333505.25,619717.2,379815.22,737096.75,792811.7,
625,481.29198940520837,7.571871,,,,,,,,,,,1843113.0,2281398.8,468499.97,1638471.2,568026.1,467245.1,
605,481.29202143446633,7.453041,,,,,,,,,,,4835961.5,5641789.0,1230272.5,4619732.0,1338741.4,1178707.8,
891,481.29205177030144,8.972241,,,,39,,,,,,,2796934.8,2753018.0,3612405.5,2691621.8,3465552.2,3592943.5,
741,481.32826913824505,7.8678885,,,,,,,,,,,414758.25,321554.06,0,247425.94,16230.194,0,
642,483.3803795123124,7.658172,,,,,,,,,,,446948.44,653192.4,318240.03,496989.47,390806.1,281397.1,
560,485.1120089449948,7.3159122,,,,,,,,,,,369642.38,322995.0,74080.91,295120.25,85460.61,151397.23,
390,494.3236321301324,5.8171196,,,,68,47,[M+H]+,,1,392,493.31653,7166.2275,18777.775,3192157.2,4295.884,3054994.8,4411190.0,
375,494.32386957918925,5.7117324,,,,51,,,,,,,0,0,293632.28,0,302645.7,347055.94,
461,496.33932717683757,6.209814,,,,22,,,,,,,6903.8916,13525.868,1750405.6,10084.014,1709897.8,2358091.8,
478,498.28210765422523,6.3240337,,,,77,,,,,,,76188.89,79678.77,669361.25,73409.01,684554.7,753256.94,
646,501.37562570038557,7.6939816,,,,,,,,,,,171788.64,338998.56,349066.97,279437.44,454867.53,179914.02,
392,516.305922112304,5.8113728,,,,68,47,[M+Na]+,,2,392;390,493.31653,0,0,465739.66,0,430430.56,716586.4,
389,517.2516347536574,5.808205,,,,68,,,,,,,573665.44,733159.25,641927.6,576616.5,802311.2,651916.75,
546,517.3706503961099,7.100534,,,,29,,,,,,,305050.9,478064.3,544891.2,412640.2,598321.5,301275.7,
459,518.3214758247736,6.2031155,,,,,,,,,,,0,0,259751.8,0,237614.28,409073.5,
278,519.2407913291316,3.9075782,,,,,,,,,,,181073.64,308488.88,378649.66,265078.88,171102.4,428926.72,
923,519.3075851011102,9.635307,,,,36,,,,,,,496601.8,394840.44,767568.9,395259.75,684140.75,800520.1,
885,521.3808455249126,8.961362,,,,,,,,,,,15710.151,72461.016,23530.277,85264.55,84041.84,542837.0,
476,522.3552176854472,6.269773,,,,,,,,,,,0,0,369991.84,0,362677.22,431227.12,
487,522.3552891721524,6.367637,,,,40,,,,,,,0,0,914555.3,0,912562.3,1218480.9,
523,524.370883897927,6.788599,,,,,,,,,,,0,0,869656.3,0,869788.5,1092311.5,
456,532.2583014188166,6.163307,,,,,,,,,,,642121.25,404470.62,639869.9,572187.94,531759.9,727411.7,
426,532.2583327212645,6.074013,,,,,,,,,,,613620.6,380602.3,472756.78,554049.75,414682.03,497757.8,
368,535.2082180830405,5.6783385,,,,35,,,,,,,424827.22,687957.06,0,740089.8,0,0,
932,537.3942808291083,9.787,,,,,,,,,,,617378.6,641741.44,281058.4,831199.25,267459.44,336842.8,
878,546.4302702530164,8.7071,,,,,,,,,,,2443487.0,2844977.2,2296471.5,1591969.8,2244091.8,2306277.0,
914,549.4121672356302,9.320357,,,,,,,,,,,15378.017,72265.86,21466.04,63798.66,68538.55,457519.66,
884,553.3893195453461,8.899964,,,,,,,,,,,544688.44,475320.7,337599.84,377227.47,368344.8,351784.06,
497,555.2927237272773,6.4388423,,,,9,56,[M-H2O+H]+,,2,495;497,572.29598,0,0,1029537.44,0,1009856.2,1155333.6,
528,555.378797169751,6.86081,,,,,,,,,,,267784.56,165857.25,492226.22,229724.03,416914.5,522205.4,
780,557.2810416470421,7.8988743,,,,44,78,[M+H]+,,2,780;781,556.27381,267654.06,289994.22,287564.16,323711.0,323061.4,358910.28,
617,557.2810973311163,7.543171,,,,76,63,[M+H]+,,2,617;618,556.27386,657357.6,541601.44,753953.4,575987.2,756754.2,755983.6,
673,557.2811295476669,7.7546806,,,,16,67,[M+H]+,,2,671;673,556.27389,978340.25,832114.44,869562.0,885683.56,868583.44,964133.5,
719,559.1309300059842,7.8192863,,,,53,,,,,,,764116.44,725309.4,423145.8,646351.44,434622.78,481682.2,
281,561.2513312454684,4.00285,,,,,,,,,,,265480.97,174576.11,385058.97,420086.0,322918.56,361960.2,
544,561.396758067486,7.0978208,,,,29,,,,,,,275271.7,453054.66,548067.3,402365.1,591329.75,263504.78,
870,562.4249651279845,8.593751,,,,,,,,,,,200743.17,250688.45,495230.84,280987.9,448477.4,543794.1,
420,563.238027059651,6.007892,,,,20,,,,,,,335817.8,332529.28,476177.3,393022.78,436155.16,445201.47,
310,568.2959870059411,4.730744,,,,84,35,[M+NH4]+,,2,310;311,550.26218,551706.94,512918.5,582953.3,419508.53,571897.06,589094.4,
311,573.2514071110288,4.730744,,,,84,35,[M+Na]+,,2,310;311,550.26218,5792151.5,5721766.0,5561443.5,4949339.0,5474913.5,5602818.0,
529,577.3607313054456,6.8581157,,,,,,,,,,,1281295.1,849087.1,1108612.1,1154153.6,978824.1,1160320.8,
1076,577.5180969642003,10.34587,,,,,,,,,,,1345078.2,811401.2,431932.44,410275.28,478606.06,376088.84,
582,577.5185290999593,7.3740726,,,,,,,,,,,4842656.0,547822.8,698569.7,727481.25,974538.6,612348.25,
527,578.3640142018161,6.8590064,,,,,,,,,,,408298.94,273797.1,354361.2,361195.3,315436.28,402504.0,
781,579.2630624620109,7.901539,,,,44,78,[M+Na]+,,2,780;781,556.27381,1135590.4,1060975.6,833584.94,1168674.9,1001051.7,962227.06,
618,579.2631171433424,7.543171,,,,76,63,[M+Na]+,,2,617;618,556.27386,3801324.8,3418943.8,2325104.5,3795137.8,2375081.5,2238408.5,
671,579.2631516496157,7.7510624,,,,16,67,[M+Na]+,,2,671;673,556.27389,4879861.0,4452463.5,3194639.5,4811809.5,3179757.2,3502041.2,
629,583.3240067917926,7.5861382,,,,,,,,,,,0,0,1117184.0,0,1201967.9,1259284.2,
924,587.3703602208242,9.635293,,,,36,,,,,,,499508.84,386859.12,757373.3,384630.8,673273.75,798783.4,
921,587.4640270342873,9.610113,,,,65,,,,,,,1864480.2,1206528.2,1823856.6,742545.25,1928605.6,1897697.2,
920,588.467360251541,9.609206,,,,65,,,,,,,703523.1,443565.72,696288.5,274942.2,733276.1,719848.06,
975,589.4796262363276,10.191631,,,,15,,,,,,,5209475.5,4726526.5,6077318.5,3460496.8,5399264.0,5625944.0,
495,595.2851724278046,6.4369903,,,,9,56,[M+Na]+,,2,497;495,572.29598,0,0,793594.5,0,802466.25,879526.1,
540,605.4228323132055,7.087433,,,,,,,,,,,229374.56,387560.53,465435.16,346909.03,495033.03,184296.11,
935,610.1833905602392,9.817162,,,,,,,,,,,658838.44,686365.44,182581.2,682826.6,174745.95,195549.72,
922,613.4221577910315,9.619876,,,,65,,,,,,,8286986.5,6221275.5,6938569.5,6682799.5,7222364.0,7560198.5,
984,615.4950196513186,10.217831,,,,15,,,,,,,1712047.8,2420062.0,3805695.8,1311224.1,6613420.5,6775468.5,
835,617.416963209222,8.292488,,,,,,,,,,,267433.97,325185.1,590873.06,317589.84,667635.75,604863.56,
624,623.3164370976318,7.571539,,,,,,,,,,,0,0,562287.8,0,807109.25,1093330.9,
805,628.1941857868318,8.208394,,,,42,79,[M+NH4]+,,2,806;805,610.16035,192907.95,208010.84,616273.4,186779.62,498546.06,643038.2,
421,631.3264904241795,5.9437776,,,,,,,,,,,136941.34,285723.75,129815.28,224342.69,72358.375,178944.69,
401,631.3265523757453,5.8808765,,,,,,,,,,,1043104.7,723945.44,999971.3,1034670.8,934641.2,1093920.9,
806,633.1495562272297,8.208394,,,,42,79,[M+Na]+,,2,805;806,610.16035,328845.47,358545.62,1350013.2,331097.1,1077589.4,1388641.0,
857,645.5421626903254,8.522647,,,,,,,,,,,298798.75,281500.3,1355403.4,149092.89,485331.56,674537.4,
846,647.4273424048257,8.379506,,,,,,,,,,,152842.73,190787.23,383979.12,215770.02,398902.78,356212.03,
517,649.2237189108606,6.613243,,,,37,,,,,,,243423.84,243736.58,553896.56,228039.19,573594.4,564390.0,
324,649.3061201485858,5.2358327,,,,86,39,[M+H]+,,3,324;326;325,648.29896,930067.7,787158.0,1292348.9,1297782.9,1239385.9,1238769.2,
539,649.4494599360679,7.0865235,,,,,,,,,,,164819.06,292364.84,347342.22,268208.25,390850.47,135591.14,
950,663.453175964295,10.084576,,,,32,86,[M+H]+,,2,949;950,662.4459,1126665.9,1025178.0,971133.5,1101098.2,1142493.1,996800.5,
325,666.3328326558044,5.2358327,,,,86,39,[M+NH4]+,,3,324;326;325,648.29896,821067.3,670757.25,931980.75,946404.06,890766.6,936481.1,
473,671.2877618795404,6.253771,,,,,,,,,,,244438.83,235080.67,422554.1,279527.5,382872.2,340819.25,
326,671.288232775798,5.2358327,,,,86,39,[M+Na]+,,3,324;326;325,648.29896,1.0427694E7,9260107.0,1.2966901E7,1.3315287E7,1.265987E7,1.2643928E7,
837,675.6752727248286,8.346608,,,,91,,,,,,,97978.63,204675.25,1819440.5,135692.6,695613.5,352508.16,
431,676.4483542900613,6.096266,,,,13,,,,,,,904253.75,1376260.2,4067624.5,779764.8,4513168.5,4236793.0,
949,685.4351082239083,10.083659,,,,32,86,[M+Na]+,,2,949;950,662.4459,1.4198628E7,1.2336856E7,9127429.0,1.278298E7,1.0573702E7,9233017.0,
959,687.5313001173109,10.173459,,,,12,,,,,,,418284.38,520016.5,2024737.8,464821.94,2113420.0,2168715.8,
910,687.5316032315196,9.108157,,,,,,,,,,,389228.53,379569.9,162178.0,384479.16,236606.84,286297.47,
882,687.5316546645167,8.895803,,,,,,,,,,,89690.484,179172.9,948209.94,309955.12,870347.8,924100.5,
958,688.534621743434,10.1725235,,,,,,,,,,,105568.86,236145.8,670880.5,200536.11,700879.56,986740.75,
291,689.2983882046493,4.5048246,,,,,,,,,,,474250.75,358575.4,713742.75,751538.4,642615.2,680014.75,
676,690.5070445830825,7.765484,,,,5,68,[M+H]+,,2,676;677,689.49977,0,0,1.6081245E7,0,1.5945284E7,1.0535645E7,
442,697.2625484641209,6.1017737,,,,13,51,[2M+H]+,,2,445;442,348.12767,728651.3,1465705.9,1755495.6,713756.75,2091229.4,1985250.9,
858,702.2129106036067,8.506914,,,,14,84,[M+NH4]+,,2,860;858,684.17911,45401.49,37555.59,682566.0,43423.824,524646.56,604221.06,
859,703.2135077275935,8.508767,,,,14,85,[M+NH4]+,,2,861;859,685.17971,24723.86,17517.234,425482.44,19218.932,323533.8,372570.8,
974,703.5265899067364,10.1997175,,,,15,,,,,,,45431.48,95236.65,1282294.9,11230.813,1226083.0,1332727.9,
883,703.5266988800869,8.923196,,,,,,,,,,,227132.98,110881.62,702591.44,195485.56,249467.31,682356.56,
860,707.1683540399471,8.506914,,,,14,84,[M+Na]+,,2,860;858,684.17911,69047.695,60445.99,931089.0,67282.83,723407.56,828810.9,
861,708.1689524681507,8.508767,,,,14,85,[M+Na]+,,2,861;859,685.17971,34367.35,30986.924,587062.56,37791.543,448828.1,516229.47,
952,708.5105701595768,10.083661,,,,32,,,,,,,808202.56,734469.3,373405.3,767312.06,566332.4,477487.03,
677,712.4889878503303,7.765484,,,,5,68,[M+Na]+,,2,676;677,689.49977,0,0,3009369.5,0,3131783.5,2898075.5,
348,716.5087118520032,5.570261,,,,,,,,,,,39468.01,51680.25,144474.11,35973.414,324469.66,138729.1,
1042,716.5214179675327,10.309852,,,,8,,,,,,,1864660.4,1125745.9,208809.53,1157148.6,231464.45,63186.97,
985,716.521629571046,10.265398,,,,15,87,[M+H]+,,1,977,715.51438,507008.5,168798.28,394082.8,152507.62,391340.06,354490.2,
759,716.5222002451054,7.862806,,,,92,77,[M+H]+,,1,786,715.51486,307786.94,256783.05,2.4902244E7,142178.72,2.8229268E7,2.4963062E7,
596,716.522260871863,7.373783,,,,41,,,,,,,3439725.0,2905797.2,3217.3494,3804474.8,6989.9883,0,
868,717.5050118030978,8.572043,,,,,,,,,,,329763.2,287023.84,388845.44,254718.62,348833.12,370852.06,
943,717.5056800523192,10.012828,,,,,,,,,,,387296.8,487386.34,684831.3,299143.72,655044.56,662077.8,
936,717.5057115550903,9.899375,,,,,,,,,,,800933.9,773144.9,667079.6,779002.25,673883.9,646449.9,
930,717.5058280322261,9.68042,,,,,,,,,,,759393.75,802108.2,630409.5,873382.0,620287.6,569621.44,
907,717.5059673750051,9.041423,,,,,,,,,,,1427788.9,1273997.1,954578.94,1165104.1,949736.75,1021798.9,
913,717.5060012513877,9.264691,,,,,,,,,,,852779.0,996735.5,538962.4,940255.75,576332.4,567426.75,
1010,718.534504009201,10.323735,,,,,,,,,,,8863.729,22624.207,3453237.5,10510.779,2435179.8,3023895.2,
443,719.244607313805,6.1017737,,,,13,51,[2M+Na]+,,2,443;441,348.12767,5411881.5,9100350.0,8904724.0,5620840.0,1.0239253E7,8856683.0,
449,720.4741183672863,6.125368,,,,,,,,,,,327206.84,537825.6,207588.42,236958.22,254186.33,208474.48,
951,726.4612761890647,10.085481,,,,32,,,,,,,1349947.2,1212559.5,932546.44,1272004.6,1116329.5,935637.8,
566,730.5377857381618,7.3723016,,,,41,,,,,,,114389.734,22854.271,4.3977932E7,50427.86,4.1306184E7,4.1117228E7,
729,730.5380087138619,7.8538795,,,,,,,,,,,42925.242,16264.9375,2438771.2,16779.385,1391017.1,2485318.2,
1009,732.5517899495899,10.307866,,,,,,,,,,,3188.6228,0,450428.53,0,580628.3,496472.0,
578,732.5530376043971,7.374969,,,,41,,,,,,,39690.484,43076.78,3.383533E7,47131.152,3.0682982E7,3.3245406E7,
732,732.5558090663943,7.861935,,,,,,,,,,,81297.29,223129.4,7042111.0,68737.13,1.0419995E7,1.405789E7,
977,738.5036230635436,10.240417,,,,15,87,[M+Na]+,,2,977;985,715.51438,210567.53,23870.574,477974.53,16799.227,478208.25,392455.34,
786,738.504006230335,7.9014087,,,,92,77,[M+Na]+,,2,759;786,715.51486,85132.94,71375.59,4960624.5,67175.41,4492053.0,4922187.0,
668,740.4045444674856,7.7350407,,,,,,,,,,,902362.2,634042.1,694806.44,839054.56,675970.56,786288.3,
716,740.404562199913,7.8139305,,,,53,,,,,,,233615.53,173519.45,189868.73,196452.42,192348.9,228525.83,
987,740.5196785327977,10.220378,,,,15,,,,,,,0,0,1736706.5,0,1350727.0,1360849.5,
983,741.5234814429119,10.220378,,,,,,,,,,,0,0,715668.06,0,504170.84,560488.3,
966,741.5993641295012,10.189806,,,,,,,,,,,194844.25,121086.2,2178829.0,228331.8,1827095.9,1840030.8,
961,743.6118896604797,10.153236,,,,,,,,,,,1059346.2,873565.9,314155.47,816370.4,219132.69,292956.4,
946,743.6150258578799,9.976864,,,,,,,,,,,2674279.2,1314696.9,497110.4,1429757.8,770788.3,380157.44,
934,743.615259039958,9.866375,,,,,,,,,,,602415.0,259559.39,2938196.0,280257.16,3372004.2,2650240.5,
929,745.5369575420455,9.623742,,,,,,,,,,,867455.94,1052977.8,378352.03,796704.4,417546.0,430213.84,
948,745.5370348612646,10.026475,,,,,,,,,,,744159.3,720687.9,314331.22,381174.2,332036.72,413842.62,
906,745.5371557786847,8.999597,,,,,,,,,,,1599416.5,1574162.6,472873.75,967694.75,490532.1,520444.34,
917,745.537189775699,9.478753,,,,,,,,,,,864467.5,885149.8,161370.67,786175.5,259569.81,333525.88,
1007,752.5190886747376,10.233302,,,,,,,,,,,1045541.9,230174.97,141848.23,429022.0,168250.2,201464.03,
567,752.519586775839,7.3723044,,,,41,,,,,,,404689.03,245246.42,9424372.0,138422.75,2.036047E7,1.7248828E7,
825,752.5196247400387,8.217391,,,,,,,,,,,235229.22,52500.09,594883.4,24678.91,650458.2,662206.8,
680,752.5197078626162,7.7856116,,,,5,,,,,,,196904.11,81305.664,2352456.0,158126.34,2855310.2,2542068.0,
734,752.5198150205155,7.8667316,,,,6,,,,,,,300641.34,229901.66,2423119.5,123672.16,2893924.5,2699213.5,
556,752.520033861943,7.21734,,,,,,,,,,,0,0,1.0068396E7,0,3158945.0,1998786.0,
811,754.5342661747396,8.219197,,,,42,,,,,,,30232.46,24354.37,1244645.4,15377.885,1408199.5,1273147.1,
565,754.5346824466951,7.372295,,,,41,,,,,,,248660.83,267464.94,2.103268E7,201885.17,2.0275718E7,2.1006432E7,
678,754.5350668028232,7.782247,,,,5,,,,,,,64722.49,216429.7,4645441.0,191924.27,5715485.5,4087001.0,
736,754.535181196448,7.869425,,,,6,,,,,,,330541.06,385080.34,7798465.0,289673.53,8967861.0,7052029.5,
981,754.5353107588802,10.214958,,,,15,,,,,,,0,0,735288.56,0,768654.44,501824.88,
1008,758.5681293006263,10.307486,,,,62,,,,,,,6087.4688,3431.7446,4162519.0,3378.3918,4511064.0,4228745.0,
743,758.5690514465206,7.8738847,,,,6,,,,,,,318869.56,430573.0,5.8980692E7,365507.25,6.673502E7,7.101611E7,
703,760.5819942401221,7.8194714,,,,,,,,,,,482701.25,901950.06,4889772.0,1066355.0,2640929.2,2080351.5,
747,760.5831611827215,7.8738923,,,,6,,,,,,,508457.47,610544.5,2.8592752E7,627083.0,2.9277882E7,2.771908E7,
1011,760.583575792772,10.31227,,,,62,,,,,,,29110.328,31890.027,3963708.0,37180.605,4016590.2,3675739.0,
595,760.5840417280873,7.3722787,,,,,,,,,,,302137.25,1189980.9,921042.7,1496946.8,1416764.4,1604085.4,
798,761.5873472606635,8.069326,,,,,,,,,,,0,3884.1318,1.1681108E7,11297.99,1.1727584E7,1.0551653E7,
850,763.6052837491119,8.38968,,,,24,83,[2M+Na]+,,2,849;850,370.30793,0,0,1206907.2,0,1611180.9,1677540.1,
956,769.6307123493217,10.170049,,,,12,,,,,,,748725.9,493854.6,2982047.0,558007.44,3296408.2,2710661.8,
947,771.6445256359457,9.969506,,,,,,,,,,,995991.2,2414371.8,165086.42,2054749.5,258460.56,132020.22,
938,771.6458394465488,9.898167,,,,,,,,,,,4454603.5,1105416.8,220207.03,1132857.8,266498.22,424784.2,
919,771.6463096706866,9.647072,,,,,,,,,,,392834.94,237736.42,3263714.5,140544.1,3374367.2,3103892.0,
995,780.5505262336432,10.2361555,,,,15,,,,,,,62847.53,38763.516,5099900.0,31043.348,5564864.5,5255815.5,
594,780.5507182404244,7.4054203,,,,41,,,,,,,1310383.0,1466344.9,264820.22,1273339.1,202643.66,1559559.5,
818,780.5508070088002,8.218291,,,,42,,,,,,,89234.68,120466.19,9503894.0,73160.71,1.0250845E7,1.0552378E7,
692,780.5508735091962,7.7720695,,,,5,,,,,,,833177.44,986291.06,1.3713645E7,789660.6,1.1572009E7,2.040998E7,
744,780.5509862240912,7.8711796,,,,6,,,,,,,1509454.9,1729505.0,3.2672406E7,1332148.1,3.547862E7,3.4714524E7,
685,782.5641503782398,7.7711854,,,,5,,,,,,,1012600.2,1099462.0,3618986.2,1375904.5,3036148.2,3842106.8,
745,782.5642052337774,7.8711796,,,,6,,,,,,,1929640.5,2049517.9,9521419.0,2473182.8,9648259.0,5872611.0,
817,782.5653810121357,8.21829,,,,42,,,,,,,138244.16,153798.86,5929543.0,166871.42,6556211.5,8450139.0,
1002,782.5654441341775,10.234221,,,,15,,,,,,,160915.17,112547.84,5000326.0,194853.22,5262363.5,4636134.0,
574,782.5658503242606,7.373181,,,,41,,,,,,,1214253.9,1341488.9,1158473.9,1834984.8,2881525.8,2628791.5,
738,786.6002225266211,7.8711815,,,,6,,,,,,,107319.06,202728.23,1.0499295E7,192868.44,1.0885728E7,1.0434125E7,
886,797.6611089250786,8.96386,,,,,,,,,,,111817.8,115249.086,0,140734.64,3294.311,0,
833,797.6618067539139,8.228899,,,,,,,,,,,303290.66,331960.12,0,217739.11,0,0,
873,797.6618183057844,8.616924,,,,,,,,,,,849696.56,686990.4,0,210127.84,0,0,
971,797.6620313018798,10.167863,,,,,,,,,,,1614758.1,1263721.8,880399.5,619382.2,884688.94,930964.6,
941,797.662192540494,10.010611,,,,,,,,,,,444670.88,241731.81,2701279.0,149913.34,2929997.2,2590749.0,
996,808.5815822332457,10.238738,,,,15,,,,,,,47076.47,14359.469,769580.94,89460.05,685136.44,636669.0,
686,808.5819754163884,7.7711854,,,,5,,,,,,,271209.72,320827.5,2192726.5,401490.9,1772143.4,2164110.8,
755,808.5819797139393,7.8747926,,,,6,,,,,,,601602.5,682770.5,3801097.5,852744.1,4421421.0,3355012.2,
583,808.5820281867491,7.376772,,,,41,,,,,,,210261.61,249547.92,789828.7,347139.62,1362274.2,1425778.9,
816,808.5820387714726,8.217383,,,,42,,,,,,,47435.69,54325.81,861516.75,70003.81,977972.0,864670.6,
749,810.595644062338,7.8739033,,,,6,,,,,,,971030.7,1334142.5,1091258.2,651196.4,1281855.2,1101335.9,
683,810.595869431807,7.770305,,,,5,,,,,,,463149.34,633330.1,642095.06,315746.6,554371.8,636838.2,
572,810.5964724942905,7.3723044,,,,41,,,,,,,386901.7,515936.56,382150.12,279595.56,718604.06,702746.2,
393,823.4192778980472,5.81537,,,,68,,,,,,,289016.7,306650.6,517344.62,291373.53,499366.12,556917.06,
972,823.6778455647068,10.173114,,,,15,,,,,,,295003.53,269230.1,9251194.0,203944.77,9853233.0,8518506.0,
888,823.6784529114838,8.964925,,,,39,,,,,,,2.5630958E7,1.4929377E7,2.2024014E7,1.4819836E7,2.359877E7,2.1842868E7,
821,827.7086019165444,8.222837,,,,,,,,,,,0,419537.88,0,401063.9,0,0,
898,827.7101434027505,8.964464,,,,,,,,,,,0,2172307.5,3501.9807,2165005.5,3338.8208,3327.3562,
925,841.6878905623149,9.676948,,,,,,,,,,,225125.62,212110.44,1320632.6,322833.3,1280624.4,644023.94,
488,843.3907177606565,6.374779,,,,,,,,,,,206751.03,128137.76,312324.1,175762.14,276682.56,340898.44,
827,851.7093907418665,8.255443,,,,42,,,,,,,3108354.8,2972203.5,208552.7,3487461.0,476714.97,225781.5,
783,851.7094227808473,7.892957,,,,6,,,,,,,2551122.8,2745568.8,0,3375858.5,3685.9963,3340.5435,
890,851.7094549553481,8.964091,,,,39,,,,,,,2.1203614E7,1.840434E7,498922.53,2.343739E7,626064.44,349583.03,
931,853.7234396792395,9.732906,,,,,,,,,,,3430.6587,3.4985016E7,358948.84,3.8532092E7,552892.9,916925.1,
903,853.7236439429402,8.97865,,,,39,,,,,,,0,2776087.0,1.3331438E7,3387678.8,1.4106093E7,1.7361276E7,
953,855.7360400181669,10.15901,,,,,,,,,,,0,241643.77,1.1376172E7,29026.848,1.0368338E7,1982032.0,
900,856.7400528641945,8.991888,,,,39,,,,,,,0,0,1405622.0,3279.4092,1405700.4,1534701.5,
997,859.5295679286304,10.231481,,,,,,,,,,,584767.25,395487.72,243846.22,418006.03,625595.56,575949.94,
575,859.5300930542379,7.3749576,,,,,,,,,,,1160145.0,276018.25,170295.9,410625.72,1476852.1,1287084.1,
687,859.530769187833,7.799587,,,,,,,,,,,1405926.5,216479.52,35405.887,336564.62,28361.832,20144.697,
954,879.740229164697,10.154283,,,,46,,,,,,,0,1369649.0,1.1185498E7,2057986.4,1.2246579E7,1.2948206E7,
892,879.74032766644,8.974306,,,,39,,,,,,,0,3076842.5,1421310.2,3250293.5,2230968.5,3216974.8,
915,879.7404471210928,9.455028,,,,,,,,,,,0,2175549.5,1145487.8,1.4073119E7,1158753.9,920275.94,
955,881.7514978316755,10.156851,,,,46,,,,,,,0,96722.56,1.4919561E7,56913.21,1.3957651E7,1.4590367E7,
897,882.7565133552134,8.972873,,,,,,,,,,,0,4274.988,508208.34,0,469468.8,350301.62,
957,883.7687825959596,10.153724,,,,46,,,,,,,0,0,5066914.5,0,5275447.0,9282820.0,
902,883.7697846834584,8.979468,,,,39,,,,,,,0,0,543391.4,0,554863.0,1084472.6,
369,887.387404834984,5.679052,,,,51,,,,,,,1689499.1,1448349.9,3334306.5,1802355.8,3052417.0,3067372.5,
335,917.3810980211487,5.4326463,,,,75,41,[2M+Na]+,,2,335;334,447.19601,731141.56,588800.5,738981.9,734978.6,716616.0,830090.5,
417,1103.4870955866058,6.006101,,,,,,,,,,,173193.55,131939.98,322206.34,194631.83,274218.3,382416.47,
