"","filter","2024_NEG_CC_1_Run21.mzML","2024_NEG_CC_2_Run48.mzML","2024_NEG_CC_3_Run62.mzML","2024_NEG_CC-AZA_1_Run24.mzML","2024_NEG_CC-AZA_2_Run39.mzML","2024_NEG_CC-AZA_3_Run71.mzML"
"35/328.9796mz/2.13min",1477355.65,1595063.4,1454756.1,1189924.5,1499955.2,1310277,1513403.1
"36/312.9847mz/2.35min",495778.295,218778.83,561715.5,418454.12,580004.7,553584.25,437972.34
"37/312.9847mz/2.45min",652339.55,634447.7,670231.4,611823.4,753471.06,704221.75,598033.9
"38/373.0055mz/2.71min",2094759.2,2257010.2,2072115.2,2000419.6,2261907.5,2117403.2,2038214.5
"39/370.9898mz/2.8min",825931.25,919898,805295.6,803970.94,883595.7,822651.94,829210.56
"40/265.0176mz/2.84min",1796495.9,1947526.1,1788778.2,1767804.5,1898654.8,1804213.6,1756093.1
"41/397.0055mz/3.14min",285230.295,328452.97,283622.03,286838.56,308673.44,277513.25,267538.84
"42/265.0176mz/3.18min",3302753.65,3461896,3243903.8,3214153.5,3506202,3361603.5,3229426.2
"43/212.0353mz/3.3min",3584895.8,2627980,3421620.8,8122291.5,2624181,4276375,3748170.8
"44/421.0056mz/3.31min",91371.57,92237.8,91984.9,75894.35,98081.66,70437.49,90758.24
"45/421.0056mz/3.41min",2979175.4,3235767.2,2830852,2806243.8,3007057,3124854.5,2951293.8
"46/249.0227mz/3.49min",5935484.25,6057187,5698965,5614002,7138089,6511280.5,5813781.5
"48/582.981mz/3.54min",705302.9,787449.2,682728.9,655657,768116.5,724830.4,685775.4
"51/560.999mz/3.54min",3863503.7,4224123,3811020.2,3745378.5,4338360.5,3915987.2,3742111.2
"52/213.0386mz/3.54min",2139329.35,2748449.2,2243994.8,1611549.4,2016352.9,2072192.2,2206466.5
"53/212.0353mz/3.54min",19621629,21804692,17830688,13307568,21412570,23904922,17555554
"55/405.0107mz/3.62min",18442946,18889106,17732686,17837680,19822306,18434394,18451498
"56/407.0044mz/3.62min",1261658.65,1335789.1,1193888.5,1229078,1322946.8,1281137.4,1242179.9
"57/811.0292mz/3.62min",347263.5,370601.94,313384.12,323123.25,354744.1,347358.1,347168.9
"58/406.0138mz/3.62min",3476307,3620992.2,3264432.2,3651887.2,3475198.2,3389216,3477415.8
"60/421.0056mz/3.86min",496632.985,512986.97,480279,452269.94,611304.6,443327.6,540589.8
"61/309.1014mz/4.02min",426113.685,441297.62,404056.2,392178.34,455709.44,418910.75,433316.62
"62/605.0258mz/4.07min",726439.5,890392.4,653391.7,738648.9,923490.8,714230.1,670156
"64/421.1867mz/4.15min",1030234.85,1159734.9,804098.2,977752.5,1082717.2,1119469.9,827446.75
"65/603.01mz/4.18min",331118.33,387478.75,308302.4,342897.6,374486.5,319339.06,311549.4
"66/447.0213mz/4.21min",335605.07,339719.78,316512.9,332371.66,354109.1,333403.84,337806.3
"67/263.0383mz/4.27min",335554.27,347975.78,334334.7,330672.06,334074.97,338962.12,336773.84
"69/282.9837mz/4.4min",373031.03,397801,375756.44,353557.5,380487.2,370305.62,343759.22
"70/242.1762mz/4.43min",493864.36,504428.47,480038.28,483300.25,522375.4,511507.38,454237.94
"71/497.0371mz/4.44min",963997.25,1045720.06,917589.7,1010404.8,1068284.2,904235.6,874969.2
"74/793.0186mz/4.49min",649688.88,598263.5,643447.2,961622.25,655930.56,600085.1,838664.9
"76/341.0486mz/4.56min",732803.17,816816.8,701846.44,743425.94,792894,722180.4,670896.1
"77/404.0444mz/4.56min",441119.42,483724.84,442972.72,416306.72,455719.66,424463.94,439266.12
"78/422.9768mz/4.56min",762536.9,861216.7,751914.5,766555.3,806322.4,758518.5,734784.56
"81/653.0255mz/4.57min",619888.4,551684.56,624998.6,842026.56,614778.2,588190.8,735203.1
"82/497.0371mz/4.67min",1436393.4,1315325.6,1395156,1874843,1477630.8,1380441.1,1577413.2
"83/227.9666mz/4.74min",5948432,6061078,5891523,5632661,6005341,5813231.5,6017943.5
"84/229.9645mz/4.74min",5815452.75,6014812,5972596,5573851,5848943,5722285,5781962.5
"85/228.9699mz/4.74min",470861.1,494201.06,455355.97,457055.28,475169.6,481393.84,466552.6
"86/230.9678mz/4.74min",472562.75,476722.94,474965.25,443309.94,483858.34,453921.75,470160.25
"87/266.9888mz/4.76min",1548127.25,1691425.6,1532154,1368003.4,1564100.5,1564325.8,1433375.8
"88/268.9857mz/4.76min",502509.37,568111.9,515641.25,455835,503915.84,501102.9,468511.84
"90/637.0305mz/4.78min",4123185.25,4013649.8,4042159.5,5572367.5,3994443,4204211,4852025
"91/639.0284mz/4.78min",610962.87,570079.25,626447.44,828259.56,562140.9,595478.3,715325.06
"92/481.0421mz/4.92min",4149863.25,3987698.8,4070791.8,5142831,4208500,4091226.5,4373730.5
"93/544.0379mz/4.92min",1720993.55,1574437.8,1655809.9,2149699.5,1786177.2,1654113.5,1909511.9
"94/426.9678mz/4.97min",8801399,10754062,10561936,9637257,6838806,7325502,7965541
"95/428.9624mz/4.97min",334104.01,403793.75,396905.7,366830.4,255801.28,277538.94,301377.62
"96/396.2154mz/4.99min",757911.37,909457.56,536284.44,775604.8,740217.94,860017.2,536196.6
"97/397.219mz/4.99min",130285.64,152305.28,94906.47,131348.61,129222.67,154899.89,87854.71
"98/484.2681mz/5.03min",1244803.95,1311657.5,797769.3,1249536.9,1248343,1241264.9,899877.25
"99/501.2582mz/5.03min",249776.565,270422,156216.22,254273.72,246983.97,252569.16,188552.06
"100/653.0254mz/5.04min",61272.067,54784.625,58481.97,78698.12,65015.004,55230.35,64062.164
"101/396.2154mz/5.1min",2583566.2,2768363.8,1713910.9,2769893.5,2503025.2,2664107.2,2022226.1
"102/397.2189mz/5.1min",477647.36,515677.44,307468.3,516834.34,467414.12,487880.6,378384.84
"103/424.2468mz/5.15min",117068.075,162407.5,75855.96,57278.75,136443.75,140379.11,97692.4
"104/484.2681mz/5.14min",3577426.6,3616339.8,2537889,3780737.5,3554549.2,3600304,3098252.2
"105/501.2583mz/5.14min",677983.22,690669.44,487320.1,743505.94,692787.9,665297,583268.75
"106/424.2468mz/5.21min",164257.715,174595,83637.05,161953.9,166561.53,167982.31,105727.13
"107/779.3652mz/5.29min",594112.4,772023.94,432716.03,565327.4,622897.4,661350.3,414837.5
"108/187.8609mz/5.33min",113405.835,111107.55,47199.15,212259.11,115704.12,78145.79,165115.81
"109/424.2468mz/5.56min",712367.83,804076.6,500993,756293.56,677006.1,747729.56,550030.4
"110/512.2994mz/5.6min",113396.988,128773.26,76161.95,122300.74,109805.46,116988.516,96392.56
"111/705.3284mz/5.63min",344641.75,489167.97,264946.7,327699.4,361584.1,369602.12,259014.66
"112/424.2469mz/5.66min",2893162.65,3059949.2,2058347.2,3118588.8,2755784.8,3030540.5,2297666.8
"113/187.861mz/5.7min",46819.04,46819.04,46819.04,46819.04,46819.04,46819.04,234095.2
"114/214.8799mz/5.67min",60669.298,29718.564,59253.156,62085.44,46066.035,160118.14,1096270.8
"115/241.8989mz/5.71min",185293.69,27388.023,312662.28,58162.074,86545.78,284041.6,2123651.5
"116/512.2994mz/5.71min",502022.725,519598.2,375007.28,535724.9,484447.25,531685.44,461895.1
"118/315.2541mz/5.8min",107109.265,116824.41,66822.36,104149.8,110068.73,113872.086,73704.15
"119/562.0038mz/5.83min",58067.8925,59231.617,56904.168,71395.22,62455.63,50305.94,54740.78
"120/195.906mz/6.01min",39770.532,39770.532,198852.66,39770.532,39770.532,39770.532,39770.532
"121/214.8799mz/5.97min",69450.8275,16127.288,777054.6,216166.8,34254.535,104647.12,18351.092
"122/241.8989mz/5.97min",324523.85,262851.7,1409367,287083.3,166189.6,361964.4,383250.94
"123/187.8609mz/6.02min",34527.324,34527.324,172636.62,34527.324,34527.324,34527.324,34527.324
"124/315.2542mz/6.02min",106637.5625,115011.51,74739.94,107926.07,109997.96,105349.055,78217.82
"125/265.1479mz/6.02min",354453.075,580032,215177.77,434567.06,374269.12,267299.5,334637.03
"126/271.2279mz/6.06min",266386.515,326082.88,179300.84,254945.56,277827.47,279240.7,184062.06
"127/452.2782mz/6.13min",842040.85,930154.94,628842.3,912900.4,804992.2,879089.5,693850.94
"128/315.2541mz/6.14min",352808.53,427414.44,236347.86,343795.9,373300.53,361821.16,236993.67
"129/540.3308mz/6.19min",132710.6,141203.97,98026.41,145578.94,126961.33,137045.12,128376.08
"130/452.2782mz/6.24min",4715570.5,5552533.5,3698379.8,5394294,4650945.5,4780195.5,4007478.8
"131/540.3309mz/6.3min",919004.65,962392.06,768470.1,1034304.5,894589.44,928539.4,909469.9
"132/478.2939mz/6.3min",2587094.75,3028820.2,1575212,2638266,2605057.5,2569132,1673460.9
"133/480.299mz/6.3min",85443.52,110371.08,53516.062,92865.33,89133.51,81753.53,56553.15
"134/566.3465mz/6.37min",349881.325,405563.7,244704.3,382524.7,338637.4,361125.25,262649.22
"136/271.2279mz/6.39min",252654.125,311101.3,202246.3,241514.03,263794.22,264274.88,184839.61
"137/480.2991mz/6.41min",356808.72,410062.38,241661.5,375621.4,351394.16,362223.28,241417.25
"138/957.5953mz/6.41min",388143.795,480843.44,162516.58,467697.62,386971.12,389316.47,192066.78
"139/478.2939mz/6.41min",9671651,11101540,6233555,10607851,9797800,9545502,6556251.5
"141/566.3466mz/6.47min",1745731.5,2011159.4,1302038.1,2015869.9,1762473,1728990,1476509.4
"142/297.2436mz/6.48min",145301.96,184996.92,104478.22,140608.97,160622.97,149994.95,93903.914
"143/573.1294mz/6.5min",338511.815,354637.03,294492.62,291222.03,416032.44,457567.53,322386.6
"144/590.1196mz/6.5min",572565.9,698235.94,581986.1,543353.6,633792.94,544033.5,563145.7
"145/311.1687mz/6.53min",1021651.18,1737269.8,996377.56,1040250.3,1003052.06,995405.9,1255999
"146/506.3252mz/6.56min",77906.6025,93383.7,42075.996,93380.98,76195.9,79617.305,45665.566
"147/297.2436mz/6.61min",571141.655,705437.75,385062.38,588924.56,600157.56,553358.75,363034.72
"148/654.1321mz/6.62min",451208.1,581853.06,503467.03,456634.3,445781.9,378528.22,432421.28
"149/634.4456mz/6.64min",790796.55,255797.17,1579137,377268.1,1815813.8,299312.25,1204325
"150/637.1419mz/6.63min",674941.87,742697.44,601160.5,607186.3,797234.25,774752.94,590108.2
"151/311.1687mz/6.64min",771345.78,1119345.5,769201.5,845185.9,738139,632229.8,773490.06
"152/132.8679mz/6.67min",388984.52,363324.84,184999.98,414644.2,416818.6,1816332.5,52995.402
"153/299.2592mz/6.68min",2718200.3,3388781.8,2094375.1,2726822.8,2709577.8,2937125,1817782.5
"154/300.2626mz/6.68min",524506.905,635136.06,394256.47,537180.06,511833.75,565846.94,345632.2
"155/573.1294mz/6.68min",816027.82,941699.8,713468.5,713067.56,999823.8,908600.44,723455.2
"156/520.3045mz/6.68min",419398.235,619270.9,116308.875,434940.44,596144.56,403856.03,169387.97
"157/295.2279mz/6.77min",602393.87,635072.9,420324.03,733403.8,573447.8,631339.94,549700.3
"158/635.4489mz/6.7min",254861.955,207156.69,481375.47,798919.9,72189.266,67025.03,302567.22
"159/297.2436mz/6.7min",380461.8,512959.03,280110.88,388409.72,372513.88,400498,239790.31
"160/480.3096mz/6.71min",207411,286617.2,170661.86,255503.1,207903.94,206918.06,162691.2
"161/701.1544mz/6.71min",466260.19,494174.22,379687,414025.75,570918.6,548506.75,438346.16
"162/481.313mz/6.71min",50021.9615,64564.203,29706.723,54680.31,49461.15,50582.773,34018.684
"163/718.1445mz/6.72min",412424.095,480480.12,511589.5,432678.16,392170.03,325719.12,384453.56
"166/634.4456mz/6.76min",448609.25,1081319,495835.03,2177745.5,339874.7,317097.44,401383.47
"167/654.1321mz/6.8min",1683695.5,2064544.8,1920280.2,1705146.6,1662244.4,1465738.9,1524926.2
"168/782.157mz/6.8min",357771.49,445723.06,453937.53,381696.1,333846.88,288800.28,328244.2
"169/765.1669mz/6.81min",195081.225,172986.48,148000.11,137694.28,291701.75,300111.75,217175.97
"170/750.5292mz/6.86min",1126736.55,2392.9364,244098.2,11964.682,2054338.6,5096060.5,2009374.9
"171/481.3129mz/6.82min",327323.815,435096.6,273035.9,376125.8,318283.47,336364.16,282142.75
"172/480.3096mz/6.83min",1335301.45,1841383.1,1111156,1604569,1302035.5,1368567.4,1130350.5
"173/297.2436mz/6.83min",48115.2285,64958.69,36413.973,48204.07,57152.348,48026.387,30483.068
"174/565.2874mz/6.82min",41139.975,63614.79,40421.87,62948.715,37770.723,41858.08,34845.215
"175/637.1419mz/6.83min",1165062.2,1089877.2,879505.8,864786.06,1689902.8,1637538.9,1240247.2
"176/506.3253mz/6.84min",56001.1925,73450.65,29290.664,67937.4,55308.105,56694.28,34142.598
"177/690.5081mz/6.84min",190252.405,28916.678,144583.39,28916.678,989899.06,235921.42,4673450
"178/846.1694mz/6.89min",199337.63,264970.97,259154.84,210270.86,183964.64,133690.86,188404.4
"179/299.2592mz/6.9min",1152028.8,1381080.1,789359.4,1129585.2,1174472.4,1204776.1,733682.94
"180/718.1446mz/6.91min",1664897.4,2079944.8,1988720.1,1797253.2,1532541.6,1329127.4,1513584.5
"181/634.4456mz/6.86min",261865.87,2215181,367107.66,741169.1,137283.94,132416.44,156624.08
"182/701.1544mz/6.93min",1497027.4,1460637.8,1087938.4,1153093.6,1957517.1,1900185.2,1533417
"184/506.3252mz/6.95min",266413.05,350362.84,155509.84,330003.3,277212,255614.1,165722.48
"185/893.1921mz/6.97min",128869.295,130107.67,88092.734,101601.46,165680.98,164602.61,127630.92
"187/765.1669mz/6.97min",1307340.45,1274761,978850.2,1051485.1,1586332.4,1584863.8,1339919.9
"188/325.1844mz/7.02min",558737.155,681455.2,559043.25,277759.88,519320.16,758548.06,558431.06
"189/782.157mz/6.99min",1189042.3,1539943.1,1502992.6,1321836.4,1031228.7,906296.9,1056248.2
"190/637.1419mz/7.01min",407481,378073.94,303270.38,297694.16,512106.8,464603.88,436888.06
"191/654.1321mz/7.01min",368681.95,494623.3,417368.72,394387.34,342976.56,244726.5,322560.5
"193/271.2279mz/7.02min",98060.25,107667.586,64508.71,98072.875,98047.625,118706.45,58428.78
"195/974.1944mz/7.03min",89398.91,107611.22,105920.06,79763.15,66907.93,38788.223,99034.67
"196/297.2436mz/7.05min",43361.545,56548.3,32786.95,42907.766,43815.324,56909.25,28557.66
"198/846.1693mz/7.05min",953180.23,1345833.6,1181344.4,1034757.06,832089.56,820457.4,871603.4
"199/829.1793mz/7.05min",834534.42,560772.94,697226.44,516600.7,1104876.9,1120006.6,971842.4
"200/1131.5713mz/7.07min",264238.89,391379.3,227956.94,306260.06,271480.9,256996.88,140961.88
"201/565.2823mz/7.07min",3357780.85,4275468.5,3070236.8,3672834.5,3446379.2,3269182.5,2443143.5
"202/628.2779mz/7.07min",396612.5,541845.3,399700.44,474629.47,393524.56,392599.94,308481.75
"203/750.5293mz/7.1min",1034148.75,6408.728,1015836.5,32043.64,8467589,1052461,10076160
"204/701.1544mz/7.09min",747470.2,633211.5,594818.6,503871.22,1046915.4,966945.1,861728.9
"205/893.1918mz/7.11min",473069.34,406572.78,359201.22,329077,598281.6,597606.7,539565.9
"206/718.1445mz/7.11min",831511.405,1018797.2,944577.1,920326.56,742696.25,607078.44,686963.2
"207/910.1819mz/7.11min",820053.75,1033536.75,970170.44,921434.94,718672.56,588123.6,620478.6
"208/782.157mz/7.14min",1047471.4,1433329.9,1154045.8,1226037.1,940897,762454.94,821843.5
"209/765.1668mz/7.15min",994739.5,842092.8,658899.6,569113.25,1431138.1,1310825.6,1147386.2
"210/974.1942mz/7.15min",487806.865,637664.1,544151.2,601519.94,431462.53,340405.53,383093.88
"211/957.2041mz/7.16min",317329.65,243276.08,227653.95,191187.2,464853.62,454653.53,391383.22
"212/325.1844mz/7.23min",369015.64,771818.06,375933.88,331451.84,241712.52,393951.2,362097.4
"213/716.524mz/7.22min",14305715.44,39895.144,456784.88,199475.72,40722876,28154646,32880728
"214/829.1793mz/7.22min",988441.45,712441.4,810228.7,601849.06,1376848.2,1251562.8,1166654.2
"215/846.1694mz/7.2min",939228.03,1189718.9,1027176,1102724.8,851280.06,666429.6,676900.7
"216/1021.2165mz/7.2min",177780.037,94627.56,126281.734,104691.37,272887.47,240971.6,229278.34
"218/421.2264mz/7.22min",1476420.35,1746980.5,1348720.8,1459535.8,1652126.1,1493304.9,1403334.5
"219/717.5272mz/7.24min",6222341.375,1176.617,235552.75,5883.085,17773494,12209130,13999806
"220/271.2279mz/7.23min",56821.085,110824.055,19309.414,44293.64,69348.53,73908.44,33448.957
"221/750.5292mz/7.2min",787644.075,11135.7454,5020343.5,55678.727,1927369.6,489956.25,1085331.9
"222/910.182mz/7.25min",623483.32,812440.2,670823.94,695453.3,576142.7,179547.05,410609.12
"224/893.1918mz/7.28min",1045966,959961.4,949905.25,798476.25,1264569.8,1235771.9,1131970.6
"227/974.1942mz/7.3min",295313.96,526122.8,403348.22,248745.39,218478.17,268847.12,321780.8
"229/134.8947mz/7.3min",581396.55,973941.6,532409.44,694814.2,572720.2,333015.47,590072.9
"230/116.9286mz/7.3min",652649.25,631202.44,839607.25,425759.62,499565.2,674096.06,728544.7
"231/327.127mz/7.3min",414320.47,684717.25,428707.94,579598.2,399933,280441.53,333891.16
"234/957.2041mz/7.32min",989102.7,986759.4,949056.3,790959.75,1061782.9,994073,991446
"235/701.1543mz/7.33min",173481.2,192599.95,165374.25,139067.83,193124.94,172396.28,174566.12
"236/1021.2165mz/7.33min",721322.725,734050.25,698108.94,589618.4,828780.94,846993.1,708595.2
"237/245.8947mz/7.35min",2503.7958,12518.979,2503.7958,147436.88,2503.7958,2503.7958,2503.7958
"238/195.8109mz/7.36min",42582.784,42582.784,42582.784,212913.92,42582.784,42582.784,42582.784
"239/197.8079mz/7.36min",55709.14,55709.14,55709.14,278545.7,55709.14,55709.14,55709.14
"240/243.8996mz/7.32min",26357.863,123518.81,42743.773,358852.88,4405.948,881.1896,9971.953
"241/765.1668mz/7.37min",318239.64,308910.38,327568.9,251471.95,402596.3,364919.3,303494.22
"242/782.1571mz/7.37min",104121.985,182637.08,117734.69,146332.42,90509.28,60320.63,74240.56
"243/846.1694mz/7.4min",146932.143,240288.77,171629.27,204489.31,121380.36,99003.47,122235.016
"244/829.1793mz/7.4min",365464.63,359697.16,332707.75,217189.1,460460.1,516707.44,371232.1
"245/694.4669mz/7.42min",11951087,17336508,8635586,15176437,11649691,12252483,7755415
"246/447.3075mz/7.46min",131823.453,169792.36,111865.5,174851.34,124374.266,139272.64,111149.055
"247/910.182mz/7.43min",172281.33,245553.72,194867.58,191937.72,152624.94,123843.36,108123.055
"248/430.3172mz/7.44min",265582.025,272284.72,269242.6,276016.75,194768.66,261921.45,233764.14
"249/974.194mz/7.43min",103233.135,148274.03,147046.16,117270.92,88512.29,89195.35,88194.625
"250/711.457mz/7.42min",797830.2,2306088.8,744679.8,1987839,850980.6,701116.2,625260.4
"251/893.1917mz/7.44min",460170.71,486137.25,463943.2,394202.44,556764.2,447407.94,456398.22
"252/957.204mz/7.46min",501024.11,577123.25,509992.34,492055.88,576892.25,479666.22,482193.97
"254/1021.2165mz/7.48min",440291.46,537783.75,440395.12,415731,501892.44,440187.8,425875.25
"255/430.3172mz/7.5min",321484.6,476947.94,239915.45,319809.8,323159.4,348568.34,175791.03
"256/447.3075mz/7.53min",302218.175,421367.6,214176.55,308145.88,296290.47,368815.66,176432.45
"257/161.9136mz/7.56min",392634.1,571088.25,455602.4,358223.8,321344.75,276173.12,427044.4
"258/134.8947mz/7.56min",2035160.1,2355043.2,2061461.2,1914831.9,2256191,1879615,2008859
"260/501.3546mz/7.59min",2285395.15,2889139.2,1496521.6,2334772.8,2236017.5,2752015.5,1607138
"261/484.3644mz/7.6min",880792.55,1209560.2,590624.4,917544.1,844041,941690.25,586160.75
"262/299.2592mz/7.6min",395528.875,517657.3,297108.78,436065.16,369512.75,421545,239503.39
"266/742.5396mz/7.7min",274438.965,15809.754,15809.754,79048.77,1325511.5,5054564.5,469829.16
"267/122.9758mz/7.68min",102155.455,129808.84,86957.734,93194.33,111116.58,123662.72,87786.11
"268/455.2106mz/7.68min",731135.15,1022370.25,546547.8,801581.94,770531.2,691739.1,483765.5
"269/186.9706mz/7.68min",252377.74,264990.75,228435.4,247537.62,264018.72,257217.86,235979.97
"270/116.9286mz/7.68min",2858841.8,3511324,2529460.8,2993136.2,2935219.8,2782463.8,1699510
"271/716.524mz/7.67min",3994357.1,22370.73,11403737,111853.65,5556334.5,2754440.2,5234274
"272/115.9208mz/7.68min",1092389.75,1454585.4,868638.5,2367393,610408.9,1145857.6,1038921.9
"274/134.8947mz/7.69min",2296373.3,2403186.8,2294143.8,2298602.8,2434642.2,2094517.8,2272006.5
"276/161.9136mz/7.7min",414105.16,413790.38,414419.94,730192.1,392900.03,311315.25,801072.25
"277/720.4824mz/7.79min",745977.875,601669.75,533374.06,890286,894779.44,1081023.6,462839.66
"278/299.2592mz/7.78min",28267.4755,96527.62,12159.191,20990.783,35544.168,43960.195,19315.688
"279/742.5396mz/7.8min",301234.86,11366.876,56834.38,73665.66,2481237,1306321,528804.06
"280/100.9337mz/7.83min",839221.72,661730.56,743749.5,2152338,576123.56,1418729.1,934693.94
"281/161.9136mz/7.83min",308961.74,363944.34,313101.78,322473.06,304821.7,240593.25,303462.2
"283/355.158mz/7.84min",3396371.9,5181977.5,2858076,3674641.2,3351975,3440768.8,2272267.5
"284/144.9235mz/7.84min",2671159.65,3223718.5,2571170.5,2811093,2771148.8,2508999.5,1868924.5
"285/115.9208mz/7.84min",3905925.5,5156863,3592083.5,5494121,4219767.5,3474899.8,3288127.5
"287/578.3829mz/7.84min",310038.595,537635.8,281214.78,451221.06,308876.94,311200.25,221701.84
"288/186.9706mz/7.84min",377172.86,395209.28,355512.16,393394.06,350748.25,396372.97,360951.66
"289/122.9758mz/7.87min",127322.22,190800.8,130429.98,108767.945,163292.45,84732.375,124214.46
"290/703.5632mz/7.87min",161700.49,204662.1,126549.28,147436.88,175964.1,194033.28,101083.44
"293/685.5011mz/7.86min",168793.525,196996.38,118310.266,140590.67,198300.06,204863.62,111048.58
"294/134.8947mz/7.86min",1382865.15,1313767.5,1313725.6,1422707.4,1478350.9,1397508.8,1368221.5
"295/634.4456mz/7.9min",11709958,17272704,9653180,14152182,11308386,12111530,8356095
"298/567.4017mz/7.93min",487606.6,644376.44,375720.56,402892.1,572321.1,576067.44,307414.78
"299/100.9337mz/7.95min",1482416.8,1346549.8,1618283.8,1891711.1,768609.2,1137083.9,2425631.5
"300/685.5011mz/7.93min",1212438.9,1384855.6,1021663.5,1071591.6,1481055.1,1353286.2,1027333.9
"301/573.4122mz/7.93min",269502.32,218183.5,250649.98,288354.66,355973.75,351872.62,249719.34
"303/122.9758mz/7.95min",232588.485,259761.42,188347.1,236951.31,235983.45,229193.52,180020.6
"304/180.9812mz/7.94min",251408.07,234355.89,203267.44,295909.3,268460.25,291959.44,210886.39
"305/281.2486mz/7.94min",211066.63,400204.72,137909.22,223156.5,199619.6,222513.66,108783.414
"307/379.1792mz/7.94min",369817.325,614135,316152.62,443947.94,358373.75,381260.9,266839.94
"308/381.1737mz/7.94min",7992819,12026891,6593789,8592809,7877719,8107919,5209654.5
"310/383.1778mz/7.94min",289929.715,487479.2,254442.86,327749.84,294294.9,285564.53,215492.33
"312/668.5112mz/7.94min",280720.12,517202.06,173843.86,257369.77,304070.47,310451.94,126646.14
"313/115.9208mz/7.95min",5188698.5,5215941.5,4280714.5,5161455.5,6886082,5019859.5,5308684.5
"314/144.9235mz/7.95min",2588979.3,3009317.8,2621249.8,3623765,2556708.8,2329410.5,2392320.5
"315/186.9706mz/7.95min",576374.55,578678.75,546710.2,577833.9,555497.94,574915.2,582727.2
"317/703.5633mz/7.96min",310744.61,318556.75,234166.16,306740.06,314749.16,344673.3,258225.8
"318/161.9136mz/7.97min",382874.88,431427.06,360505.9,429453.44,388774.38,334343.78,376975.38
"320/134.8947mz/7.97min",2472825.25,2651161.5,2377956.5,2567694,2611009.8,2211534.5,2166331.2
"322/720.4823mz/7.98min",28753.7475,80359.63,6244.365,121732.8,49039.215,8468.28,5780.5415
"325/742.5395mz/8.02min",946753.4,116989.64,584948.2,116989.64,3997968,1308558.6,4408322
"326/134.8947mz/8.06min",1593453.75,1968338.2,1925549.8,1645648.4,1541259.1,1207261.2,1415502.1
"327/186.9706mz/8.06min",260438.015,318090.03,285906.47,207863.12,234969.56,319735.9,221490.81
"329/529.3859mz/8.07min",1230383,1635350.4,752821.75,1209784.9,1250981.1,1389545.2,916358.8
"330/669.5061mz/8.07min",447228.485,649242.75,311647.12,449642,576997.8,444814.97,314748.84
"331/512.3957mz/8.08min",341498.62,432822.66,219883.14,325990.62,357006.62,358878.66,282309.25
"332/652.516mz/8.08min",212806.405,322104.06,153865.92,212090.19,272224.16,213522.62,145546.9
"333/660.4613mz/8.09min",5148119,6925559,4180439,5830251,4988842.5,5307395.5,3679155.2
"334/100.9337mz/8.16min",701948.95,759258.7,218933.47,1294304,225107.55,644639.2,848658.1
"335/703.5633mz/8.16min",860446.3,927997.2,851485.7,869406.9,1103356.8,810079.9,470033.8
"336/683.4854mz/8.18min",664141.03,891626.9,440251.56,592989.5,789907.7,735292.56,420072.03
"337/100.9337mz/8.22min",795739.03,1755621.1,895883.75,876193,698015.8,715285.06,486616.6
"338/667.4909mz/8.21min",216516.225,287403.12,165385.25,208250.97,260538.12,224781.48,137333.78
"341/100.9337mz/8.26min",853362.82,805405.94,1220602,2495451.2,500521.88,816838.94,889886.7
"344/703.5633mz/8.28min",1446692.8,2041118.4,1413211.8,1662352.1,417884.22,1480173.8,529025.4
"346/180.9812mz/8.28min",280454.88,221794.52,195598.72,313835.38,326972.53,326585.12,247074.38
"347/381.1949mz/8.28min",171940.72,290946.12,125091.016,198975.56,177994.14,165887.3,125871.17
"349/115.9208mz/8.28min",10126772.5,15939919,11631265,10189245,10064300,9779819,7246739.5
"350/144.9235mz/8.28min",7538919.5,8339973,7705497,7372342,7089198,5064005,8073605.5
"351/650.5003mz/8.28min",126923.18,374424.53,66065.734,148996.69,119587.69,134258.67,41040.016
"354/186.9706mz/8.28min",1388972.55,1379549.6,1402241.4,1461867.8,1322917,1398395.5,1203322.5
"355/383.1893mz/8.28min",3562236,6036727.5,2595960.8,4178555.2,3692568,3431904,2588815.5
"357/122.9758mz/8.28min",206740.235,277312.34,171340.14,199805.2,213675.27,221136.05,154153.67
"358/134.8947mz/8.29min",4569598,5096363,3577977.2,5017768,4694928,3857606.2,4444268
"359/683.4855mz/8.29min",404502.91,476523.2,304177.78,341733.22,467272.6,549558.6,285576
"362/161.9136mz/8.31min",1094118.375,1030833.75,905500.25,1320749.2,1194035.6,1046007.25,1142229.5
"363/100.9337mz/8.31min",1023731.15,1122458.5,809188,1675860,1817947.9,705888.8,925003.8
"364/667.4906mz/8.28min",1077723.55,1188587.5,913566.8,966859.6,1277752.6,1267691.8,718560
"365/681.47mz/8.37min",62636.312,65250.914,57848.086,93400.52,60021.71,125998.99,49193.656
"366/713.5323mz/8.35min",450139.75,491007.72,235356.27,409271.78,491968.34,521983.94,265131.72
"368/662.4769mz/8.45min",20187.114,20187.114,20187.114,20187.114,100935.57,1250492.1,20187.114
"369/648.4607mz/8.38min",424449.08,443367.1,327589.84,405531.06,487472.06,524621,317888.78
"370/134.8947mz/8.39min",1842585.55,1913497.9,1840936.1,2364712.2,1844235,1366113.2,1297688.6
"372/100.9337mz/8.38min",831212.05,840325.1,822099,264724.84,1136880.5,1534262.5,804707.7
"373/161.9136mz/8.41min",983572.75,902665.4,1064480.1,1150611.6,881333.9,763625.8,1090653.1
"374/667.4894mz/8.41min",189378.975,140776.92,130336.23,237981.03,243635.55,322295.84,85251.94
"375/186.9706mz/8.4min",672566.85,350417.66,826025.6,486124.03,688647.3,1250290.1,656486.4
"377/683.4851mz/8.42min",162875.545,170900.12,107201.21,205609.45,154850.97,236620.03,119995.97
"378/711.4569mz/8.41min",247462.97,418797.16,289699.66,446058.9,159370.25,85782.51,205226.28
"379/681.4699mz/8.44min",184874.16,231614.94,99343.08,162333.16,207415.16,328394.8,100827.03
"380/665.475mz/8.44min",463482.775,560801,315234.78,430254.75,496710.8,644565.56,273326.44
"381/697.5374mz/8.46min",462445.955,615398.6,346648.7,445378.47,550800.25,479513.44,304659.38
"383/100.9337mz/8.46min",655243.55,599070.4,810787.75,694925.1,471559.3,780727.5,615562
"384/652.5164mz/8.48min",132242.655,184652.77,74929.375,137143.22,141265.52,127342.09,88747.84
"385/669.5064mz/8.49min",1443792.1,1815548.1,840940.1,1372063.6,1627391.5,1515520.6,899517.5
"387/583.433mz/8.51min",510681.78,606330.1,339381.62,489031.56,532332,593001.9,395089.62
"388/665.4749mz/8.49min",122154.71,118517.43,307513.88,90336.664,109513.305,125791.99,268896.72
"389/711.5167mz/8.54min",896550,1094673.4,655353,801634.9,991465.1,1003157.3,684510.06
"390/713.5281mz/8.54min",142387.8175,164139.94,74666.9,112141.17,162171.33,172992.66,122604.305
"393/1035.7314mz/8.59min",1146248.15,1313194.6,372446.47,1203093.2,1232493.2,1089403.1,419689.8
"394/683.5216mz/8.59min",338384.915,432212.72,169439,366309.2,341039.53,335730.3,167365.17
"396/248.8936mz/8.63min",2151423.25,1983966.5,2318880,2358224,1653369.5,1346216.1,2534727.5
"398/695.5218mz/8.62min",590927,1005657.6,577640.75,677596.1,591309.5,590544.5,552981.94
"399/697.5366mz/8.62min",574306.73,706354.06,372323.44,529036.4,710519.3,619577.06,327394.06
"400/250.8917mz/8.66min",1070961.45,1172566.8,1113544.6,1028378.3,707755.7,563206.94,1220852
"401/499.3753mz/8.64min",745795.98,902901,435408.2,756183.06,735408.9,851782.25,461124
"403/667.4904mz/8.67min",46353.2265,42845.32,26995.27,95361.625,42781.9,49861.133,197159.56
"404/655.5634mz/8.68min",4515597.25,5740539.5,2980280.8,4364645.5,4910440.5,4666549,2815740.5
"406/717.5792mz/8.73min",851443.82,1205468.6,883646.2,713159.9,925055.5,819241.44,420770.38
"407/651.4955mz/8.73min",514025.955,607114.94,458840.16,494360.16,539942.1,533691.75,391511.97
"408/711.5161mz/8.74min",246164.385,340811.53,156473.5,209729.77,282599,292954.94,185546.03
"409/245.8948mz/8.74min",5203768.5,6012013,5680209,5271789,5135748,3579810.8,4902264.5
"410/243.8993mz/8.74min",13620060,15627318,14672924,13773033,13467087,9291765,12720903
"411/709.5012mz/8.74min",400659.1,697393.6,222327.19,272709.4,528608.8,663163.56,219517.42
"412/695.5202mz/8.75min",381455.625,571011,218527.86,308606.53,454304.72,495173,182311.27
"413/186.9058mz/8.75min",4885478.5,5738327.5,4949710,4821247,5344269,4423181,4549202
"414/693.5062mz/8.75min",1013991.73,1649538.6,660783.75,785434.06,1242549.4,1323712.6,610475.06
"415/694.5094mz/8.76min",381858.86,697547.75,264723.72,271715.28,492002.44,508153.72,212933.55
"416/221.8746mz/8.76min",3657384.65,3821850.5,4302809.5,3934483.8,3492918.8,2683969.5,3387031.8
"417/223.8723mz/8.76min",2595560.65,2715464.5,3088502.2,2839537,2475656.8,1914937.1,2433959
"418/188.9039mz/8.76min",2165063,2547669.5,2164254.5,2165871.5,2368240,1938738,1972433.6
"419/248.8936mz/8.76min",7034214,7615335.5,8269600.5,5037829,6804559,3567559,7263869
"420/250.8917mz/8.76min",3079741.4,3392488.5,3645007.5,2225919.8,2975781.8,1559690.1,3183701
"421/591.4381mz/8.76min",491329.71,739451.3,464032.3,453577.44,564641.56,518627.12,407995.84
"422/797.5535mz/8.79min",456551.7,625299.4,438320.84,474782.56,529180.44,408670.62,315056.94
"423/751.5852mz/8.83min",120605.8875,179192.11,102876.125,119608.805,152595.12,121602.97,84217.25
"424/697.5376mz/8.82min",2781834.3,3654560.5,1577013.2,2515630.8,3050764.2,3048037.8,1480909.6
"425/735.5533mz/8.86min",251774.05,388489.8,153338.45,221369.4,320536.9,282178.7,168459.27
"427/545.4537mz/8.9min",1641006.95,1887433.6,1087611.9,1925045.2,1790400,1400959.1,1491613.9
"428/683.5218mz/8.92min",312190.975,371122.66,207491.06,395998.4,288965.75,335416.2,228758.66
"431/115.9208mz/8.92min",1018834.5,791375.9,2873669.8,1032670.6,661455.1,1004998.4,3327498.5
"434/607.4695mz/8.96min",559780.845,694066.5,557690.94,561870.75,622245.56,440738.12,454772.44
"435/735.5512mz/8.96min",50855.82,64852.88,19590.271,41078.19,60633.45,68543.77,17993.273
"436/186.9706mz/8.99min",798256.06,800297.25,799944.06,779927.56,796568.06,427229.22,843975
"439/122.9758mz/9.0min",398761.765,470112.53,356743.38,360409.03,460520.06,324508.25,437114.5
"440/180.9812mz/9.01min",344351.7,262951.22,348261.06,366183.97,403515.25,340442.34,314182.6
"441/662.4767mz/9.01min",151692.275,190316.08,193675.34,152641.75,150742.8,48514.64,145820
"442/325.1844mz/9.01min",141644.255,143837.53,159171.53,111838.32,162159.38,118983.73,139450.98
"443/465.2676mz/9.01min",745770.62,799605.2,692886.8,640698.25,832292.7,637851.44,798654.44
"444/311.1687mz/9.01min",224699.395,225288.6,224110.19,196495.12,247323.53,180884.67,258527.77
"445/856.6885mz/9.02min",1155379.53,601245.1,1042322.06,1384980.5,1466408.1,1268437,1028044.06
"446/873.6787mz/9.07min",1148548.575,1609922.9,923472.4,1279657.4,1506652.9,1017439.75,981501
"447/751.5843mz/9.09min",32526.673,46816.63,9553.113,25838.979,63076.418,29745.373,35307.973
"448/621.485mz/9.2min",1733462.5,2462108,1529012.5,1690155.2,2276121,1666547.1,1776769.8
"449/604.495mz/9.21min",973232.75,1165879.9,925126.75,974919.8,1003113.5,971545.7,847689.2
"450/751.5843mz/9.24min",286612.89,417955.16,147468.19,285917.28,426087.78,287308.5,216030.8
"451/573.485mz/9.31min",1496321.15,2120806,1153599.8,1560145.2,1991045,1432497.1,1358475.6
"452/556.4948mz/9.31min",903274.4,1175858.1,760710.94,940245.2,1076480.8,866214.9,866303.6
"453/618.5105mz/9.37min",2219136.5,2906701.2,2199139.5,2239133.5,2362651.5,2147545.8,1722530.1
"454/635.5008mz/9.37min",2221432.85,2906184.5,2225450.5,2079208.9,2864283.2,2217415.2,1921302.8
"455/573.4849mz/9.42min",60787.2275,65062.6,59993.105,72964.734,61581.35,41790.875,49244.586
"456/467.2833mz/9.44min",489632.5,772931.6,285434.88,336049.3,699575.94,485716.72,493548.28
"457/325.1843mz/9.44min",54271.242,101063.88,26891.41,62154.918,80424,38657.12,46387.566
"458/694.6357mz/9.44min",330590.71,10140.275,258956.86,50701.375,402224.56,522432.1,1011787.1
"459/311.1687mz/9.44min",93234.83,211164.33,76428.63,211513.47,110041.03,67225.58,67057.34
"460/711.626mz/9.48min",1204075.22,28689.01,1023639.94,143445.05,1384510.5,1603856.9,1952118.6
"463/662.4769mz/9.51min",153036.935,850454.4,163712.34,142361.53,137545.58,131634.55,210491.66
"464/695.6324mz/9.62min",421586.08,55338.644,276693.22,55338.644,827867.56,566478.94,718734.75
"465/649.5164mz/9.69min",756674.125,1325754.4,539713.06,762257.25,1130090.6,751091,661159.56
"466/632.5262mz/9.7min",956452.925,1273757.9,752782.06,901870.6,1024305.6,1011035.25,758067.44
"467/683.5945mz/9.8min",641204.845,978145.5,422051.44,648173.44,894082.75,634236.25,548122.6
"468/666.6045mz/9.81min",755710.1,1034950.25,551415.06,759469.8,916605.3,751950.4,672728.94
"469/646.5419mz/9.9min",2532941.35,3339945.8,2371206,2447901.5,2885799,2617981.2,2057096.4
"470/663.5321mz/9.9min",1087999.05,1717784.8,989504.7,1046262.3,1425596.4,1129735.8,913453.56
"471/89.0244mz/9.99min",1037586.47,883809.94,843077.56,1156765,918407.94,1166280.5,3239592.8
"472/248.9604mz/10.14min",59774.437,41204.66,112043.47,47797.504,71751.37,35018.113,98249.945
"473/316.948mz/10.15min",21284.083,5503.085,51434.29,7159.04,31175.396,11392.77,38119.51
"474/112.9857mz/10.14min",708280.75,709261.4,1020180.7,590013.9,883505.94,635557.8,707300.1
"475/383.1893mz/10.19min",32233.492,37014.375,29500.152,26903.352,36388.805,29413.076,34966.832
"478/311.1687mz/10.21min",190319.05,215316.81,173285.05,191683.5,197420.22,188954.6,171960.8
"479/144.9235mz/10.21min",1928208.1,1843753.1,1865728.2,1990688,2168577.8,1440212.8,2235362.8
"480/325.1844mz/10.21min",168977.43,181915.69,154833.58,174655.28,197828.03,148979.88,163299.58
"481/132.8679mz/10.21min",160163.685,170056.88,151837.06,147972.39,164697.1,171871.58,155630.27
"482/115.9208mz/10.21min",3585753,3631693,3960577.8,3447992.5,3938107,2510284,3539813
"483/100.9337mz/10.22min",1165316.1,1177540.8,857878.56,1153091.4,863283.75,1345879.8,1219291
"484/116.9209mz/10.22min",412464.04,394905.2,440937.75,161112.22,430022.88,270876.12,432167.47
"485/662.4769mz/10.24min",633594.655,2839854,618691.75,1793104.1,648497.56,454972.62,547947.7
"487/648.4613mz/10.27min",419166.14,1655254.9,359858.78,598411.5,478473.5,257517.69,305647.53
"488/520.9102mz/10.27min",89723.77,97404.24,93001.99,86445.55,78817.51,34808.004,95378.445
"489/716.5239mz/10.32min",467373.63,11906.0352,549673.5,59530.176,535334.2,1524397.8,399413.06
"490/588.8978mz/10.27min",60228.174,69614.266,68378.39,47522.773,61635.953,16979.46,58820.395
"491/112.9857mz/10.28min",2453092.6,2314974.2,2167654.2,2916501.5,2298860,2591211,3131050
"492/452.9226mz/10.28min",156680.71,170887.42,159320.69,149829.62,154040.73,62603.613,162150.12
"493/248.9604mz/10.28min",379338.89,391951.1,395372.56,352088.6,376166.06,184135.88,382511.72
"494/316.9479mz/10.28min",335356.81,350349.56,344075.06,326094.44,326638.56,151951.83,345310.56
"495/384.9351mz/10.28min",200297.6,214829.25,201405.95,186446.88,199189.25,75577.51,219447.92
"496/742.5394mz/10.28min",452244.94,10062.6132,500408.16,50313.066,1860970,404081.72,1305160.9
"497/661.4648mz/10.29min",66446.95,338493.34,75774.53,143267.97,57119.37,4973.095,24865.475
"498/674.4017mz/10.28min",360617.78,647736.8,324789.34,448522.8,396446.22,273111.03,275840.22
"500/180.973mz/10.27min",95635.58,104904.79,106157.85,94659.36,94906.88,58986.336,96364.28
"501/744.5519mz/10.33min",66307.495,3832.076,19160.38,3832.076,113454.61,1306251.4,163655.66
"502/606.4143mz/10.29min",2295376.85,4827875,2085172.5,3214635,2505581.2,2004392.6,1766761.6
"503/660.4613mz/10.29min",390240.01,1012343.6,355051.9,634573.6,425428.12,117475.76,308302.03
"504/116.9286mz/10.36min",1472439.3,1521580,1446841,1409579.6,1570950.6,988630.1,1498037.6
"505/694.4678mz/10.37min",63569.3915,204268.67,58941.043,116028.77,68197.74,4515.7292,22578.646
"507/750.5291mz/10.4min",90972.78,17244.126,95724.93,17244.126,164109.55,1848150,86220.63
"508/634.4455mz/10.38min",259815.25,420758.97,172590.28,318992.8,200637.7,540841.06,143084.11
"509/132.8679mz/10.47min",687697.55,690288.9,616797.6,668216.25,1107847.9,1169088,685106.2
"510/160.842mz/10.47min",301701.5,307263.28,257094.9,296139.72,344290.44,329044.7,268882.97
"511/162.8391mz/10.47min",307421.78,309871.12,258142.45,304972.44,354462.22,328169.28,267388.8
"512/255.8222mz/10.48min",297343.535,269882.94,294965.47,309278.66,299721.6,217025.34,303807.34
"513/257.8192mz/10.48min",286305.24,259929.69,290398.2,300644.62,282212.28,221511.64,306270.56
"514/195.8109mz/10.48min",461983.95,405695.72,416430.03,462736.62,488646.84,461231.28,507653.3
"515/197.808mz/10.48min",603649.32,551406.5,526991.1,618042.7,642948.5,589255.94,650403
"516/187.861mz/10.49min",814640.3,808752.9,723687.06,820527.7,923349.56,943639.56,759095.06
"517/189.858mz/10.49min",416294.465,353458.25,395141.28,429215.4,542543.8,596032.25,403373.53
"518/216.8768mz/10.52min",664955.97,750248.9,542881.75,579799.5,750112.44,913807.4,571992.2
"519/214.88mz/10.52min",2455422.5,2492331,2240876,2418514,2636386.8,3035143,2302751.5
"520/243.8993mz/10.52min",6775799,6564409.5,6553610,6755751.5,6969035,7655244.5,6795846.5
"521/245.8948mz/10.52min",2531619.75,2501359,2501461.5,2476471,2629906.8,2937447.2,2561778
"523/241.899mz/10.54min",4852632.25,5041547,4663717.5,4596702,5147601,6284843.5,4579208.5
"524/195.906mz/10.55min",727377.45,741965.9,718314.7,604771.9,736440.2,869312.8,423202.2
"525/163.9861mz/10.59min",2013342,1919530.4,1949330.1,2262011.5,2077353.9,1757440.1,2151019.8
"526/328.9796mz/10.59min",472399.35,548118.2,442171.1,457513.5,487285.2,400000.22,543012
"528/96.9601mz/10.62min",2495491.35,8978525,1250562,2508854.2,2482128.5,2471246.8,2527710.8
"530/560.9991mz/10.61min",72367.6325,90768.02,69895.4,65125.71,95894.04,70749.71,73985.555
"531/255.8221mz/10.63min",71195.851,36575.13,60793.812,135194.53,81597.89,24455.1,102342.33
"532/221.8746mz/10.63min",73920.576,57027.152,30818.73,130703.72,88690.695,59150.457,145469.84
