row ID,row m/z,row retention time,row ion mobility,row ion mobility unit,row CCS,correlation group ID,annotation network number,best ion,auto MS2 verify,identified by n=,partners,neutral M mass,NEG_D5-211-C1-a_Run92.mzML Peak area,NEG_D5-211-C1-b_Run95.mzML Peak area,NEG_D5-Ctrl-a-P-EAMeOH_Run29.mzML Peak area,NEG_D5-211-C1-c_Run98.mzML Peak area,NEG_D5-Ctrl-b-P-EAMeOH_Run32.mzML Peak area,NEG_D5-Ctrl-c-P-EAMeOH_Run35.mzML Peak area,
45,85.02932706711472,0.38610575,,,,27,,,,,,,694268.5,696526.9,737629.56,777032.9,837560.75,789013.9,
74,85.02934563400729,0.58279806,,,,20,,,,,,,388221.06,438353.9,467717.88,446445.72,510947.5,615630.0,
68,89.02428157377763,0.4269363,,,,,,,,,,,137439.6,91953.01,81900.39,60639.727,212671.12,390513.44,
545,96.96006656012882,11.095757,,,,,,,,,,,680959.5,753794.0,841201.5,1529284.0,802435.6,900127.4,
16,96.96010709223911,0.3515601,,,,27,,,,,,,5.4218532E7,5.4164196E7,9.256983E7,5.6784064E7,8.390231E7,1.1072339E8,
26,96.96937043016182,0.3584232,,,,27,,,,,,,1.5577584E7,1.6914374E7,1.4136222E7,1.739429E7,1.4160202E7,1.7415444E7,
14,98.95579487603334,0.35068998,,,,27,,,,,,,2360369.0,2368054.0,4049379.0,2499227.5,3691021.8,4852921.0,
395,99.92577296053581,8.794562,,,,38,,,,,,,6.7812536E7,6.77567E7,5.5844468E7,6.4358404E7,5.2549636E7,5.0850188E7,
405,100.93359430028407,8.8102255,,,,38,,,,,,,5.1092548E7,5.2222896E7,6.454678E7,5.3974876E7,6.021454E7,5.937885E7,
368,101.9808423341728,8.705764,,,,,,,,,,,2676716.0,2985114.2,1240997.6,1783048.1,1760368.4,1583594.0,
425,101.98084870335838,8.950546,,,,4,,,,,,,3401159.5,3399217.5,6077206.0,6665854.0,6455545.0,6359520.0,
478,101.98087563032017,9.615481,,,,,,,,,,,1216801.1,802831.44,549618.44,1085381.0,1028860.4,983435.06,
475,101.98088075788881,9.39785,,,,,,,,,,,1071391.0,843027.0,920455.0,1026555.75,1101888.2,1149702.5,
495,101.9808833462672,10.019428,,,,34,,,,,,,1782145.2,901356.75,797763.75,1023681.3,863306.3,924293.7,
432,102.95680220975692,8.963639,,,,4,,,,,,,1772023.1,1643011.6,1540077.9,1758259.8,1626869.9,1706891.0,
504,102.95682957122902,10.177711,,,,,,,,,,,891296.6,788564.2,720023.6,836736.9,667270.6,689183.7,
55,111.00873755600996,0.3930268,,,,27,,,,,,,5158148.5,4964981.0,5621319.0,5459185.5,5787456.5,5371768.0,
52,111.01992706303334,0.389622,,,,27,,,,,,,1553428.8,1589687.5,2995131.0,1618753.4,3384848.2,9554880.0,
278,112.98564141935331,7.8726387,,,,,,,,,,,6322237.5,6111069.0,9266560.0,6473434.5,1.0080119E7,9583707.0,
442,112.98567380728154,8.967128,,,,4,,,,,,,8025912.0,6212821.0,6577795.0,5535635.5,7137746.5,8252140.0,
505,112.98567583340757,10.187584,,,,,,,,,,,9727664.0,1.2920884E7,1.4949405E7,1.297986E7,1.3456978E7,1.4138198E7,
406,113.92626080807251,8.812118,,,,38,,,,,,,1.9152706E7,2.2601058E7,5741393.5,2.3584132E7,2.0030294E7,2.1385308E7,
416,113.9262620055556,8.847193,,,,,,,,,,,5675939.0,5845054.5,2.1425272E7,5950500.5,5492794.0,5370789.5,
188,114.93407668771128,7.3708096,,,,19,,,,,,,643299.8,673426.56,775412.94,869267.7,878201.0,1005206.0,
260,114.93407953589455,7.873516,,,,2,,,,,,,1350469.9,1404507.5,3923872.0,1790388.1,3835831.5,3573632.0,
221,114.93408488642154,7.7690625,,,,24,,,,,,,996722.4,734399.1,1382408.0,864624.75,1456305.0,1532052.8,
398,114.93408987483092,8.793688,,,,,,,,,,,8532000.0,8602552.0,1954198.2,8705632.0,1944748.9,1932889.2,
320,114.93409383954697,8.216938,,,,25,,,,,,,1102042.2,1059136.1,2310395.2,1106990.0,2593703.2,3114751.5,
62,115.00362754564078,0.3896588,,,,27,,,,,,,728036.75,1173696.9,143713.95,1149106.6,197106.02,129413.3,
402,115.92071561757155,8.802384,,,,38,,,,,,,4.2445974E8,4.3825453E8,4.09033E8,4.4655427E8,3.8076778E8,4.0799696E8,
63,116.07165710402619,0.42213884,,,,,,,,,,,812423.6,1084540.0,57435.746,101844.086,149619.14,270608.5,
261,116.92844040279176,7.873516,,,,2,,,,,,,2.4782324E7,2.7218186E7,7.039336E7,3.4090396E7,7.163831E7,6.942633E7,
224,116.92844547129145,7.7681623,,,,24,,,,,,,1.9044452E7,1.3161622E7,2.6316296E7,1.5825622E7,2.7924852E7,2.9336672E7,
189,116.92847396446899,7.3708053,,,,19,,,,,,,1.2335856E7,1.2964754E7,1.5537813E7,1.678217E7,1.7655614E7,1.9481938E7,
88,117.01934208283261,0.8399262,,,,,,,,,,,28837.254,116331.97,131188.97,116696.99,64529.91,96245.99,
81,117.0193523996636,0.66863036,,,,,,,,,,,6705489.5,1.0030757E7,6961450.5,6439538.0,5903218.5,9064650.0,
94,117.05571696509901,2.1479557,,,,,,,,,,,89924.06,107821.266,277106.16,186857.55,316710.8,639036.44,
255,117.92854940063945,7.87265,,,,2,,,,,,,2982033.2,3093137.0,8231066.0,3938776.8,8418889.0,8070851.5,
225,117.9285541780291,7.7681623,,,,24,,,,,,,2211370.5,1589977.9,3033445.2,1825624.6,3214081.8,3403749.5,
314,117.92855796291268,8.216941,,,,25,,,,,,,2434335.2,3174397.0,5943876.0,2483538.8,6202175.0,6796124.0,
195,117.9285800665541,7.3725743,,,,19,,,,,,,1431055.6,1490986.9,1816391.6,1921418.4,2054288.6,2226538.5,
35,118.05092107260093,0.37924924,,,,,,,,,,,63986.83,743973.5,168292.16,126910.5,148481.83,479642.38,
257,118.92406326225468,7.875286,,,,2,,,,,,,311768.16,419271.62,2130508.5,720009.94,2213051.0,2141550.0,
521,118.92408977462253,10.337005,,,,,,,,,,,508291.2,516742.6,497319.1,518156.56,491727.12,509275.03,
322,118.92411512525467,8.216947,,,,25,,,,,,,239503.45,153653.16,434264.53,139925.92,313547.16,427842.16,
253,118.92671459439471,7.8717766,,,,2,,,,,,,731448.1,749758.75,2111296.0,980957.8,1943342.5,2056716.4,
390,118.92671692561548,8.787668,,,,38,,,,,,,4343862.0,4629445.5,2937265.2,4403105.5,1043105.7,1050799.0,
223,118.92672112463278,7.784189,,,,24,,,,,,,747699.4,566008.5,753985.0,480710.6,812860.3,885906.5,
312,118.92673510339228,8.215201,,,,25,,,,,,,614600.6,562855.06,1420843.9,611009.4,1605568.9,1234394.6,
266,118.9325430944806,7.87264,,,,2,,,,,,,300716.5,202428.52,595614.8,281162.88,687782.7,687664.0,
317,118.93258336662802,8.216067,,,,25,,,,,,,85607.34,147660.12,479180.34,200515.48,380247.06,373840.5,
384,118.9325958886058,8.753649,,,,,,,,,,,137179.69,138839.53,61277.395,90785.945,509133.06,157598.86,
426,119.94682613009712,8.955786,,,,4,,,,,,,921925.6,980402.8,661845.44,987647.25,730150.94,1252390.4,
370,119.94682865031263,8.6979265,,,,,,,,,,,4077091.0,4196181.5,963423.3,4298880.5,906331.25,3395151.0,
434,124.00151099424069,8.964515,,,,4,,,,,,,1000134.56,936822.6,1190035.6,1063216.4,1041489.7,1028044.1,
464,124.00151963794814,9.156167,,,,,,,,,,,613053.7,588382.7,689917.9,652786.0,727971.2,659761.94,
484,124.00154381556202,9.616342,,,,,,,,,,,513046.8,624662.1,341007.84,719923.94,546398.7,241626.12,
474,124.00154559896885,9.395221,,,,,,,,,,,452505.47,200994.12,255133.16,257926.4,467265.9,390528.22,
496,124.00154955282187,10.028404,,,,34,,,,,,,1762500.0,593889.9,549267.75,749204.25,512205.2,605635.56,
369,124.99671882921383,8.711841,,,,,,,,,,,927183.3,1138599.9,538096.8,525014.0,456084.8,526219.25,
427,124.99673889092996,8.954919,,,,4,,,,,,,1317577.2,1274810.8,2820117.5,2495446.0,3140471.5,3007812.2,
525,126.88094738498216,10.425827,,,,37,,,,,,,1330498.0,1267755.2,613246.6,1247304.2,541981.3,484536.53,
67,128.0352799838459,0.4309949,,,,27,,,,,,,2109404.2,3042624.5,1377591.6,2261120.8,1277851.5,2324376.2,
79,128.03531977241124,0.63273096,,,,,,,,,,,1403262.6,1869897.8,1446407.1,1831521.9,1136661.1,2127092.2,
90,128.03536136951533,0.89992607,,,,,,,,,,,14379.045,22936.926,3611.3145,38163.137,0,7519.921,
49,129.01930455809318,0.38697305,,,,27,,,,,,,2089121.0,2156688.0,2090184.5,2153403.0,2227450.8,2347763.8,
75,129.01933202433545,0.58884066,,,,,,,,,,,1261469.6,1460054.4,1420821.4,1544144.0,1500173.8,1810817.9,
286,129.97566663035167,7.8795853,,,,,,,,,,,1373376.1,875436.9,574515.4,1016364.75,556628.8,822610.0,
219,129.9756721624737,7.7833047,,,,,,,,,,,1014347.2,618710.4,1301331.6,443683.75,1181383.2,1163537.8,
438,129.97567843998357,8.967133,,,,4,,,,,,,2330854.5,2402134.8,4966447.0,4484976.5,4706763.0,4876680.0,
325,129.975682400499,8.21695,,,,,,,,,,,861233.4,845334.8,2522566.5,871687.9,2886986.2,1624150.8,
182,129.97568591447876,7.3760757,,,,19,,,,,,,1096064.5,1128755.0,1524657.2,1105908.0,1220047.8,1547980.1,
60,130.0872523971543,0.39479694,,,,27,,,,,,,867551.4,870118.9,349266.2,864382.56,435388.75,531033.9,
85,130.08730383795827,0.7981407,,,,,,,,,,,980414.5,1527039.2,1143263.1,559051.75,1159016.8,1525440.1,
111,130.08732654626579,3.0332375,,,,35,,,,,,,54072.254,78605.77,64281.227,75707.27,59318.617,141443.4,
109,131.0713484743119,2.9018507,,,,,,,,,,,594301.0,712948.2,745701.75,1024760.25,852093.2,1970840.2,
439,132.8677960334502,8.964503,,,,7,,,,,,,1857646.8,1003609.4,5101591.0,1895666.2,5439703.5,5503391.0,
362,132.86780202319707,8.609632,,,,9,,,,,,,3356399.2,4033467.2,1095597.6,3461952.8,862774.06,1330145.0,
503,132.86781910917725,10.1651,,,,,,,,,,,991909.56,1047343.6,703421.9,1060033.0,989818.3,632843.9,
530,132.86783406992558,10.423715,,,,37,,,,,,,5964722.5,5864045.0,5175647.0,5679713.0,4993884.5,4769448.5,
287,132.90012492370695,7.91333,,,,,,,,,,,440065.88,526069.3,248538.84,510113.34,195887.75,207096.33,
306,132.90013567928344,8.224804,,,,25,,,,,,,1163779.2,1195238.8,185368.62,1305265.6,584894.44,554880.06,
417,132.90014072339687,8.93278,,,,,,,,,,,683371.2,748148.9,354229.03,278377.94,92336.81,276682.56,
379,132.90014184937846,8.728376,,,,5,,,,,,,2278517.5,2690189.5,468333.97,2706912.5,659861.7,659736.94,
394,132.9234011006387,8.791945,,,,38,,,,,,,1.7387604E7,1.8153306E7,1.7576664E7,1.994143E7,1.5432818E7,1.5019782E7,
47,133.01418201112048,0.38615093,,,,27,,,,,,,8591213.0,1.2850389E7,6184486.5,1.0810378E7,5471281.0,7728688.5,
433,134.86503230892265,8.959262,,,,7,,,,,,,385927.62,585287.75,3402182.8,1313881.6,2286220.5,3645039.8,
363,134.86503655267984,8.611331,,,,9,,,,,,,2015652.1,2509635.8,659744.4,2262075.8,1378044.9,219137.81,
501,134.86513645543815,10.166858,,,,21,,,,,,,396554.5,739063.7,477500.56,737552.7,671993.56,471201.84,
529,134.86546850035245,10.422831,,,,37,,,,,,,6167318.0,6060523.5,5224848.5,5913158.5,5058802.5,4781598.0,
418,134.8945890550488,8.920464,,,,,,,,,,,1.312399E7,1.4542632E7,9159188.0,1.4901844E7,9147141.0,9301686.0,
291,134.89459006257962,7.910692,,,,29,,,,,,,8840266.0,1.0859781E7,6695883.0,9851804.0,9364370.0,8913711.0,
372,134.89459455121724,8.714454,,,,5,,,,,,,4.100551E7,5.391142E7,3.5567868E7,5.4770108E7,1.3348032E7,1.319978E7,
338,134.89459477387422,8.280978,,,,,,,,,,,1.1780427E7,1.1784553E7,1.1710992E7,7132846.0,1.2271997E7,6369324.0,
327,134.89459539229236,8.22392,,,,25,,,,,,,2.2900268E7,2.282842E7,1.139277E7,2.5080412E7,1.0811952E7,1.0436432E7,
373,135.9708740725205,8.701375,,,,22,,,,,,,961512.44,1195625.4,1608053.6,1136490.9,1865696.4,1577413.4,
429,135.9708769432502,8.959273,,,,4,,,,,,,855251.9,1106058.9,1715621.1,1176151.2,3004121.8,1895993.0,
528,136.8628783512386,10.421937,,,,37,,,,,,,1834341.4,1809073.0,1607167.6,1749537.0,1531360.4,1473447.9,
364,136.8630248884385,8.62165,,,,9,,,,,,,876595.4,927513.6,332791.5,1057302.1,71675.54,521354.3,
500,136.86304665298607,10.158253,,,,21,,,,,,,148142.52,291797.88,190411.97,277376.3,264013.94,187364.83,
309,137.8916913815486,8.226555,,,,25,,,,,,,799792.75,822997.75,121016.375,894199.06,293881.5,368588.9,
342,137.89169758062846,8.28712,,,,,,,,,,,399148.84,369755.25,359632.47,251274.75,429940.56,182324.73,
288,137.89170216237213,7.910274,,,,,,,,,,,303904.28,309002.75,196492.28,357232.66,80424.09,84160.98,
376,137.89170644053172,8.718816,,,,5,,,,,,,1453018.0,1537918.4,414499.5,1906174.8,237012.53,471612.97,
401,139.94444004821932,8.80503,,,,,,,,,,,3487148.5,3547659.0,1672026.0,3633543.0,2717828.0,2680945.2,
421,139.9444533900017,8.903544,,,,,,,,,,,605810.25,1838680.8,2609137.0,761905.9,1286217.6,1604582.2,
460,139.94446917308755,9.057586,,,,10,,,,,,,1833440.9,1923748.0,4645120.0,5014085.0,5572134.0,1388615.9,
470,139.94447677689732,9.137839,,,,,,,,,,,1811065.5,1803202.1,1727091.1,1889363.4,1689195.0,5522071.5,
393,142.92887667716704,8.791936,,,,38,,,,,,,4232426.0,5355599.5,3958321.5,4653090.0,3354581.2,3514142.2,
397,144.92336862210126,8.798038,,,,38,,,,,,,9.3898424E7,9.730821E7,8.3811496E7,1.0009163E8,8.42695E7,8.938307E7,
57,145.0141617919895,0.41546187,,,,27,,,,,,,730329.2,1052053.9,265139.53,900523.5,91957.61,288918.12,
91,145.0506684285592,1.0212921,,,,,,,,,,,2379048.8,4269994.0,1848342.5,4233118.5,1668335.2,2754076.5,
13,145.061746624743,0.35234237,,,,,,,,,,,348238.28,730961.7,269075.3,248154.69,316250.66,87901.72,
58,146.0457875454649,0.3913227,,,,27,,,,,,,1042045.8,1885061.5,192130.05,1002494.3,140113.66,444703.5,
371,146.96585188268335,8.699639,,,,22,,,,,,,2.866134E7,3.1723842E7,2.8447076E7,3.1344862E7,3.2079522E7,2.9935212E7,
208,146.9658784884663,7.399098,,,,,,,,,,,4148362.0,5262937.5,4995093.5,5335822.0,3503309.5,3482979.8,
330,150.88941703978108,8.260757,,,,,,,,,,,231952.6,2969967.0,291680.97,3047222.5,291918.4,365984.5,
378,150.88942515976802,8.7371,,,,,,,,,,,2020900.5,591427.2,270332.38,1911273.6,521990.28,521475.66,
340,150.8894313730683,8.3330345,,,,,,,,,,,2878963.2,1121714.0,664006.4,441007.38,715631.4,734873.44,
423,150.88945938146836,8.905774,,,,,,,,,,,294031.72,777091.75,171467.58,331144.28,81968.27,193824.62,
321,153.86848469522832,8.221326,,,,25,,,,,,,330345.06,296316.7,48633.656,421545.12,159731.47,71993.53,
361,153.86848748718236,8.569238,,,,,,,,,,,1975573.8,2045358.1,198906.92,1824996.4,306951.9,266551.9,
520,153.86852204667582,10.339829,,,,,,,,,,,182571.45,189785.83,42485.742,199806.75,22938.633,51921.24,
53,155.00977696669966,0.39131713,,,,27,,,,,,,1386152.9,1302683.6,1996509.2,1235573.6,2295995.2,8800250.0,
61,156.06658504054883,0.39566877,,,,27,,,,,,,5470809.5,5785292.5,2305195.0,5269599.0,2737468.2,3517569.2,
80,156.06661232639192,0.59820515,,,,,,,,,,,395114.53,192905.2,65225.14,646111.25,89034.06,168190.12,
93,156.0666216538418,2.061529,,,,,,,,,,,3403819.0,3601795.0,1733748.8,3878752.5,1872108.8,2523212.8,
84,156.06662223712382,0.7555993,,,,,,,,,,,35845.164,94267.3,100225.945,117920.49,34808.562,185573.92,
87,156.06663673071446,0.84936494,,,,,,,,,,,25077.572,38186.684,31144.277,137857.33,20728.283,37021.863,
101,158.9784906208174,2.5955925,,,,,,,,,,,92544.336,176115.94,3703.0503,73961.875,3427.2007,7671.427,
1,158.97852806477658,0.31280658,,,,1,,,,,,,821125.6,852738.4,1074686.4,813614.8,1016967.6,1029039.44,
107,158.9785405320758,2.7847426,,,,,,,,,,,160425.06,23125.457,7764.289,11381.333,3762.651,48623.93,
532,160.84207415738652,10.44365,,,,3,,,,,,,7133488.0,6834076.0,2724201.2,6635699.0,2440695.8,2261991.2,
86,161.04552452125154,0.8123103,,,,,,,,,,,666398.75,1444442.8,795381.0,1866908.5,775255.8,1471221.2,
374,161.91353995996857,8.689109,,,,,,,,,,,1242787.0,3774826.5,583853.3,3387833.0,966281.0,949241.9,
226,161.91354565091942,7.7707896,,,,24,,,,,,,34086.926,41815.03,111120.53,75202.38,152836.78,156548.1,
310,161.91354589932104,8.217818,,,,,,,,,,,357365.3,317515.56,398215.3,427488.78,396871.66,401190.78,
360,161.91354682562806,8.571879,,,,,,,,,,,3037511.8,1598824.6,1006475.6,1621794.5,3055466.8,2973224.8,
533,162.83907237709897,10.44365,,,,3,,,,,,,6601231.0,6365640.0,2555224.5,6190346.5,2298828.2,2123792.2,
534,164.83599433983179,10.44365,,,,3,,,,,,,2008436.2,1935980.0,757080.3,1872734.0,665122.94,616885.0,
4,164.93489293662216,0.3244265,,,,,,,,,,,201410.94,208449.81,610616.75,225804.89,557760.5,704333.7,
113,165.05570341203074,3.0945454,,,,,,,,,,,565591.1,651337.0,388517.22,880257.8,388555.75,796677.8,
527,170.8707809229804,10.4276,,,,37,,,,,,,1010963.1,959728.56,471408.38,946675.0,399911.5,366153.16,
112,172.09801520447695,3.03516,,,,35,,,,,,,620840.2,821937.2,743560.4,792869.9,719284.5,1366140.4,
46,173.00905834786082,0.38610747,,,,27,,,,,,,4073797.2,4143105.2,3907252.8,4313782.0,4108047.0,4091736.8,
76,173.00908902431226,0.5870525,,,,20,,,,,,,1921685.9,2001582.6,2339143.5,2266392.2,2196779.0,2530315.5,
64,173.09296384640768,0.39741457,,,,,,,,,,,814145.3,361323.03,128174.81,921163.3,149190.88,135845.81,
59,174.07706716408407,0.3939289,,,,27,,,,,,,1.7649978E7,1.7915814E7,7777260.5,1.8144652E7,9062692.0,1.1602094E7,
544,174.95604150589614,10.538819,,,,17,,,,,,,1.4474519E7,1.5091752E7,1.4942844E7,1.4884494E7,1.5257343E7,1.4932236E7,
99,175.06113379288408,2.4349937,,,,,,,,,,,35663.77,58738.617,401786.5,65078.36,37551.754,75118.86,
100,175.06114328214719,2.5084991,,,,,,,,,,,924635.1,1250075.1,962792.25,1337791.5,849976.5,1400721.2,
23,176.93580734579996,0.3557906,,,,27,,,,,,,805057.9,1071517.8,269050.4,1004545.44,461241.66,737967.8,
37,179.05602851012836,0.38013956,,,,27,,,,,,,128334.805,626871.6,1716967.9,1057494.6,1939677.6,2252012.2,
445,180.97282549278813,8.968864,,,,,,,,,,,294394.3,511138.4,350316.38,533464.56,710418.56,705431.3,
506,180.972942029483,10.18498,,,,0,,,,,,,704839.06,727942.1,1489377.1,745141.75,1406167.0,1498833.6,
48,181.07171012156763,0.38438424,,,,,,,,,,,144346.05,781453.9,177961.02,174822.05,199515.78,209735.28,
387,183.93419945059745,8.770225,,,,38,,,,,,,2.5131494E7,2.6009906E7,1.4033952E7,2.6165806E7,1.4902111E7,1.4791948E7,
457,183.9342365051477,9.040764,,,,10,,,,,,,1.44631E7,1.4897945E7,1.2739519E7,1.5267402E7,1.5411479E7,1.0249911E7,
353,187.86086461033244,8.527316,,,,,,,,,,,255963.12,258213.05,900024.4,287360.56,383416.7,398091.44,
540,187.86098369363037,10.492586,,,,39,,,,,,,2336324.8,2151422.0,880041.7,2017004.0,609457.7,561674.94,
541,189.85797978968495,10.494379,,,,39,,,,,,,1390171.5,1254251.6,415885.34,1190657.4,379005.9,351987.7,
56,191.0196893360836,0.39302158,,,,27,,,,,,,4.7949132E7,4.8217412E7,4.951249E7,5.218115E7,5.436009E7,4.906225E7,
543,191.9462635339747,10.535205,,,,17,,,,,,,2968896.2,2710841.0,2680130.5,2964319.5,2979515.0,3063358.0,
522,192.928722041397,10.359639,,,,,,,,,,,553688.06,559647.3,801989.94,580004.5,703814.7,665910.75,
214,192.92878775268028,7.581889,,,,,,,,,,,0,4108.37,212554.77,35487.805,131027.53,115869.95,
267,194.90571171922159,7.873511,,,,2,,,,,,,12277.974,32587.457,1186140.2,106405.59,1329884.5,1269888.1,
222,194.90571623879464,7.782409,,,,24,,,,,,,36205.402,34054.074,541459.8,71918.07,540921.4,518278.78,
187,194.90572388784437,7.37258,,,,19,,,,,,,11009.238,75926.07,306840.97,51557.36,342409.84,383743.3,
15,194.92736178721498,0.35073856,,,,27,,,,,,,2078770.9,2010848.5,5184725.5,2396808.2,4368655.5,7685430.0,
20,194.93660380246828,0.3531736,,,,27,,,,,,,986827.7,1046362.5,871146.2,1085546.5,829259.7,1302245.0,
25,194.94619601343152,0.3575447,,,,27,,,,,,,1057215.6,1298185.9,528864.8,1266874.2,532747.25,822486.8,
303,195.81072916728894,8.223878,,,,,,,,,,,74936.59,260195.12,31256.828,97859.63,43955.13,27021.473,
345,195.81080197177448,8.468204,,,,30,,,,,,,6560470.5,6843963.5,2068569.9,7272195.5,1926392.6,1964532.9,
538,195.8108226848548,10.449837,,,,3,,,,,,,633903.75,638085.8,292915.34,648927.4,297769.4,278063.44,
344,197.8078588330744,8.464715,,,,30,,,,,,,8296379.0,8563357.0,2681708.8,9178715.0,2460178.2,2535487.2,
536,197.8078821096325,10.4489565,,,,3,,,,,,,812848.44,824483.0,379951.72,835541.75,382679.12,348938.44,
346,199.80491616549432,8.46734,,,,30,,,,,,,3793690.2,4140875.0,387903.03,4229776.5,1145446.2,344687.16,
535,199.8049277030186,10.44984,,,,3,,,,,,,371150.3,356107.44,171585.83,369697.0,168610.95,161810.27,
400,199.92917133346978,8.802412,,,,,,,,,,,2081758.1,1796750.4,714473.8,1792402.4,542283.2,345690.3,
461,199.92922684857209,9.098048,,,,,,,,,,,1448390.8,1923457.6,201257.28,1503553.1,327509.78,216470.03,
97,203.0826633797441,2.2394462,,,,,,,,,,,171680.4,123611.22,467016.78,221742.2,534114.5,1071897.4,
98,204.03016617960364,2.3023162,,,,,,,,,,,398141.88,386315.44,351917.34,501943.06,382279.3,458644.4,
66,205.03521841041712,0.40784845,,,,,,,,,,,412201.38,238230.61,320884.84,709123.7,339248.7,236799.19,
82,205.0352842523722,0.6811707,,,,,,,,,,,418445.4,438209.97,476593.84,849672.94,484448.62,561844.7,
539,205.83964292292126,10.449844,,,,3,,,,,,,1510283.8,1517754.8,1076954.5,1529375.0,1025870.0,964289.9,
537,207.836670867538,10.448959,,,,3,,,,,,,1421180.1,1449596.1,1018436.75,1430306.9,975646.94,909181.7,
24,214.04854738936731,0.35489368,,,,27,,,,,,,160981.0,221368.12,2336182.5,252128.94,2672571.2,2678125.5,
27,215.03271149931302,0.35579893,,,,27,,,,,,,215652.8,155619.55,652213.06,458506.62,765380.0,1061560.8,
268,216.85380566317565,7.8750253,,,,2,,,,,,,0,0,668489.7,0,973149.44,862056.0,
9,216.9093142348902,0.3455321,,,,27,,,,,,,2631140.8,2643556.2,3695901.2,2586641.2,3180489.8,4587443.0,
12,216.91848909819421,0.3498629,,,,27,,,,,,,1296742.9,1503632.5,929820.94,1357230.4,841178.44,1135043.4,
133,217.04230538581896,6.103992,,,,,,,,,,,629246.6,927051.9,481186.7,1829977.4,845823.0,555241.9,
114,217.0423261715439,3.5185509,,,,,,,,,,,2240172.0,2142962.0,1700377.5,2404549.0,1914248.5,2132795.0,
33,225.06148746235704,0.37665728,,,,27,,,,,,,908123.2,1179131.1,1216341.4,1367010.0,1213876.4,1759997.5,
120,227.96663743770185,4.6861577,,,,23,,,,,,,1967331.0,2006223.2,1769908.8,2066591.1,1838150.9,1803878.8,
102,229.09820909019015,2.6082208,,,,16,,,,,,,2972378.5,4054873.2,4051459.2,3480117.2,3797914.2,5254959.0,
105,229.098214168123,2.7313135,,,,15,,,,,,,1455051.0,1967734.5,1895743.1,1666984.5,1845616.4,2537166.5,
381,229.9008301284202,8.732738,,,,12,,,,,,,5484151.5,5895565.5,4951586.5,5738777.0,5252055.0,5197470.0,
458,229.90085223232367,9.059085,,,,10,,,,,,,1076947.5,1213165.6,448090.6,1162258.8,533353.9,342215.47,
118,229.9643994290947,4.6852384,,,,23,,,,,,,1906174.5,1949121.1,1723078.8,2012318.9,1784216.2,1754863.9,
104,230.10146990904101,2.6983707,,,,,,,,,,,187122.86,286131.1,465087.56,227622.8,162285.1,378078.5,
108,233.1030328812916,2.7979395,,,,,,,,,,,520377.2,619133.3,497641.03,781849.06,417133.75,884046.94,
31,242.0797586366273,0.36453876,,,,27,,,,,,,112061.31,86751.15,997828.7,210789.4,1113509.1,1067766.4,
356,243.89916853736395,8.542199,,,,32,,,,,,,4220183.5,5463686.5,4405302.0,4796960.5,4806851.5,4889621.5,
355,245.89471408425376,8.5402975,,,,32,,,,,,,1772938.4,2234600.2,1817124.2,1970232.6,1770158.9,2016705.6,
258,248.96029830342454,7.874395,,,,2,,,,,,,69741.49,282153.34,1037526.3,338763.8,1058218.6,1010993.94,
235,248.96030730909226,7.8206177,,,,24,,,,,,,109831.93,168344.72,816504.9,141806.16,828754.56,906851.9,
441,248.96032008421034,8.967998,,,,4,,,,,,,780418.8,790934.6,1288573.6,802171.2,1364341.0,1321688.6,
196,248.9603260078272,7.371696,,,,19,,,,,,,453311.5,583169.0,957737.4,706937.6,953050.5,1023884.3,
499,248.96038773139023,10.147771,,,,,,,,,,,1393650.0,988041.94,1244097.5,937662.56,907595.2,1257384.6,
482,248.9603897238899,9.614587,,,,,,,,,,,1023440.06,882114.94,1060127.0,2927413.8,1176404.4,1178751.9,
511,248.96039220882923,10.215275,,,,0,,,,,,,807876.5,1443672.0,2323958.5,1351408.5,2291729.0,2278506.0,
489,248.96041204980284,9.931964,,,,,,,,,,,4489353.5,2803187.0,1082891.9,964220.5,1194062.5,1118456.8,
198,253.21718302027,7.3734517,,,,19,,,,,,,300569.03,170231.05,976446.44,378480.88,1171405.6,1498809.5,
227,255.23281980259233,7.7690225,,,,,,,,,,,235784.98,153198.23,282712.72,254486.1,370546.75,442908.28,
21,258.03817240845694,0.35927773,,,,27,,,,,,,58166.75,10904.275,1231079.8,50727.117,1386481.0,1284059.1,
17,259.0222138366357,0.35146844,,,,,,,,,,,333217.75,314692.9,559851.44,521154.6,811028.56,522522.03,
383,265.14772227512833,8.753651,,,,12,,,,,,,678738.9,728480.75,852108.1,689079.56,839030.6,870252.25,
132,265.14785019334226,6.083202,,,,,,,,,,,1071204.6,1406889.5,1104937.0,839902.6,1241907.1,1456497.9,
131,271.2278339866945,6.00103,,,,,,,,,,,39121.234,39633.43,28029.068,95500.016,30301.129,42365.805,
173,271.2278339821416,7.152084,,,,,,,,,,,1880347.5,2244911.2,1431407.9,2161689.8,1610510.8,975112.25,
166,271.22783731975295,6.943016,,,,,,,,,,,186669.78,218268.78,89789.65,183046.05,89301.0,35324.2,
147,271.22784431117265,6.5150375,,,,,,,,,,,17551.77,12227.43,38811.418,48929.15,37512.03,66051.22,
137,271.2278833979704,6.201668,,,,,,,,,,,163704.05,155739.84,131797.38,283888.38,126720.76,189121.61,
2,272.95894801674035,0.31460407,,,,1,,,,,,,212392.27,251265.11,500711.22,231210.31,443744.25,483780.84,
130,277.18416230269366,5.9244156,,,,,,,,,,,345312.28,76955.79,145080.17,683355.6,1045204.75,196851.0,
134,277.1841857005646,6.1273003,,,,,,,,,,,50634.156,0,46292.902,340976.25,513862.94,55775.875,
140,277.18418658330165,6.273299,,,,,,,,,,,93701.45,0,63073.477,306605.56,484446.06,86923.15,
265,281.24845594977074,7.8743896,,,,2,,,,,,,3980981.8,2733296.5,6488629.0,4453913.0,8489138.0,8117734.5,
542,281.24847968351145,10.491202,,,,,,,,,,,15482.622,5153.485,7378.9307,41146.48,14890.805,13948.207,
42,287.0519496710294,0.37921837,,,,27,,,,,,,167616.12,284473.9,2437390.8,395374.2,2714067.5,3416781.8,
83,288.120124414216,0.67751384,,,,,,,,,,,401076.62,371200.38,435700.03,488970.22,464899.25,736175.44,
3,289.94905835744765,0.31551066,,,,,,,,,,,133121.53,168167.12,298895.1,145018.77,269514.25,299743.75,
150,291.199964602254,6.5195875,,,,,,,,,,,47402.973,0,3345.4172,447891.75,357237.1,33608.402,
164,291.19998335224193,6.8504043,,,,,,,,,,,22377.734,0,6930.496,186212.92,378309.38,46061.45,
155,291.19998968143767,6.645784,,,,,,,,,,,31557.83,0,0,206083.23,383065.0,35170.7,
144,291.1999942288434,6.381422,,,,,,,,,,,301671.9,66543.836,90224.68,756895.6,989414.9,154414.14,
174,293.17904069379466,7.180557,,,,,,,,,,,600241.1,808293.7,0,408433.72,0,0,
177,293.1791709081687,7.267515,,,,,,,,,,,26073.3,3462.9658,735747.4,292776.2,943518.5,1074625.2,
117,295.9539122376987,4.6834044,,,,23,,,,,,,421123.38,432674.1,405551.97,456068.0,425607.03,410886.97,
103,297.0855887912688,2.6091518,,,,16,,,,,,,648792.56,878506.3,900791.6,753092.0,844271.56,1131284.8,
106,297.0856208563475,2.7322633,,,,15,,,,,,,336525.2,450848.66,446782.88,375772.38,432685.75,596428.06,
119,297.95183011557555,4.6852384,,,,23,,,,,,,414783.88,414136.75,387331.97,445858.12,409474.0,395731.28,
201,299.2224958484224,7.37168,,,,,,,,,,,79558.1,26168.203,285794.7,123329.43,305866.94,431549.38,
213,299.2590022978216,7.523906,,,,,,,,,,,304820.5,357796.0,237085.34,320232.3,251109.58,145161.4,
216,299.25901013406246,7.7080307,,,,,,,,,,,1422508.5,1205974.1,1128106.8,1583762.2,1262897.5,1191283.5,
152,299.25904309101924,6.6124763,,,,,,,,,,,118016.73,85482.48,98935.83,219981.55,104150.34,42225.164,
161,299.25904687736545,6.8286853,,,,26,,,,,,,417891.38,415812.1,391360.9,559157.56,444463.7,381722.44,
30,302.10084666841607,0.3662248,,,,27,,,,,,,358738.94,306161.47,1853275.6,192529.44,2063603.6,1764950.4,
44,306.0764001498197,0.38439712,,,,27,,,,,,,3390890.0,3099331.2,1956519.1,3796474.5,2496469.0,1682746.4,
72,306.076459136585,0.5602786,,,,20,,,,,,,2832425.5,2565819.5,4900930.0,3183119.5,5934607.0,4777008.5,
70,310.9689310624503,0.5045313,,,,,,,,,,,222211.47,535150.06,869192.8,295481.38,819312.94,1296366.1,
410,311.16849783313376,8.830398,,,,33,,,,,,,719420.06,886459.44,1444498.2,676459.4,1185405.4,1688608.9,
151,311.16866127530267,6.6142716,,,,,,,,,,,1085670.6,1176398.0,1258032.4,907274.1,1150748.5,1135375.1,
158,311.1686624956033,6.731212,,,,,,,,,,,460093.56,701093.7,1025905.8,681563.6,1002933.3,1119045.8,
154,311.16866421020774,6.6711345,,,,,,,,,,,791382.4,815645.3,1547892.8,718009.4,1420470.9,1531263.8,
399,312.8360244771188,8.799794,,,,38,,,,,,,4491739.0,4534488.0,5254899.0,4394360.5,5084606.5,5082138.0,
462,312.83608257603345,9.07769,,,,,,,,,,,1930293.2,2216107.5,2110466.2,2097321.2,1905496.6,1973860.1,
6,314.86395649345496,0.3354406,,,,,,,,,,,21707.95,32171.088,182362.88,44089.086,167842.7,483019.1,
446,316.94752218724733,8.972343,,,,4,,,,,,,606035.8,403151.66,881396.1,530542.6,1061860.5,1116606.2,
259,316.94761984972007,7.875267,,,,2,,,,,,,57923.05,131714.86,802113.7,70220.83,787739.3,843617.8,
191,316.94763886603556,7.368152,,,,19,,,,,,,303668.28,432355.7,795290.06,541934.5,825371.25,863041.1,
240,316.94766831853843,7.7725444,,,,24,,,,,,,76941.68,183900.1,664526.9,168011.0,794491.0,738958.6,
510,316.94768472263866,10.219729,,,,0,,,,,,,553733.3,690938.25,1921094.4,622746.25,1952850.8,1887839.6,
256,319.2309739402873,7.86394,,,,,,,,,,,3375.9805,0,3959.6504,61257.684,718580.44,43133.242,
333,319.2310256704577,8.24053,,,,,,,,,,,3579.2632,0,0,56905.332,560793.1,6874.9053,
415,319.2310395230986,8.877907,,,,,,,,,,,0,0,0,3204.002,625157.4,0,
220,319.23111135332874,7.785745,,,,,,,,,,,3293.6553,0,3916.7942,304427.94,597724.94,18842.71,
184,321.2044454956863,7.3716893,,,,,,,,,,,188484.11,53502.45,236019.45,117173.266,258651.98,349076.25,
359,321.2103112893401,8.563123,,,,,,,,,,,1051102.5,1606403.9,968151.6,920306.06,1331307.6,1500563.2,
409,325.1840903595992,8.824302,,,,33,,,,,,,672009.94,768012.9,1002488.44,652289.7,959085.25,1008023.3,
179,325.1841641843062,7.323227,,,,,,,,,,,1169074.5,1299542.8,1082338.0,1350329.5,2035603.8,2225115.8,
212,325.18416910408536,7.4283814,,,,,,,,,,,133568.83,567443.44,1335688.6,727169.75,1226595.4,1334047.5,
175,325.18420651095806,7.21565,,,,,,,,,,,1529730.9,1674169.4,2131096.5,1392575.6,1216268.1,1230636.0,
262,327.25389042228727,7.8735085,,,,2,,,,,,,699762.44,499468.38,1001906.7,868904.1,1143418.1,1198347.9,
176,327.29029814862116,7.2518306,,,,,,,,,,,69561.42,84212.336,49892.492,143336.55,97359.43,36921.676,
298,327.2903502360695,8.019334,,,,,,,,,,,265543.8,262461.97,332657.44,309308.47,336760.12,309998.97,
10,333.05916318525595,0.3479011,,,,27,,,,,,,615504.56,707391.7,5442262.5,755745.1,5963231.5,5055411.5,
194,338.1948129478976,7.37608,,,,,,,,,,,454253.38,245606.47,473545.06,392211.7,378760.56,535679.75,
270,339.1992122533413,7.876147,,,,2,,,,,,,472576.94,1281720.0,82406.58,342423.94,102556.41,123058.11,
407,339.1995891866205,8.804985,,,,33,,,,,,,93063.24,286929.9,493194.47,73664.35,478509.3,419975.0,
335,339.1996335000589,8.29041,,,,,,,,,,,117532.55,381660.75,1006382.7,130481.11,1053037.4,1249621.5,
304,339.19964900703127,8.21684,,,,,,,,,,,414076.0,668547.56,1835327.2,373969.53,1847445.8,2034314.2,
295,341.2694944524057,8.006814,,,,,,,,,,,317359.1,315764.3,296960.94,421479.6,324550.06,165080.03,
263,349.23578811713384,7.8735085,,,,2,,,,,,,848625.44,572530.75,794263.9,789740.5,893270.44,884501.9,
199,351.1480412961539,7.3716674,,,,19,,,,,,,374224.97,365765.53,1239322.5,681077.75,1324088.0,1407829.5,
197,353.14247242250053,7.3734417,,,,19,,,,,,,7762320.5,7740486.0,2.460958E7,1.4120478E7,2.637822E7,2.8063858E7,
451,353.1425057098341,8.982812,,,,4,,,,,,,170714.45,120378.99,359581.53,247599.47,394887.47,455887.38,
230,353.16366724914036,7.771685,,,,24,,,,,,,521395.47,523317.97,1861436.0,696534.44,1970406.6,2011554.1,
29,354.06234115742654,0.36536407,,,,27,,,,,,,531943.9,499429.4,2999927.2,668396.5,3167572.8,3473774.8,
453,355.1580873314277,8.9836855,,,,4,,,,,,,1995729.8,1930647.9,1779148.4,2009324.6,1759750.1,1894935.1,
465,355.15811839009007,9.157904,,,,8,,,,,,,549029.25,517897.1,633205.06,663926.8,590728.25,556430.5,
231,355.1581447985734,7.772555,,,,24,,,,,,,1.0877466E7,1.0894434E7,3.6159264E7,1.4397835E7,3.854226E7,3.9498668E7,
480,355.1581871695524,9.614589,,,,11,,,,,,,209303.75,455837.1,472203.28,438591.1,248014.81,255479.53,
242,356.16037068971065,7.769922,,,,,,,,,,,2622633.0,2645047.2,1.0041797E7,3531792.5,1.0597945E7,1.0934939E7,
233,357.1624920777053,7.771667,,,,24,,,,,,,253671.39,258372.84,941152.75,351194.78,993018.9,1032652.94,
115,361.1505456603938,3.6544802,,,,,,,,,,,343887.12,429469.53,392541.62,504321.94,332334.75,822678.4,
245,366.2259028154842,7.8900924,,,,,,,,,,,560271.94,529562.06,251477.97,526280.9,247003.53,266620.78,
358,368.9785823332215,8.561421,,,,,,,,,,,2170438.0,2401704.2,2329366.2,2286323.0,2007990.4,1083406.0,
210,369.1371541886405,7.4364457,,,,,,,,,,,407327.25,455065.53,1043773.0,583897.94,1080299.6,1168180.9,
297,369.1736100107157,8.004704,,,,,,,,,,,161263.34,125556.836,286416.4,216647.81,307003.53,329958.6,
244,371.15280666046516,7.811195,,,,,,,,,,,605072.4,631380.6,1379018.9,603182.44,1357279.2,1391410.1,
248,371.3165300915461,7.867391,,,,,,,,,,,259482.55,177213.25,239190.1,298772.6,286985.34,252159.28,
193,372.11619612300115,7.371678,,,,19,,,,,,,382768.6,279789.84,451424.2,662253.56,483819.8,522969.47,
218,374.1319508523965,7.7681675,,,,,,,,,,,294989.47,302162.94,281642.5,425392.4,315581.1,317084.4,
36,377.08542974391344,0.3775382,,,,27,,,,,,,1980899.1,2290554.2,818879.8,2470745.0,876774.56,746524.9,
269,379.17934829557083,7.875263,,,,2,,,,,,,1338728.6,1368186.6,3606033.5,1738521.6,3783579.5,3692489.5,
274,380.1827699398181,7.8761406,,,,2,,,,,,,238266.62,248828.23,676412.9,304616.2,725432.2,716866.25,
452,381.1737147705183,8.982818,,,,4,,,,,,,663301.2,553934.25,762476.4,763197.1,810110.25,834050.0,
273,381.1737920381967,7.8761477,,,,2,,,,,,,2.754535E7,2.7909014E7,7.0434344E7,3.500425E7,7.442185E7,7.263932E7,
316,381.1949549060486,8.216077,,,,25,,,,,,,552570.8,516194.0,1503062.4,675479.7,1632880.6,1632886.6,
249,382.17614104949524,7.875267,,,,,,,,,,,7387124.0,7571572.0,2.0419564E7,9609908.0,2.157363E7,2.202523E7,
272,383.17753153170884,7.8760586,,,,2,,,,,,,930731.1,959950.4,2518106.8,1233924.2,2664641.0,2626973.2,
447,383.18940820875787,8.974959,,,,4,,,,,,,1745114.2,1621088.9,1527508.9,1713349.5,1560173.6,1608005.2,
467,383.1894302912553,9.160531,,,,8,,,,,,,297996.34,340514.34,363823.3,405387.0,400549.3,348723.2,
313,383.18945315783645,8.215202,,,,25,,,,,,,1.2126243E7,1.1321631E7,3.00756E7,1.4016864E7,3.317279E7,3.2476836E7,
192,384.9350764448282,7.36994,,,,19,,,,,,,43146.344,129133.75,403357.38,238589.97,406755.16,427882.4,
508,384.9352403279597,10.217918,,,,0,,,,,,,120954.32,258616.03,1081785.8,298048.4,1102557.4,1057160.6,
241,384.93533815993703,7.771943,,,,24,,,,,,,0,16034.66,327087.06,26652.63,386250.03,377597.2,
40,385.0193173172952,0.38260996,,,,,,,,,,,53412.305,36905.26,951852.94,66648.38,901296.44,1452306.5,
311,385.1932429929247,8.21432,,,,25,,,,,,,368074.4,340686.12,1052919.0,464939.72,1166910.6,1140056.2,
515,387.1142357669555,10.2579975,,,,,,,,,,,36339.38,41952.727,10655.934,63896.535,3965.0945,0,
65,387.11438841726607,0.40964425,,,,27,,,,,,,6650859.5,6363437.5,3430875.2,7387412.5,3699916.0,2393162.2,
89,387.1145103578956,0.9022553,,,,,,,,,,,40717.492,29132.785,0,111778.305,0,4002.8894,
493,395.38923788138715,10.012382,,,,34,,,,,,,675261.8,306104.8,502104.6,482038.1,583497.7,627536.0,
293,397.16842716360134,7.9468746,,,,,,,,,,,1414752.4,1418470.0,3193003.0,1477417.4,3277430.2,3305024.8,
305,399.1840949823459,8.209947,,,,25,,,,,,,788487.25,760591.25,1689519.4,779787.8,1799364.1,1929165.2,
254,400.14728407937963,7.875252,,,,2,,,,,,,491719.88,504286.4,463691.1,621781.6,486467.47,322815.12,
324,402.16314341695676,8.219567,,,,25,,,,,,,332464.28,317233.4,690810.2,378226.22,719005.56,581188.1,
69,404.04310836335776,0.5233584,,,,,,,,,,,112107.44,138065.34,274153.28,207696.02,405383.38,401864.94,
50,404.0432933120944,0.38784635,,,,27,,,,,,,1869192.9,1648917.8,1890997.4,2119222.0,2270471.2,1837225.1,
71,405.02849501784243,0.55584604,,,,20,,,,,,,736650.5,724190.2,949453.4,782481.2,1004138.75,807955.9,
334,409.2048936386637,8.271935,,,,,,,,,,,378590.12,388579.12,614892.75,436791.1,635009.94,629367.06,
471,411.384265620361,9.344356,,,,,,,,,,,697665.2,658306.44,811137.2,774816.6,826110.8,915720.25,
280,417.22326929563764,7.8735127,,,,2,,,,,,,66371.5,114282.75,493855.5,130201.78,602175.9,606197.6,
204,421.12977773229187,7.374319,,,,19,,,,,,,59318.69,71036.71,575269.3,177866.2,618204.0,687943.56,
181,421.22636591794316,7.386617,,,,,,,,,,,120287.69,323349.22,349987.56,487130.34,203174.16,188593.77,
238,423.14528450077506,7.7725663,,,,24,,,,,,,50436.094,51087.01,610450.5,80765.484,676266.44,701636.6,
121,426.96772923461236,4.980033,,,,13,,,,,,,6683212.0,9520291.0,1.1118694E7,8090922.5,1.2548922E7,1.4067742E7,
332,427.23368156909777,8.229152,,,,25,,,,,,,34693.93,27046.719,475089.1,49134.723,517400.8,459326.8,
414,427.233701214112,8.885061,,,,,,,,,,,578668.25,595216.06,4763145.5,262902.34,4827510.0,4334679.5,
463,427.2337533317218,9.091037,,,,,,,,,,,339836.4,375805.8,1492815.0,302513.5,1388974.2,1472346.1,
22,431.02627107630383,0.35488918,,,,27,,,,,,,13334.619,23586.793,732911.06,47881.746,742632.56,773142.6,
207,438.1198292637168,7.379582,,,,19,,,,,,,168023.2,322506.78,900318.1,496960.34,917648.2,971947.2,
39,439.07549756319673,0.38007078,,,,27,,,,,,,9454163.0,9823918.0,7423815.0,1.1674398E7,7581656.0,6374450.0,
424,439.25193548292924,8.948798,,,,28,,,,,,,3941918.8,3456882.2,2623511.0,3998391.0,2745644.2,2661216.0,
243,440.1354097714664,7.7804737,,,,24,,,,,,,89816.19,191644.55,1241087.5,226625.84,1344435.6,1302154.5,
282,449.16095154547355,7.8778915,,,,2,,,,,,,213220.62,241134.34,1339123.0,322612.12,1457810.8,1385385.0,
116,449.20294242390156,3.846182,,,,,,,,,,,795957.94,1005776.6,833547.25,1150047.0,684124.8,1348344.9,
124,450.26250861082707,5.6734204,,,,,,,,,,,185924.98,159589.17,47963.566,250291.48,51488.184,67519.91,
127,450.2625597338152,5.7742505,,,,,,,,,,,1306567.1,1033959.8,55889.31,1698695.0,63590.492,69777.09,
315,451.17664885158064,8.214325,,,,,,,,,,,28020.254,22061.975,251194.53,38170.688,269132.7,275106.06,
41,452.02905674206886,0.3800305,,,,27,,,,,,,89979.125,37784.54,871515.2,110526.17,892910.4,1140607.1,
135,452.2783111714782,6.158118,,,,,,,,,,,941438.06,676845.75,59045.008,1285284.6,63510.99,82779.28,
205,452.9225764144471,7.3736887,,,,,,,,,,,0,17809.115,194633.16,37686.367,200083.83,307778.9,
509,452.92263865875105,10.2314,,,,0,,,,,,,108774.36,153882.45,812062.25,143153.03,822606.6,775885.44,
490,452.92278682350184,9.915072,,,,,,,,,,,68488.57,172066.48,281760.8,134923.2,242655.81,501193.22,
237,452.92278744434316,7.7761836,,,,24,,,,,,,0,0,187075.0,0,194525.17,194788.69,
292,466.1510493891717,7.9060845,,,,29,,,,,,,151316.39,315887.62,2143656.0,200888.11,2204805.0,2179617.0,
472,467.2831883296426,9.393476,,,,,,,,,,,452257.5,372147.53,380503.6,577069.3,404538.16,368682.25,
331,468.1667088315024,8.22829,,,,25,,,,,,,374469.3,391993.25,2442020.5,436095.88,2808658.8,2795071.8,
347,473.28229695287524,8.474361,,,,,,,,,,,581799.44,591036.56,1184990.0,666246.94,1039627.25,502969.47,
129,478.2932234229256,5.807188,,,,,,,,,,,41519.3,34661.97,0,63036.5,0,0,
142,478.2937928371172,6.2823462,,,,,,,,,,,229155.92,239684.84,48826.35,333355.6,50700.543,261750.27,
138,478.29382583474694,6.2264237,,,,,,,,,,,419991.88,339044.62,254580.6,580686.5,265953.34,297923.38,
487,481.29892613732386,9.67439,,,,,,,,,,,527726.25,417919.94,430845.34,690241.6,507836.16,456765.25,
281,485.21045851818616,7.8752675,,,,2,,,,,,,28108.307,30286.86,395356.47,60369.65,447977.4,444085.16,
350,488.15024916516285,8.518481,,,,,,,,,,,257889.16,116599.66,1370497.6,694410.8,569208.5,147845.36,
391,489.27736830592966,8.788459,,,,,,,,,,,249393.61,127565.0,436260.5,221061.92,385630.9,704603.25,
366,489.27742198623764,8.652221,,,,,,,,,,,194029.06,85083.86,107789.42,104202.93,122916.48,240227.25,
122,494.9552233444371,4.9800344,,,,13,,,,,,,344958.03,489215.72,602897.9,416572.88,696935.25,771930.44,
435,495.25720927023553,8.965382,,,,4,,,,,,,3943503.2,3744617.0,5920688.5,3712565.8,6242625.5,6395924.0,
492,495.3148017254252,10.013269,,,,34,,,,,,,2084169.4,1664083.1,2102587.2,2466890.5,2194907.2,2467396.8,
141,496.2682099914038,6.3302627,,,,,,,,,,,527526.5,366524.8,103032.74,653621.25,114774.79,98859.836,
491,496.31732973666243,10.012389,,,,34,,,,,,,765658.06,602491.1,768596.44,918601.25,800476.56,908394.25,
512,520.9099212600667,10.23321,,,,,,,,,,,3363.231,55773.254,452799.6,54620.375,553720.9,417558.75,
428,523.3457228934634,8.956677,,,,28,,,,,,,323539.2,302536.8,808001.2,303232.78,622955.94,1000947.2,
125,538.3145627128922,5.71159,,,,,,,,,,,106778.11,111436.836,0,155325.31,0,0,
128,538.314707042752,5.8090324,,,,,,,,,,,1763374.1,1558220.1,0,2403101.0,0,0,
136,540.3305655966456,6.200006,,,,,,,,,,,852894.0,680977.75,0,1231602.5,0,0,
275,563.5043159213448,7.8761506,,,,2,,,,,,,137713.31,77180.5,231458.62,63600.527,312250.28,321396.8,
139,566.3460935027875,6.2979355,,,,,,,,,,,191177.75,126956.86,0,199157.3,0,0,
143,566.3462748004841,6.3655543,,,,,,,,,,,415101.53,352386.88,0,604274.56,0,0,
160,568.3617294142363,6.7923484,,,,,,,,,,,316937.6,236708.12,0,449057.28,0,0,
145,571.288954022471,6.4828076,,,,,,,,,,,4101294.8,2571779.8,0,4343915.0,0,0,
148,571.289206024843,6.5248184,,,,31,,,,,,,3823692.5,2983134.2,904295.8,5046174.0,1052554.6,793612.4,
146,572.2925138594477,6.525762,,,,,,,,,,,1118521.2,823981.75,170834.39,1345098.2,196787.66,142160.52,
200,590.3644198102579,7.3699107,,,,19,,,,,,,311950.03,167239.03,385792.44,363575.94,410310.06,462320.3,
234,599.319890015243,7.7422004,,,,,,,,,,,3629096.8,5112609.5,0,6503144.5,0,0,
299,599.3203438190112,8.01324,,,,,,,,,,,183563.56,329366.25,557483.4,683063.1,611897.94,390488.6,
518,599.3204738531981,10.308488,,,,,,,,,,,261274.4,368661.7,1086160.2,730895.25,1259401.1,1063285.5,
215,599.3205258370548,7.6429715,,,,,,,,,,,7349029.0,1534255.2,36653.633,3599537.0,12895.4375,45742.996,
276,646.4271704469422,7.871759,,,,,,,,,,,375075.78,247461.4,338354.88,345588.3,389267.38,361945.44,
167,654.1322939990886,6.9584546,,,,,,,,,,,160294.66,147521.16,255446.12,163004.19,237351.8,211918.73,
149,654.1323046927273,6.562559,,,,31,,,,,,,291149.53,278771.34,394565.16,282143.53,391032.94,351954.7,
159,654.1323569160371,6.778585,,,,,,,,,,,634668.7,620227.75,948187.9,432284.94,916515.94,868030.6,
300,686.476480306225,8.073173,,,,,,,,,,,5991852.0,6231871.5,0,6387352.5,0,0,
468,693.4407847723907,9.161397,,,,8,,,,,,,729982.6,798485.44,1461694.6,983945.1,1466927.2,1178418.6,
343,698.911120290717,8.449872,,,,,,,,,,,1058822.6,1031027.8,1025711.0,1048321.5,952850.25,977337.8,
301,713.1307047213608,8.136041,,,,,,,,,,,319451.66,282579.0,23892.045,383571.4,21824.746,20362.541,
172,716.523662774488,7.1782727,,,,,,,,,,,4589200.5,896706.7,0,916881.6,0,0,
519,716.5242020841241,10.354859,,,,,,,,,,,1658906.0,467718.56,298438.88,88882.35,516480.3,487728.62,
169,718.1448788861225,7.0251484,,,,,,,,,,,308183.7,317905.6,488503.66,311877.2,463638.22,446542.03,
163,718.1449433838011,6.862814,,,,,,,,,,,744749.8,713131.25,1043433.44,704655.2,1007725.9,925504.5,
153,718.1449446004341,6.6625953,,,,,,,,,,,233905.67,227011.0,335500.06,228413.95,323824.22,287828.6,
217,776.5443999402744,7.721317,,,,,,,,,,,1087870.0,3802109.2,3369.7913,3525186.0,0,0,
211,776.5446676397131,7.47364,,,,,,,,,,,6193537.0,0,0,0,0,0,
178,782.157398454689,7.304462,,,,,,,,,,,12915.676,11015.267,47919.246,4060.8032,43359.98,34889.473,
170,782.1574493148104,7.0850005,,,,,,,,,,,362124.03,424851.94,569648.3,162809.64,540491.56,522495.7,
165,782.157501194,6.9339633,,,,,,,,,,,609135.56,597971.94,874427.94,596676.3,833843.1,763492.9,
157,782.1575012154896,6.7552376,,,,,,,,,,,179036.19,163231.73,222726.42,154947.66,220702.92,197190.48,
296,802.5607886909064,8.033584,,,,,,,,,,,8722465.0,3759899.8,52025.4,3502655.8,0,0,
523,802.5613851682833,10.350515,,,,,,,,,,,553316.8,767691.0,96894.516,787739.7,62407.383,81924.945,
514,805.4872676488001,10.272339,,,,,,,,,,,967987.56,34654.2,0,0,0,0,
252,807.5036531891478,7.8726425,,,,,,,,,,,467347.66,552135.56,92358.805,303731.5,33524.92,54196.28,
513,807.5037088986209,10.261846,,,,18,,,,,,,2470192.8,3060341.0,397334.03,2745523.8,304603.56,127820.64,
264,835.5349730041917,7.872645,,,,,,,,,,,969922.1,947686.25,1207926.5,750627.44,794264.75,362230.16,
517,835.5353250798822,10.272536,,,,18,,,,,,,6046623.0,5936423.0,5521989.5,6422452.5,4774478.5,3830914.5,
171,846.1697785666935,7.143063,,,,,,,,,,,328767.72,364007.06,511073.56,358792.38,476029.22,459274.84,
162,846.1698264313133,6.8333683,,,,26,,,,,,,104308.84,52678.277,131716.23,95523.12,139503.3,131231.05,
168,846.1698403959557,6.9955597,,,,,,,,,,,471239.53,436650.22,690194.4,441917.84,636983.75,586957.94,
516,863.565987330788,10.258891,,,,18,,,,,,,2728914.2,2743710.0,0,2383250.5,0,2018060.6,
