"","filter","GF_MC_RCG_Ctrl_1_neg_20210511_Run68.mzML","GF_MC_RCG_Ctrl_2_neg_20210511_Run147.mzML","GF_MC_RCG_Ctrl_3_neg_20210511_Run159.mzML","GF_S4_MC_RCG_1_neg_20210511_Run71.mzML","GF_S4_MC_RCG_2_neg_20210511_Run91.mzML","GF_S4_MC_RCG_3_neg_20210511_Run171.mzML"
"2417/621.3257mz/4.02min",1514337.65,1853581.1,1528722.8,2167807.5,1153410.8,1499952.5,1322455.5
"2419/667.346mz/4.02min",145297.815,212680.06,171454.8,194869.52,102057.63,119140.83,104356
"2421/471.2617mz/4.02min",77779.0385,181898.94,170892.33,137127.52,4045.1582,18430.557,7070.4727
"2422/765.4031mz/4.04min",63016.033,96957.22,70725.336,113264.86,33358.125,55306.73,51219.277
"2423/382.1985mz/4.04min",5426232.75,7727658,6049860,8194853.5,3602193,4802605.5,4349309
"2424/745.3573mz/4.04min",6028077.25,7194900.5,6141912,6747823,5914242.5,5698247,5692073
"2425/584.2931mz/4.03min",214697.175,84503.25,56628.94,158266.95,271127.4,310013.7,288341.8
"2427/428.186mz/4.04min",608605.445,1363033,973108,1952037.5,244102.89,193370.61,138128.34
"2429/329.1718mz/4.06min",268535.5565,672650.8,492870.25,773020.3,21681.168,44200.863,35017.082
"2430/356.1826mz/4.05min",57333.5793,179869.88,110655.31,240713.98,744.4364,4011.8486,3722.182
"2431/285.1133mz/4.06min",822354.7,533892.6,472009.4,652698.3,1016187.1,1013977.6,992011.1
"2433/289.0389mz/4.08min",7819.3914,7819.3914,7819.3914,7819.3914,39096.957,7819.3914,594973.9
"2434/584.311mz/4.07min",374592.19,191121.48,163076.92,150156.3,584737.8,558062.9,618289.5
"2435/499.2566mz/4.07min",527287.07,311621.2,261977.5,300571.72,796110.75,919296.6,742952.94
"2437/396.214mz/4.08min",1242572.5,1971380,1506228.5,2066352.2,645944.25,978916.5,799236.75
"2441/214.145mz/4.09min",284780.11,634296.75,308328.97,751591.75,261231.25,192828.58,217523.23
"2442/964.5149mz/4.1min",461740.3,425830.2,340923.9,404060.9,546714.44,497650.4,502233.75
"2444/495.2825mz/4.11min",150850.935,274386.34,218096.95,375948.25,52727.992,83604.92,54744.04
"2445/656.2941mz/4.12min",283096.39,346911.03,305582.38,483801.66,174016.83,260610.4,225346.11
"2446/227.1291mz/4.13min",68193.931,28924.922,15049.108,15070.371,136855.03,107462.94,113731.23
"2448/681.3468mz/4.15min",3186191,3254456,2343162.2,4301857.5,2677287.5,3654404.2,3117926
"2449/232.0074mz/4.15min",1395053.57,2449076,2279041.8,3380081.2,431190.5,511065.34,469635.6
"2450/188.0176mz/4.15min",1804846.03,3246776.5,2942660.5,4380338.5,568694.3,667031.56,620757.06
"2451/513.2722mz/4.16min",203389.315,242952.73,195333.52,240945.28,172467.52,211445.11,170104.75
"2452/215.1289mz/4.18min",1670766.65,835442.06,684140.25,1166281.1,2514264.5,2623634,2175252.2
"2453/374.2085mz/4.19min",162024.545,336342.84,270274.4,321320.9,40066.605,53774.69,38180.21
"2454/242.0759mz/4.19min",56417.292,18805.764,18805.764,18805.764,94028.82,115168.555,100174.49
"2457/297.1132mz/4.2min",1438434.85,1471068.8,1271326.6,1213587.4,1558616,1405800.9,1491267.9
"2458/329.1717mz/4.21min",104157.714,195357.16,173596.19,228785.92,34719.238,34719.238,34719.238
"2462/614.2832mz/4.22min",70377.41,7436.214,7436.214,37181.07,111573.46,103573.75,111451.664
"2463/329.0669mz/4.23min",1565092.2,521697.4,521697.4,521697.4,3706887.8,3399071.5,2608487
"2464/234.1136mz/4.23min",120624.4385,264444.75,225183.45,349510.88,11351.162,7182.7812,16065.427
"2465/451.2926mz/4.23min",589074.175,988044.25,884752.7,790346.25,328396.78,325356,387802.1
"2466/354.2398mz/4.23min",1165924.5,1932429.4,1568771.8,1858786.2,623576.9,617767.94,763077.2
"2467/527.2513mz/4.24min",1433974.675,786193.25,813958.75,485970.7,2354892,2186998.5,2053990.6
"2468/683.3779mz/4.25min",32221.5822,10740.5274,10740.5274,10740.5274,66580.125,53702.637,71613.89
"2469/268.098mz/4.27min",305327.267,567332.6,541729.3,639307.6,64515.742,68925.234,63927.1
"2471/374.2085mz/4.23min",115196.791,230905.22,174396.84,195051.3,33665.79,55996.742,40315.406
"2472/471.2613mz/4.28min",115248.97,229542.27,200427.47,184967.47,8661.985,45530.47,28066.678
"2473/612.3152mz/4.27min",310391.86,315056.38,305727.34,385217.44,293788.7,256693.36,399899.12
"2475/248.1292mz/4.24min",1091832.1225,3511564.8,2072379.8,2982521.2,111284.445,91886.38,107259.484
"2477/327.2178mz/4.31min",7307918.75,5754758.5,4860329,5517806.5,10323149,9319471,8861079
"2478/325.2021mz/4.31min",513561.02,416117.34,345823.25,379041.2,1258870.6,611004.7,700665.6
"2481/201.1497mz/4.33min",153275.672,35983.594,33192.047,30096.65,298484.4,296919.88,270567.75
"2482/227.129mz/4.33min",722064,529859,616815,542421,1042029.94,1042351.2,827313
"2485/242.1762mz/4.36min",501807.3,539223.2,513863.94,489750.66,604106.44,463462.84,366457.28
"2488/398.2297mz/4.37min",273446.37,596259.4,431782,898219.3,61896.375,115110.74,62311.223
"2489/282.1136mz/4.37min",2970571.36,6762155.5,5812442,7054734,92429.9,114919.305,128700.72
"2490/649.357mz/4.39min",1193843.25,1553502,1298226.1,1837316.4,958586.3,1089460.4,1022433.75
"2491/495.2822mz/4.4min",48803.403,78457.28,54860.97,91190.37,30216.066,42745.836,34991.95
"2492/299.161mz/4.4min",45946.3596,172679.62,76577.266,187655.47,15315.4532,15315.4532,15315.4532
"2493/718.4511mz/4.41min",366846.815,490409.16,444472.97,478843.5,235047.9,214252.42,289220.66
"2495/488.2403mz/4.42min",335833.57,491406.47,356029.7,624224.25,224836.86,315637.44,235121.75
"2496/331.2491mz/4.43min",255852.65,200583.22,181113.52,208195.4,397026.44,304532.47,303509.9
"2497/343.2125mz/4.43min",273080.1,216214,196720.33,207035,660054.3,329946.2,355497.38
"2499/229.1445mz/4.52min",8074730.5,3197024.5,2381615.5,5316116,11872314,12000073,10833345
"2501/755.3624mz/4.45min",493227.75,602057.06,499139.7,791253.5,382544.88,487315.8,431598.06
"2503/325.1771mz/4.47min",376869.626,938650.75,735983.1,1051086.6,16585.477,17756.152,11507.069
"2505/301.202mz/4.48min",162604,33595.086,31295.475,95064.48,272418.53,263811.7,230143.52
"2506/481.2665mz/4.48min",261373.63,320573.06,251163.25,340479.4,215965.78,251505.16,271242.1
"2507/470.2507mz/4.48min",303892.235,314877.22,202691.19,474134.7,244215.6,343083.84,292907.25
"2508/184.1343mz/4.49min",1381337.4,1611479.5,1373366.4,1858349.5,1180716.5,1389308.4,1353622.1
"2509/228.1242mz/4.49min",3491520.9,4185557.5,3479379.8,4831240.5,3064490.2,3503662,3459786
"2510/347.1975mz/4.49min",186064.84,389166.6,310057.5,314418.38,62072.18,61144.59,56946.484
"2511/330.2367mz/4.5min",3217669.4,2413995.8,2118807.5,2481388.8,4689227,3953950,3993253.2
"2512/331.2391mz/4.5min",374832.31,279414.34,231390.11,285981.28,531942.8,463683.34,468354.22
"2513/373.1687mz/4.48min",305226.545,91330.52,53730.453,176370.53,802734.44,553344.25,434082.56
"2514/307.1915mz/4.5min",1358207.6,1194071.2,944552.7,1060703.4,1895437.2,1600408.5,1522344
"2515/329.2334mz/4.5min",17344366.5,13054260,11265764,13391695,23788316,21297038,21450350
"2517/388.2241mz/4.5min",307968.665,534563.44,462590.5,454841.1,138228.23,160156.4,161096.23
"2522/697.3934mz/4.53min",921075.06,307025.02,307025.02,307025.02,1784083.4,1535125.1,2127057.2
"2523/375.1846mz/4.57min",400042.86,169377.52,108669.75,321792.6,512576.38,478293.12,1262694.4
"2524/398.2296mz/4.53min",102552.9295,200785.03,129547.875,291234,36627.523,75557.984,47217.402
"2526/619.2776mz/4.55min",187864.68,62621.56,62621.56,62621.56,313107.8,340289.66,355264.25
"2527/328.2212mz/4.55min",1043061.4,946528.3,600501.9,696996.44,1345344.5,1159616,1139594.5
"2528/262.1084mz/4.54min",688420.3,997197.56,852502.3,1148885,428251.97,234936.42,524338.3
"2529/327.2178mz/4.56min",5256699.75,4862372.5,3869481.8,4590341,7005360.5,5920353,5651027
"2530/718.4511mz/4.55min",450505.31,636967.3,489025.62,571047.4,300774.28,288400.9,411985
"2531/228.1605mz/4.56min",559199.2,566873.2,475015.72,551525.2,632345.2,514663.78,576655.06
"2533/296.0928mz/4.58min",686508.72,1185961.8,1156385.5,1085837.5,213643.89,287179.94,262640.66
"2535/299.1864mz/4.58min",378826.39,139109.08,98173.88,224300.78,594281.8,609706.06,533352
"2536/495.2824mz/4.59min",99666.715,123851.45,64109.797,150162.02,83491.29,88835.74,110497.69
"2537/229.9645mz/4.61min",598156.815,808810.1,1001924.2,708925.25,487388.38,470111.97,464427.62
"2538/227.9667mz/4.61min",610209.1,833320.56,1033518.8,723674.3,496743.9,478637.88,467594.1
"2539/354.1096mz/4.62min",251521.525,82219.414,53297.42,152503.89,350539.16,396505.6,371260.8
"2540/262.1449mz/4.63min",1533012.45,1555197.4,1266419.6,1510827.5,1704224,1475310,1630357
"2541/394.271mz/4.63min",361049.22,777667.5,601748.7,670201,120349.74,120349.74,120349.74
"2544/375.1846mz/4.64min",818994.81,342115.53,240087.05,522725.62,1267029.6,1115264,1623766.2
"2546/311.1865mz/4.65min",329734.56,265984,184115.47,238068.03,481300.12,414425.6,393485.12
"2548/646.325mz/4.66min",196103.105,450532.72,349073.1,360743.1,31031.143,38408.97,43133.11
"2549/180.1031mz/4.67min",274735.59,287168.62,162046.36,251297.69,407973.6,299427.84,262302.56
"2551/251.1038mz/4.67min",268640.905,193551.62,128969.125,361927.34,259075.75,320300.5,278206.06
"2554/769.3781mz/4.69min",107965.5925,93079.945,56602.043,111888.38,104042.805,134350.89,121476.01
"2556/187.134mz/4.71min",2063872.55,1777174.5,1547532.9,1831831.9,2717762.8,2518961.5,2295913.2
"2557/309.2072mz/4.72min",2906475.9,2349622,1802592.6,2053236,4210879.5,3463329.8,3641824.8
"2558/570.2936mz/4.72min",4909.2173,664.24332,664.24332,3321.2166,6497.218,27529.832,394313.38
"2559/539.3243mz/4.73min",317784.705,427794.2,378525.28,353517.16,242776.28,201977,282052.25
"2560/307.1916mz/4.73min",481542.29,298050.28,216570.31,239685.22,907414.44,704702.94,665034.3
"2562/398.2297mz/4.75min",81099.3,123306.61,70064.016,135689.14,58665.715,84319.29,77879.31
"2563/886.4358mz/4.75min",261591.03,449481.9,359750.56,553923.06,95598.445,134379.27,163431.5
"2564/408.185mz/4.79min",111323.555,132178.1,97281.91,169515.31,112525.43,110121.68,101495.92
"2565/550.3612mz/4.77min",196122.6,232105.62,189895.75,202349.45,157423.6,132206.19,212736.89
"2566/511.2769mz/4.76min",232415.57,244230.89,161154.3,396279.5,199840.8,220600.25,307704
"2567/501.1768mz/4.78min",488357.98,1364848.5,492022.56,484693.4,330699.53,167822.17,538893.8
"2568/495.2821mz/4.79min",71166.06,70472.05,47242.133,81070.52,60356.625,71860.07,82704.22
"2569/329.2334mz/4.81min",11358085,9094683,6963007.5,9443454,15733746,13272716,14006474
"2570/379.1412mz/4.81min",334614.55,201741.8,134618.36,187179.55,477844.34,629525.56,467487.3
"2571/424.2454mz/4.82min",240156.355,331676.5,243608.98,396593.62,202453.22,234825.06,236703.73
"2572/325.2022mz/4.84min",672704.67,495809.94,385296.3,342137.78,2732426.8,849599.4,879049.1
"2573/357.2646mz/4.83min",201113.315,57050.516,44304.64,65321.53,500366.34,336905.1,370086.8
"2575/408.1849mz/4.83min",291652.135,201425.72,127315.125,225370.39,413977.03,469037.34,357933.88
"2577/521.2977mz/4.84min",304556,339814.25,277444.22,448026.6,248196.73,280958.6,328153.4
"2578/243.1601mz/4.84min",476212.85,245091.11,258941.78,324316.8,949278.94,850895,628108.9
"2579/330.2367mz/4.83min",2435245,2334271.5,1184174,1647928.5,2719900,2601191.8,2536218.5
"2580/287.1864mz/4.84min",1209521.37,939704.4,1023509.94,961885.56,1717884.9,1684518.5,1395532.8
"2581/762.441mz/4.84min",341408.64,433300.12,315634.72,542512.06,274878.5,318992.94,363824.34
"2583/718.4512mz/4.85min",122198.078,123082.836,86249.69,130479.76,121313.32,118540.766,145072.06
"2584/198.15mz/4.86min",1081042.25,1239960.9,970490.5,1599246.4,904577.94,1062362,1099722.5
"2585/242.1398mz/4.86min",3164263,3656042.8,2770942,4749122,2726127.8,3121793.5,3206732.5
"2586/313.2385mz/4.87min",624225.55,426332.25,859866.94,434987.94,723291.56,606478.4,641972.7
"2587/307.1915mz/4.87min",230931.9,74839.36,51237.36,52929.324,698103.25,387024.44,511501.78
"2589/232.1343mz/4.88min",360667.16,371706.7,285045.12,513061.53,329702.7,349627.62,376164.5
"2590/276.1241mz/4.88min",1414967.75,1528984.4,1119660.9,1979810.6,1312313.2,1366247,1463688.5
"2591/1022.5201mz/4.87min",334747.03,338284.78,251010.92,461432.4,285447.38,331209.28,382693.66
"2592/633.2932mz/4.87min",385500.35,529007.44,350227.62,677791.9,346364.47,390142.5,380858.2
"2593/683.3773mz/4.88min",27940.066,27940.066,27940.066,27940.066,27940.066,27940.066,139700.33
"2594/555.2824mz/4.91min",719322.15,498329.78,403371.2,614210.2,824434.1,848484.7,1112914.1
"2595/401.187mz/4.92min",550169.15,647416.25,588550.2,656243.3,511788.1,495926.03,470257.66
"2596/437.1635mz/4.92min",269802.3,410804.97,285464.3,254140.3,335901.34,213703.38,159002.33
"2597/447.1923mz/4.92min",263277.1,309172.5,276003.8,329686.66,250550.4,226558.47,234563.83
"2598/427.9708mz/4.96min",1087295.825,1147174.9,1027416.75,1247449.6,680743.6,927911.1,1163050.4
"2599/481.2456mz/4.92min",174660.935,439634.2,332421.94,368768.25,3379.986,16899.93,3379.986
"2600/313.2384mz/4.92min",885313.78,792563.06,1038964.5,887506.06,1030945.6,830133.2,883121.5
"2601/384.1928mz/4.93min",152523.714,342232.2,254206.19,341571.75,50841.238,50841.238,50841.238
"2602/396.2154mz/4.93min",72643.425,149307.88,121072.375,159265.05,24214.475,24214.475,24214.475
"2604/269.1758mz/4.94min",421789.455,133657.12,84914.016,250227.97,603456.56,673198.8,593350.94
"2605/640.3354mz/4.94min",85701.36,232010.1,65155.367,349352.6,53636.707,66370.35,105032.37
"2608/559.2769mz/4.96min",39555.8905,50809.734,34561.145,68840.03,26621.482,42489.926,36621.855
"2609/426.9677mz/4.96min",13707507,14237492,12851761,14508187,14087733,11907009,13327281
"2610/187.1339mz/4.97min",260745.995,243085.61,206315.12,241425.48,307619.66,278406.38,298267.72
"2612/312.1898mz/4.97min",539046.44,385697.47,302454.28,409884.88,813540.75,668208,722037.94
"2613/311.1865mz/4.98min",3082355.9,2217294.5,1729567.4,2338664,4588367.5,3826047.8,4091786
"2614/410.2005mz/5.03min",380798.14,187353.22,97392.984,232126.38,548550.75,529469.9,534427.1
"2615/312.2261mz/5.0min",727266.85,634831.94,525517.5,639007.4,1077569.8,839454.1,815526.3
"2616/311.2227mz/5.0min",4454698.5,3797359.8,3127493.2,3963022.5,5690397,4946374.5,5464417.5
"2617/309.171mz/5.04min",44314.8395,28025.398,43610.023,58345.133,45019.656,49375.902,28376.01
"2618/612.315mz/5.0min",25233.663,70252.62,21536.232,89700.89,11925.469,28931.094,3483.1455
"2620/357.2646mz/5.0min",198380.77,119908.85,88476.34,133985.6,316488.28,262775.94,294390.47
"2621/341.208mz/5.02min",718893.12,1812859.6,1323528.8,2171751,74127.92,92711.34,114257.44
"2622/229.1808mz/5.02min",104777.134,1546.9656,1546.9656,7734.828,313020.7,237695.19,201819.44
"2624/438.2608mz/5.04min",239263.635,366045.44,262834.44,435472.88,176005.86,204094.34,215692.83
"2625/285.2071mz/5.03min",364323.21,85377.36,93254.38,288232.22,757827.6,440414.2,508478.62
"2626/257.1758mz/5.04min",784633.61,314704.34,222130.5,496453.62,1109736.4,1137615.4,1072813.6
"2629/310.2106mz/5.05min",471041.265,343963.47,273323.4,332820.5,715090.4,598119.06,608032.1
"2630/654.3511mz/5.05min",46985.6385,29782.486,15472.248,46920.332,47885.598,47050.945,113813.44
"2631/309.2071mz/5.05min",3352119.85,3367016.5,3084160.2,3337223.2,3549278.8,2965083,5798557.5
"2634/410.2005mz/5.06min",413951.84,265998.62,111668.52,326551.34,501352.34,536858.94,533446
"2635/307.1915mz/5.08min",257429.725,170330.45,85526.05,140052.02,482800.66,344529,377370.5
"2638/201.1496mz/5.12min",409899.89,368793.1,307421.94,374690.9,445108.88,635159.9,677494
"2639/293.1759mz/5.12min",5208644,3790705.2,2790348.5,6375291.5,5545328.5,5031563,5385725
"2640/221.1547mz/5.12min",296037.43,213854.64,161455.28,368716.9,305159.7,286915.16,313225.7
"2642/236.1054mz/5.12min",567948.73,421635.72,309880.75,718480.3,588942.4,550943.4,584954.06
"2643/327.2177mz/5.13min",1699918.45,1150039.1,440852.97,1266106.4,2452491.2,2133730.5,2234235
"2644/438.2608mz/5.12min",233927.9,364334.28,199797.55,479649.47,116768.23,222508.36,245347.44
"2645/301.2019mz/5.13min",308852.095,203892.88,182430.97,228065.97,432131.1,421425,389638.22
"2646/341.1791mz/5.15min",242094.315,192422.52,114600.62,196081.23,353071.9,359737.7,288107.4
"2647/315.2538mz/5.15min",106609.15,42427.586,26175.72,42720.18,201054.28,170498.12,198436.06
"2648/257.1759mz/5.15min",403390.51,247896.44,163800.03,258501.62,584354.4,562015.94,548279.4
"2651/329.2333mz/5.15min",774209.05,810325.44,353063.22,774806.8,1103429.8,773611.3,709423.94
"2653/642.2913mz/5.17min",4297.17156,28769.453,29308.254,7161.9526,1432.39052,1432.39052,1432.39052
"2655/313.2383mz/5.19min",676812.75,565652.75,426847.97,614086.7,819828.8,739538.8,827201.8
"2656/269.1758mz/5.23min",151096.39,3263.1052,652.62104,81714.59,231225.34,220478.19,225313.89
"2659/683.3774mz/5.26min",37070.094,12356.698,12356.698,12356.698,61783.49,105178.81,1135484.4
"2662/309.1709mz/5.27min",397530.44,396460.88,312173.34,642324.56,398600,367574.56,426472.38
"2663/312.2261mz/5.28min",2604798.05,2083058.6,1683040.6,2074086.8,3508866.2,3126537.5,3543849.5
"2664/311.2228mz/5.28min",13942076.5,11858264,9515950,11771190,18076338,16025889,18182964
"2665/381.2645mz/5.28min",540324.905,474403.28,327810.2,510968.06,688327,569681.75,613207.75
"2666/686.3308mz/5.29min",606298.95,465796.84,280592.2,321702.53,823617.8,1031884.56,746801.06
"2667/347.199mz/5.29min",131869.96,138906.95,35149.734,81707.414,219895.97,135275.97,128463.95
"2669/314.2415mz/5.31min",115927.66,112779.08,70214.11,110051.51,166138.3,119076.24,141544.16
"2671/256.1918mz/5.3min",634513.02,610049.94,426294.5,658976.1,683347.8,592828.3,735638.4
"2673/287.1864mz/5.33min",31466.9952,70938.94,52444.992,103522.32,10488.9984,10488.9984,10488.9984
"2675/271.1914mz/5.33min",159292.47,158890.84,186971.39,154215.72,164792.27,159694.1,128237.555
"2676/290.1761mz/5.34min",682364.1,647808.3,437508.72,694186.9,730865.25,670541.3,782866.7
"2680/410.2208mz/5.36min",66746.1465,74738.016,4373.3148,21866.574,1041955.56,89832.37,58754.277
"2683/420.2503mz/5.36min",779896.905,743763.56,256355,456892.97,5698791,907263.4,816030.25
"2684/374.2447mz/5.36min",546830.32,521724.44,168851.53,319484.28,3894316,647983,571936.2
"2685/391.2853mz/5.36min",121066.205,101161.086,73472.664,118459.49,123672.92,145382.53,144343.05
"2686/201.1496mz/5.36min",91093.69,73703.836,61528.633,82392.68,114865.09,99794.7,113474.53
"2687/315.2538mz/5.36min",257102.815,140053.1,48024.17,139571.9,454655.62,374152.53,461818.75
"2689/668.3668mz/5.36min",500697.5735,10607.207,2121.4414,39080.207,1027826.56,962314.94,1690812.5
"2690/452.2766mz/5.39min",84357.2,160407.3,88762.16,200417.27,51997.34,56879.656,79952.24
"2691/285.2071mz/5.4min",138232.25,152769.64,108512.41,168362.36,133025.45,115233.16,143439.05
"2692/313.2383mz/5.4min",1773771.4,1015218.2,762213.25,1679448.4,2148158.2,1868094.4,2019846.2
"2693/314.2417mz/5.4min",286825.025,192678.33,148628.78,224600.75,534525.1,349049.3,385803.7
"2694/381.2645mz/5.43min",285579,435248.75,294600.44,211675.19,597735.7,256985.89,276557.56
"2695/343.2124mz/5.43min",318962.475,181825.06,74055.984,273737.75,412997.66,364187.2,404452.97
"2696/384.1928mz/5.44min",14155.961,34873,13241.266,40442.242,2648.2532,15070.656,2648.2532
"2697/293.1746mz/5.45min",101586.599,22824.98,19671.516,32454.398,215298.78,170718.8,265097.66
"2698/410.3023mz/5.45min",328210.93,413765.38,474277.88,519216.03,213349.66,242656.48,201152.92
"2701/271.1915mz/5.45min",864363.03,361445.2,300504.94,462533.66,1423960.6,1357403.8,1266192.4
"2702/603.1918mz/5.49min",20110.67,100553.35,20110.67,20110.67,20110.67,20110.67,20110.67
"2703/381.2645mz/5.49min",426496.36,482022.44,276716.84,477161.47,586327.2,369385.34,375831.25
"2704/363.1789mz/5.49min",34793.3565,30445.145,31678.523,31524.037,41579.633,37908.19,47923.09
"2705/295.1913mz/5.49min",2255616.5,1926689.5,1409396.6,1976618.8,2694658,2534614.2,2655869.5
"2706/296.1947mz/5.49min",387964.91,331320.88,246252.34,338018.16,466436.56,437911.66,453343.72
"2707/215.1651mz/5.5min",2418982,2952896,2399725.8,3149015.5,2435245.8,2317361.5,2402718.2
"2708/313.2384mz/5.52min",5096762.25,4794601.5,3471448.8,5003185,5269146.5,5190339.5,5689172.5
"2709/293.2122mz/5.53min",85267.872,28422.624,28422.624,28422.624,172190.23,142113.12,186331.94
"2710/285.2071mz/5.55min",238182.9,182442.64,153164.7,237911.64,242767.4,238454.16,257599.98
"2711/290.1186mz/5.55min",138982.96,297711.2,147314.67,320681.06,93605.88,130651.25,80169.89
"2712/311.2228mz/5.56min",2494260.3,2191786.2,1876551,2317404.8,3071577.5,2671115.8,3067934.2
"2713/301.2383mz/5.56min",71455.395,71685.84,44887.465,73001.34,71224.95,71977.71,68097.9
"2714/312.2262mz/5.56min",452845.92,427772.78,317694.84,442725.5,516633.1,462966.34,510151.7
"2717/729.4278mz/5.58min",358388.94,597314.9,659073.6,726018,119462.98,119462.98,119462.98
"2718/775.4336mz/5.58min",545971.406,1088182.9,1143676.9,1344313.5,751.9824,3759.912,751.9824
"2719/765.4046mz/5.58min",191749.764,508688.12,319582.94,388368.56,63916.588,63916.588,63916.588
"2720/313.2384mz/5.59min",7650690.5,9080639,6676161.5,9523663,7709813.5,7421843,7591567.5
"2721/341.2696mz/5.61min",36500.931,30274.04,16572.02,41952.55,34144.832,38857.03,47619.598
"2722/303.2176mz/5.62min",444204.2,383420.78,304375.5,439921.34,882923.44,915528.8,448487.06
"2723/307.1914mz/5.62min",67319.019,50956.938,8182.968,40914.84,152232.75,119395.42,83681.1
"2725/208.0978mz/5.64min",8530.3632,464634.5,2843.4544,2843.4544,89924.42,2843.4544,14217.272
"2726/688.3465mz/5.64min",75113.995,247422.58,92144.1,267964.44,44099.33,58083.89,40541.48
"2727/366.2647mz/5.68min",23225.1588,7741.7196,7741.7196,7741.7196,270849.84,38708.598,39376.76
"2728/424.2469mz/5.61min",662118.25,1128392,976653.8,1276188.9,295669.44,347582.7,251644.55
"2730/257.2122mz/5.67min",45121.707,13896.371,2779.2742,20152.398,70091.016,94825.56,106520.26
"2732/438.2624mz/5.71min",64641.924,21547.308,21547.308,21547.308,112048.11,107736.54,124368.54
"2733/269.2122mz/5.78min",179416.7,105531.89,171834.39,178461.28,269091.97,185678.28,180372.12
"2734/603.1919mz/5.76min",10664.9904,195773,17774.984,129765.55,3554.9968,3554.9968,3554.9968
"2735/339.1634mz/5.73min",200947.3475,58419.355,19684.508,38235.348,451046.3,538436.5,343475.34
"2736/215.1652mz/5.74min",981033.12,905538.25,695930.5,1012107.8,1021862.75,977864.8,984201.44
"2738/366.2648mz/5.74min",237206.85,79068.95,79068.95,79068.95,395344.75,460643.9,443643.6
"2739/391.2853mz/5.74min",503387.22,424081.88,313630.3,490530.1,516244.34,595168.6,658303.56
"2741/285.2071mz/5.75min",344237.795,196513.69,139474.6,259743.06,465023.44,428732.53,432231.47
"2742/527.2426mz/5.76min",93351.265,117859.62,77596.86,53157.21,135695.39,109105.67,59412.516
"2743/491.2662mz/5.76min",740118.06,725984.2,823371.06,731937.06,757464.06,748299.06,640856.44
"2744/243.1964mz/5.77min",86848.6475,32256.61,20899.023,33852.465,139844.83,159333.12,158076.69
"2745/315.2539mz/5.77min",962207.3,994290.56,761130.4,1155390.5,942415.2,937147.06,981999.4
"2746/383.176mz/5.78min",923515.14,2107819.8,1504350.5,2852023,167899.73,342679.78,324872.84
"2747/293.176mz/5.78min",211749.235,176732.55,140441.11,146020.53,262181.12,246765.92,267792.44
"2749/347.1993mz/5.79min",515513.905,1136354.5,834852.25,1705984.1,71548.73,196175.56,160072.16
"2750/229.1808mz/5.8min",2653229.2,3792888.5,2997531.2,4189339.8,2173489.5,2270820.2,2308927.2
"2752/322.1658mz/5.82min",102726.895,454654.22,14927.416,62574.45,142879.34,2985.4832,213420.33
"2753/571.1654mz/5.85min",466558.7,1257212,655342,332088.5,164331.58,601028.9,241626.64
"2754/269.2122mz/5.83min",501677.65,526000.7,511700.3,744949.44,447346.66,472171.6,491655
"2755/438.2623mz/5.84min",1034060.27,45192.2,1504976.9,4907285.5,992875.94,671396.9,1075244.6
"2756/365.2695mz/5.84min",655738.73,737115.25,550010.5,821115.06,574707.9,643502.56,667974.9
"2757/381.2645mz/5.85min",524925.965,547736.1,290189.56,560765.06,497795.84,519334.03,530517.9
"2759/603.1919mz/5.85min",12564.8682,420512.72,20941.447,130288.32,4188.2894,4188.2894,4188.2894
"2760/131.0713mz/5.88min",23116.9875,7099.592,19735.145,27779.94,141166.31,26498.83,16086.546
"2761/390.2397mz/5.88min",8582.607,9978.452,1437.3524,1437.3524,280863.62,27818.209,7186.762
"2762/315.2538mz/5.88min",3184423.25,5300918.5,3915712,5723579.5,2174301.2,2453134.5,2254267.8
"2763/309.2071mz/5.89min",298045.86,246112.11,137326.52,278410.97,354808.8,317680.75,351709.1
"2764/293.2122mz/5.89min",14462990,16981744,12667083,15699618,13527766,14656493,14269487
"2765/361.1995mz/5.89min",579416.45,579760,586592.1,574330.9,504713.25,586440,579072.9
"2766/285.2071mz/5.89min",59514.177,73420.87,33897.504,109177.29,59196.184,59832.17,57656.617
"2767/249.1495mz/5.9min",110567.157,134540.36,148576.67,128696.984,76573.09,92437.33,83276.36
"2768/265.1478mz/5.95min",9002336,5010490,5316541.5,8514779,11235466,9489893,10620202
"2770/347.1992mz/5.83min",199517.844,446869.38,346691.25,974084.9,9087.785,52344.438,29933.516
"2771/337.2054mz/5.95min",5582.0658,1860.6886,1860.6886,2807549.8,1860.6886,9303.443,1402957.4
"2773/383.176mz/5.88min",408893.145,954472.06,667644.9,1095681.8,84381.78,133448.34,150141.39
"2776/297.1527mz/5.96min",597757.23,1187730.9,558555.4,636959.06,249778.02,828208.94,503245.06
"2777/381.2645mz/5.95min",92776.907,96465.69,57753.543,94335.164,90289.49,97284.7,91218.65
"2778/365.2695mz/5.97min",670325.2,752234.2,558242.6,864840.75,554796.3,667214,673436.4
"2779/438.2623mz/5.92min",1743246.635,4324619,3936567.8,2980804.8,362133.78,505688.47,333886.44
"2780/415.2813mz/5.98min",256364.983,574719.3,439529.38,820431.56,60914.766,73200.586,60265.484
"2781/271.2278mz/6.0min",1531944.4,1459926.9,1121663.4,1617769.8,1449907,1603961.9,1672747
"2784/613.3804mz/6.01min",372747.5,593892.56,674624.3,751263.7,103312.74,151602.44,96751.02
"2785/311.2227mz/6.02min",404982,266931.75,167781.89,360361.03,543616.8,449602.97,503858
"2786/239.0673mz/6.03min",239493.025,1887747.8,299495.53,142542.11,179490.52,50419.25,617312.9
"2787/699.381mz/6.04min",39114.162,13038.054,13038.054,13038.054,65191.46,65190.27,65716.9
"2789/341.2695mz/6.08min",40191.587,22150.586,4430.1172,26511.69,53871.484,120561.68,127762.51
"2790/452.2783mz/6.1min",106804.335,24102.227,37470.57,3784.171,242163.17,194733.27,176138.1
"2791/229.1808mz/6.09min",65014.241,74686.42,50031.15,83618.055,59443.04,62563.902,67464.58
"2792/365.2694mz/6.11min",34952.1715,48421.73,29327.133,60434.65,26380.22,35243.14,34661.203
"2793/293.2123mz/6.09min",60308.2265,48740.582,64568.707,167271.95,56047.746,54701.594,91675.02
"2794/337.2054mz/6.15min",2863648.4,5349906.5,3970207,7175572,1380079.1,1757089.8,276015.82
"2795/347.1991mz/6.16min",75495.8275,210046.3,140415.8,249420.12,760.37846,3801.8923,10575.855
"2796/383.1761mz/6.16min",275678.76,664116.4,487254.8,770198.3,10604.507,53022.535,64102.72
"2799/311.2226mz/6.11min",168681.4975,237897.75,84121.375,226789.12,110573.875,69159.55,228646.28
"2800/296.231mz/6.16min",2870273.8,3483629.8,3803238.8,3759440.2,1750491.4,2029715.4,2256917.8
"2801/363.2153mz/6.16min",609750.095,675006.94,762374.2,812625.4,395405.84,544493.25,481795.5
"2802/295.2277mz/6.17min",15470935.5,18086814,19603618,19448428,10243671,12855057,11820308
"2806/448.2736mz/6.17min",744323.32,1165068,1096729.8,1183288.8,268949.9,391916.84,326912.53
"2808/249.1495mz/6.19min",130340.7,26192.207,5238.4414,56208.5,226353.1,325648,204472.9
"2809/699.3811mz/6.19min",418149.48,139383.16,139383.16,139383.16,741302.06,742950.5,696915.8
"2810/452.2781mz/6.21min",1323096,174150.97,194361,1661116.5,1335872.8,1310319.2,1419737.1
"2811/243.1964mz/6.21min",5657803.1,9247052,8882738,10117740,2097671.8,2432868.2,2079821.2
"2812/311.1838mz/6.21min",234768.755,396598.34,527542.94,391940.03,69194.305,77597.48,58086.406
"2814/429.2967mz/6.22min",1084620.04,2466573.2,1821934.8,3266246.8,288134.12,347305.28,287852.8
"2815/271.2278mz/6.24min",133424.32,139073.6,107249.67,141654.14,116339.086,153041.61,127775.04
"2816/571.2889mz/6.29min",2546.6708,2546.6708,2546.6708,2546.6708,2546.6708,12733.354,695056.1
"2817/298.2466mz/6.26min",121578.051,174047.64,119806.016,193716.84,88298.96,123350.086,42658.043
"2818/297.2432mz/6.25min",678262.58,909789.7,712619.6,1027683.06,454203.66,643905.56,504124.66
"2821/201.1132mz/6.25min",30328.122,50546.87,53849.504,52869.1,10109.374,10109.374,10109.374
"2822/227.129mz/6.25min",132343.63,223560.52,218073.17,224521.66,30785.59,46614.09,28803.393
"2823/603.1917mz/6.26min",2473.6056,83745.17,12368.028,2473.6056,2473.6056,2473.6056,2473.6056
"2824/663.2131mz/6.26min",68543.8615,540907.5,228936.16,112763.76,4864.7926,24323.963,4864.7926
"2825/329.2334mz/6.28min",30578.3508,10192.7836,10192.7836,10192.7836,50963.918,56595.324,54248.52
"2826/313.2384mz/6.32min",135627.32,83093.64,53843.375,163042.94,127055.83,144198.81,192043.25
"2827/293.2123mz/6.32min",314104.97,406885.3,209890.6,320791.47,307418.47,282300.88,338821.53
"2828/311.1686mz/6.38min",2809219,3912608.8,2447220.8,2858474,2759964,3497176.8,2514782
"2829/271.2278mz/6.33min",102355.1955,124251.63,103636.266,160083.27,99412.63,100744.74,101074.125
"2830/257.2122mz/6.33min",56547.2105,77725.32,54130.754,92874.57,46020.035,54267.855,58826.566
"2831/437.3118mz/6.34min",297979.38,454169.28,497782.38,498257.3,113079.695,141789.48,106949.375
"2832/269.2122mz/6.42min",49669.896,81279.1,58671.71,88542.86,33018.766,40668.082,35175.234
"2833/394.2727mz/6.35min",112370.795,180374.92,89871.125,104219.96,120521.63,125456.03,100397.88
"2834/297.2434mz/6.36min",2228061.65,2850182.5,2323757.8,2971732.8,1739537.1,2132365.5,2042658
"2835/328.2492mz/6.37min",385671.085,652960.5,498936.2,1016896.3,220208.44,272405.97,259027.95
"2836/343.2853mz/6.39min",44192.7775,56900.977,40073.1,70949.945,32145.01,45312.617,43072.938
"2837/351.221mz/6.48min",7901292.5,14696427,11269482,21156054,3504132.8,4533103,3554301.5
"2838/371.3166mz/6.44min",26453.8365,18322.564,11156.621,30911.56,21996.113,32706.158,48597.63
"2841/243.1964mz/6.44min",691957.93,724601.1,600654.3,794092.5,621827.94,714231.3,669684.56
"2842/271.2278mz/6.44min",254604.745,348845.53,290844.88,398118.62,205067.6,218364.61,209271.66
"2843/293.2123mz/6.41min",115467.028,112524.29,53978.184,43448.504,162559.55,118409.766,152114.78
"2844/469.2571mz/6.43min",190692.97,737394.2,1910304.2,24408.492,150613.64,230772.3,45208.625
"2845/297.2434mz/6.46min",3848291.1,6158206,6461262.5,8070792.5,1121986.4,1507254.8,1538376.2
"2846/452.2782mz/6.46min",4255664.53,9058363,7918479.5,10198748,32629.678,592849.56,163148.39
"2847/257.2122mz/6.51min",2038298,3132429.8,3095564.8,3677736.2,495471.3,536843.1,981031.2
"2848/637.1418mz/6.49min",268919.685,361261.28,275030.03,368398.2,251316.53,198750.92,262809.34
"2850/295.2277mz/6.53min",151422.0325,184644.69,207005.3,248973.83,13907.0625,79066.99,118199.375
"2853/371.3165mz/6.54min",91798.185,77726.87,63742.22,107969.81,84754.9,98841.47,129453.72
"2855/571.2889mz/6.55min",95648.912,95648.912,95648.912,95648.912,682113.2,478244.56,95648.912
"2856/269.2122mz/6.57min",212090.165,261938.55,222713,299108,201467.33,189320.84,176537.75
"2857/295.2278mz/6.67min",206904.495,200902.83,476678.34,393312.56,34389.496,211017.27,202791.72
"2858/701.1544mz/6.58min",181483.635,228548.81,197517.61,232716.75,165449.66,126500.05,151131.34
"2859/299.2591mz/6.58min",717982.95,501373.1,469235.2,509627.3,926338.6,1114613.6,1077421.6
"2861/452.2783mz/6.56min",841567.16,5767367,3397105,1289657.2,393477.12,305787.53,61157.506
"2863/342.2648mz/6.61min",462995.785,727042.3,603878.6,1126337.6,213728.86,322112.97,243799.3
"2864/249.1496mz/6.62min",316661.255,520010.66,222928.84,254568.83,514860.12,256597.61,376724.9
"2865/555.2844mz/6.6min",57057.994,285289.97,336415.84,57057.994,57057.994,57057.994,57057.994
"2867/325.1843mz/6.71min",733286.85,266524.8,658857.9,1104166.5,194322,807715.8,2212845.5
"2868/371.3167mz/6.69min",67190.4485,33575.617,33155.605,52835.957,83427.93,81544.94,102027.47
"2869/269.2123mz/6.66min",488218.125,573877.44,525204.25,667751.8,314590.2,451232,252329.33
"2870/323.2592mz/6.66min",111664.3485,21182.576,47534.008,55880.137,167448.56,245853.81,244658.36
"2872/765.1671mz/6.68min",119800.2975,148558.08,140731.47,141646.8,98869.125,40873.71,91091.49
"2875/301.2384mz/6.69min",898674.6,895786.5,723007.4,1136623.2,901562.7,851714.5,1114484.8
"2876/299.2591mz/6.65min",410074.03,347963.16,277440.06,399964.56,600823.3,423588.8,420183.5
"2877/637.1419mz/6.7min",662971.45,769059.3,526235.3,759290,668096.5,540482.3,657846.4
"2878/257.2123mz/6.7min",629379.53,662710.06,596049,1521442.1,995668.5,574330.3,546258.9
"2879/433.236mz/6.75min",596231,1049380.1,448255.12,617175.56,383358.7,575286.44,2995803.2
"2880/369.301mz/6.7min",321519.55,299203.88,283236.34,370102.5,284141.47,343835.22,425443.72
"2881/371.3168mz/6.73min",91082.915,86547.24,81712.17,111925.83,86140.984,95618.59,116438.1
"2882/555.2844mz/6.69min",41421.178,207105.89,508918.9,41421.178,41421.178,41421.178,41421.178
"2883/342.2649mz/6.74min",480234.8,784702.6,607430,1220759,309234.88,353039.6,317440.72
"2886/701.1544mz/6.78min",735366.98,893275.7,709352.56,871203.4,740349.4,561883.9,730384.56
"2888/483.2728mz/6.81min",436446.02,934022.8,1112058.8,383695.2,22430.87,307824,489196.84
"2889/325.1843mz/6.81min",2206019.85,3299597.2,2096625.2,2315414.5,630270.6,2934714,536896.06
"2890/480.3094mz/6.83min",63792.678,21264.226,21264.226,21264.226,155353.66,127706.625,106321.13
"2891/269.2123mz/6.81min",459855.5,549618.6,448943.34,584803.3,256724.03,470767.66,436894.25
"2892/765.1668mz/6.86min",579642.25,688912.94,618742.3,703540.1,528525.3,420018.94,540542.2
"2893/295.2277mz/6.85min",57574.76,104985.11,70830.92,148791.22,37072.176,44318.6,38892.31
"2894/433.2361mz/6.82min",541205.62,5001189,436721.84,114198.58,789469.94,645689.4,382767.75
"2895/369.3009mz/6.86min",158039.255,143482.9,185680.47,226975.36,93537.55,142038.92,172595.61
"2896/341.2696mz/6.86min",60776.85,21457.436,12205.918,47073.434,74480.266,92591.734,108200.74
"2897/271.2279mz/6.86min",4943329,6763681,7332669.5,7951292.5,3053826.8,3122977,2824218.5
"2898/297.2434mz/6.87min",219338.6875,458242.4,332001.5,487877.3,33916.72,106675.875,98180.875
"2899/315.2539mz/6.88min",145895.265,142151.14,127357.37,185940.64,132833.44,149639.39,177438.89
"2900/637.1418mz/6.88min",180057.315,187570.86,130646.336,190876.34,179378.77,142458,180735.86
"2901/371.3165mz/6.89min",471766.675,468658.6,461467.22,536841.25,474874.75,428293.28,619651.4
"2902/356.2806mz/6.91min",235734.93,319739.22,279977.44,563252,170986.31,191492.42,173857.14
"2906/478.2938mz/6.87min",306886.05,1938997.9,598023.3,511476.75,102295.35,102295.35,102295.35
"2909/329.2697mz/6.93min",493271.7,500789,413291.06,615867.56,465519.4,549190.75,485754.4
"2910/187.1339mz/6.93min",28558.1275,25400.193,18264.584,31716.062,32822.387,57867.703,19593.535
"2911/701.1542mz/6.95min",414029.21,461804.47,366677.6,467376.44,426095.72,353357.9,401962.7
"2912/459.3116mz/6.95min",167004.71,113515.64,93774.695,136280.69,197728.73,268543.06,274362.4
"2914/325.1842mz/6.89min",792620.93,1020458.5,681843.06,327177.22,2099520.2,903398.8,184578.66
"2916/365.2365mz/6.98min",2738735.45,6120090.5,3638269.5,13659625,10409.6455,1390088,1839201.4
"2918/765.1667mz/7.01min",469620.315,557569.6,538227,537218.25,402022.38,236808.1,265311.84
"2919/483.2727mz/6.92min",542961.44,1501637.9,3986153.8,151123.78,417936.88,667986,164523.08
"2922/584.4532mz/7.05min",390339.75,18175.627,84415.5,27663.074,1287885.8,1182612.6,696264
"2923/297.2433mz/7.04min",97887.513,162411.86,151791.94,211389.64,40880.332,43983.086,38698.62
"2927/826.5607mz/7.03min",16015503.5,15281735,21078908,18179234,16749272,2957299.8,615780.6
"2928/315.2539mz/7.01min",34464.3785,22990.432,32309.902,49228.13,36618.855,30144.71,77886.36
"2929/271.2279mz/7.07min",8457600.75,7714282,8276757.5,9648310,7683779.5,8638444,9306950
"2930/371.3165mz/7.08min",572538.44,499092.75,511856.88,597032.94,548043.94,618347.6,734817.06
"2933/329.2696mz/7.1min",705390.15,617250.3,600745.25,842242.06,731128.1,784541.56,679652.2
"2934/677.4874mz/7.1min",234961.836,78320.612,78320.612,78320.612,520748.53,447582.4,391603.06
"2935/285.2434mz/7.1min",762017.8,755721.7,891767.8,923769.25,725505.8,768313.9,679969.75
"2937/365.2365mz/7.13min",2254900.15,10502022,7828799,405313.5,2026567.5,2483232.8,405313.5
"2939/328.2938mz/7.14min",1490298.45,1446959,1392703.8,1557345.5,1395974.6,1613263.6,1533637.9
"2940/427.2154mz/7.14min",221285.415,149147.17,219236.16,250145.33,207898.02,223334.67,249321.42
"2943/327.2904mz/7.14min",6945707,6768945.5,6426103,7200450.5,6498801,7500921.5,7122468.5
"2944/134.8946mz/7.14min",2148957.85,3108244.8,1540898.1,1927677.5,2200590.2,2097325.5,2203020
"2946/473.327mz/7.15min",302050.41,204992.48,180456.88,266226.7,337874.12,378182.6,380243.16
"2947/373.2958mz/7.16min",416965.52,497124.53,458954.94,663050.56,286087.88,374976.1,277488.72
"2948/285.2435mz/7.16min",1258681.05,1285894.5,1558532.9,1607044.6,1231467.6,1174219.2,1056543.6
"2949/443.3166mz/7.18min",79350.915,82021.51,76680.32,108127.13,63086.812,91636.72,74901.99
"2950/343.2852mz/7.17min",127118.6,161665.36,147871.39,237837.81,106365.81,102723.04,63137.89
"2951/299.2591mz/7.2min",129735.102,124436.97,134437.22,162080.95,140271.86,125032.984,114359.41
"2955/397.3321mz/7.24min",218466.725,191113.34,200637.45,239800.95,195406.56,236296,240063.56
"2956/409.2358mz/7.19min",291827.515,2542123,518053.9,142037.52,351698.53,65705.516,231956.5
"2957/297.2434mz/7.24min",296437.295,150155,130783.53,207347.12,482531.44,437361.4,385527.47
"2958/480.3093mz/7.29min",114507.92,114507.92,114507.92,3050741,114507.92,114507.92,572539.6
"2959/655.4429mz/7.26min",1278295,1150815.2,1300879.8,1461185.9,1010074.8,1255710.2,1373256.5
"2960/586.4689mz/7.27min",425113.52,191670.67,444386.16,256293.5,649306.56,590107.75,405840.88
"2961/339.1998mz/7.28min",519439.96,2273242.5,601455.2,437424.72,310557.8,2148870.8,291410.3
"2962/455.3147mz/7.33min",57969.06,71551.08,147019.83,44387.04,30824.652,121067.2,39924.215
"2963/341.2696mz/7.31min",551946.62,486417.66,572596.3,685339.06,531296.94,575803.9,436347.1
"2964/494.3961mz/7.33min",268940.4465,493016.16,616140.3,478961.62,58919.273,45257.746,37291.477
"2965/621.4007mz/7.33min",16648.3908,38569.33,75412.31,27747.318,5549.4636,5549.4636,5549.4636
"2966/397.3321mz/7.32min",2231202.35,1901123.9,3083972.2,3057392.2,1620171.2,2103375.5,2359029.2
"2969/409.2357mz/7.27min",195936.0125,841343.25,284280.9,49303.895,1085633.4,107591.125,65924.69
"2971/354.3009mz/7.35min",72896.6565,101195.7,162703.98,142989.98,40405.938,42943.67,44597.613
"2972/285.2434mz/7.36min",633669.25,634000.3,755172.9,809796.9,621837.75,615699.9,633338.2
"2973/391.2829mz/7.36min",219845.825,129565.56,208472.81,199983.95,333656.7,231218.84,291454.53
"2974/369.3008mz/7.36min",4032425.6,2657640.2,2656233.2,3404753.2,5405544.5,4660098,6092005.5
"2975/313.2748mz/7.37min",592969.825,586387.5,623406.56,699630.75,595022.4,590917.25,488321.5
"2976/469.2259mz/7.36min",88471.96,27405.738,50116.727,68730.64,127700.63,108213.28,176567.72
"2977/457.3327mz/7.39min",97969.3825,89899.38,101448.89,121239.87,94489.875,93193.61,109375.67
"2978/353.3059mz/7.39min",81877.27,88881.22,147345.58,153158.67,44602.215,74873.32,68519.484
"2981/341.306mz/7.4min",1106822.7,1100583.6,1113061.8,1119365.6,1089741,1043609.75,1238654.4
"2984/343.2852mz/7.42min",15963914,14956328,15236997,17907896,16779692,16690831,14471198
"2985/443.2105mz/7.42min",286504.11,259488.7,223156.17,357507,307485.56,265615,307393.22
"2986/455.3126mz/7.42min",856509.155,615890.06,921230.6,914164.25,936418.9,798854.06,612291.3
"2987/426.2078mz/7.42min",54111.555,30928.97,150167.17,77655.81,77253.55,30969.56,6758.433
"2989/297.2434mz/7.43min",810685.05,785872.5,896296.8,899818.75,835497.6,701097.44,695952.1
"2990/339.1998mz/7.36min",418293.7,815018.7,325172,127058.625,1147953,511415.4,61907.156
"2991/497.2884mz/7.42min",3614.0818,222181.6,658287.2,708.7898,3684.2146,3543.949,708.7898
"2992/339.254mz/7.44min",811551.875,682594.5,483399.78,659434.75,967121.75,1150938.4,940509.25
"2994/299.259mz/7.44min",1229333.6,1151157,1397361.4,1441951.6,1307510.2,1053117.9,1125389.8
"2995/443.3165mz/7.45min",211337.93,176063.52,200435.25,245705.69,218212.98,204462.88,218606.81
"2996/467.2777mz/7.49min",12016.694,12016.694,60083.47,305252.9,12016.694,12016.694,12016.694
"2997/480.3093mz/7.45min",45762.54,15254.18,1128858.2,9819075,15254.18,15254.18,76270.9
"2998/742.5033mz/7.42min",229225.205,1159330,96245.16,362205.25,696667.9,1005.3707,5026.8535
"2999/134.8946mz/7.44min",3751597.5,6805906,2867674.8,3819326.2,3905173.5,3662644.5,3683868.8
"3002/600.4845mz/7.45min",210512.8,111960.21,239662.4,136240.08,373469.3,233875.62,187149.98
"3003/435.2514mz/7.41min",52163.158,755894,62717.64,9199.641,71971.336,41608.676,15692.279
"3004/457.0818mz/7.45min",163514.33,332100.56,123084.05,259595.7,141318.61,149139.94,177888.72
"3006/419.1082mz/7.46min",525992.56,540221.9,488354.34,715289.94,479292.84,511763.22,642624.94
"3007/421.1052mz/7.46min",681119.7,692632.6,634140.2,931157.44,622492.25,669606.8,829439.1
"3008/354.3012mz/7.49min",265744.67,286996.28,358761.44,351806.7,244493.06,242248.25,232326.25
"3010/637.4322mz/7.52min",163591.872,272653.12,372581.1,360635.34,54530.624,54530.624,54530.624
"3011/653.3015mz/7.46min",125208.935,228829.55,90344.12,42789.953,380762.5,160073.75,8557.9906
"3012/411.3478mz/7.55min",427148.17,320841.5,695591.1,620806.75,280528.44,356768.56,497527.78
"3014/455.3164mz/7.55min",113774.52,87241.625,101343.26,113338.17,129158.87,114210.87,136986.72
"3015/383.3166mz/7.59min",245861.955,121965.03,245750.14,292622.72,397828.5,134462.11,245973.77
"3016/313.2748mz/7.6min",2990831.5,3202257.2,2963791.5,3653007.5,2615597.8,3017871.5,2828622.5
"3017/481.3532mz/7.61min",260980.75,298348.9,295734.1,226227.4,355665.3,219421.03,207826.36
"3020/134.8946mz/7.62min",7145006,2739101,6657594,8633210,7291349.5,9166666,6998662.5
"3021/299.259mz/7.63min",5385341.25,4691099,6366665.5,6637710,5416365.5,4662247.5,5354317
"3022/399.348mz/7.63min",367405.56,381841.4,499068.53,327946.6,610623.94,257063.38,352969.72
"3024/402.3012mz/7.64min",640700.05,703998.1,969496,1123439,577402,401549,465953.8
"3027/508.4117mz/7.64min",341060.385,614392.7,892625.6,822870.94,39175.715,20242.121,67728.07
"3029/838.4337mz/7.64min",28556.6445,22032.354,34011.863,104849.61,4406.4708,1710616,23101.426
"3032/675.5446mz/7.64min",459321.2,459321.2,459321.2,459321.2,2296606,459321.2,459321.2
"3033/471.2418mz/7.65min",263671.775,173894.77,330130.47,281815.53,316529.94,169548.55,245528.02
"3035/453.2523mz/7.65min",483837.22,387042.75,495193.56,513776.34,483415.97,401668.7,484258.47
"3036/653.3016mz/7.6min",3760.8254,3760.8254,18804.127,3760.8254,570002.4,3760.8254,3760.8254
"3038/455.247mz/7.65min",10129970,8069882,10288768,10505018,10446014,8148065,9971172
"3040/368.3167mz/7.65min",1474276.7,1450270.6,1949165.1,2300816.5,1498282.8,961942.7,999699.1
"3041/771.3909mz/7.65min",305701.425,598135.4,2391.1064,35373.65,11955.532,853424.7,576029.2
"3043/749.3497mz/7.65min",621549.43,350740.28,584500.3,571709.75,811576.25,658598.56,695476.2
"3046/738.5086mz/7.65min",1874415.25,1957715.1,1791115.4,2130435.8,20096.053,12318008,1761543.5
"3048/357.328mz/7.65min",2076915.7,1893309.1,2449812.5,2450424,2153509.2,1491026.4,2000322.2
"3049/457.3322mz/7.66min",2298515,1855412.2,2084837.9,2440192,2865344,2181381.2,2415648.8
"3050/423.3092mz/7.66min",774763.2,622581.75,1061218.4,899910.3,990113.44,381407,649616.1
"3051/355.3217mz/7.66min",67645948,61722256,79839096,79596990,70015680,48754148,65276216
"3052/857.5183mz/7.66min",42951.756,42951.756,214758.78,42951.756,42951.756,42951.756,1479794.9
"3054/356.325mz/7.66min",16260601.5,14843528,19315196,19124466,16942810,11777369,15578393
"3058/751.3466mz/7.66min",851648.37,239852.28,806728.8,771415.75,1116992.6,896567.94,978562.5
"3059/861.5491mz/7.67min",12234.633,19926.564,908.5404,62138.54,4542.702,908.5404,1292836.1
"3061/544.4218mz/7.66min",284351.28,90643.52,175762.06,129004.164,840875.6,428424.06,392940.5
"3065/833.5187mz/7.67min",6866054.5,11356472,1887943.5,11277634,5089293,1977105.5,8642816
"3067/497.2882mz/7.67min",117814.8875,671664.5,766850.8,3547.1318,158831.4,76798.375,709.42636
"3069/391.2984mz/7.67min",1381987.2,1344561.6,1657785.4,1419412.8,1831773,1161854.1,989637.56
"3070/387.1628mz/7.67min",546234.33,524280.66,500218.75,576590.1,660031.9,568188,472878.3
"3074/758.4976mz/7.67min",370063.59,246974.81,335284.34,404842.84,21273.578,2578041.8,2500018.2
"3077/313.2748mz/7.64min",1490707.9,2580067.5,492286.44,603153.6,463201.7,2538896.2,2378262.2
"3079/343.2853mz/7.67min",838699.73,825950.56,851448.9,976834.1,1118228.8,784982.44,633544.6
"3081/313.2384mz/7.68min",330232.56,431061.5,594697,339502.56,320962.56,185376.7,240138.42
"3083/480.3094mz/7.68min",1256784.45,136878.05,15148057,14125590,27375.61,1435683,1077885.9
"3085/351.1864mz/7.68min",3082289,2717554.2,3087382.2,4076541.5,3077195.8,2930323.2,3223356.2
"3089/766.503mz/7.68min",751484.38,4174174.8,2457522.8,875963.06,332523.6,373857.03,627005.7
"3091/397.3321mz/7.68min",569293.565,444679.5,744487.06,705665.06,649339.6,408221.28,489247.53
"3093/731.486mz/7.68min",641994.05,706823.5,64540.363,577164.6,714731.2,328804.44,1083150.8
"3094/745.5013mz/7.68min",305668.315,3260.1594,16300.797,421907.88,2395368.8,796197.06,189428.75
"3095/713.4765mz/7.67min",590621.54,1049061,32690.814,872346.7,998164.6,308896.38,114412.555
"3096/742.5031mz/7.68min",1418894.15,7944074,1696768.4,1141019.9,4604989.5,15242.185,749332.7
"3098/354.1869mz/7.68min",341243.86,276760.62,358105.03,466603.66,346530.6,335957.12,222552.73
"3102/769.5015mz/7.68min",631823.14,13193354,127080.75,41560.047,1036084.56,227561.72,1091900.1
"3103/473.2823mz/7.68min",4990601,10095334,2977614.2,5393519,595522.84,7110045.5,4587683
"3106/409.236mz/7.68min",162898.23,1036159.3,194122.8,104234.09,451540.62,123472.3,131673.66
"3109/771.5144mz/7.68min",51474.965,62564.18,22219.936,40385.75,2443763.2,81990.8,22513.832
"3111/116.9285mz/7.68min",51552596,45633480,54282720,59195636,51613724,44885084,51491468
"3112/325.1842mz/7.68min",462406.98,496731.12,328031.9,523053.9,399030.38,428082.84,584723.4
"3113/117.9286mz/7.68min",5902717.25,5241524,6220592.5,6675998,5874423,5132414.5,5931011.5
"3114/339.1998mz/7.68min",377562.74,433892.25,308739.53,387059.2,946433.6,368066.28,354734.12
"3115/671.466mz/7.68min",4335581,7202847,1243477.2,2152367.5,1907927.9,7728815.5,6518794.5
"3116/695.4658mz/7.68min",2002426.45,5445293.5,399860,1479253.4,803946.25,5385689,2525599.5
"3119/729.4703mz/7.69min",367783.595,705849.25,631430.25,7197.1636,1439.43272,104136.94,2361206.5
"3120/355.1583mz/7.69min",5038332.25,4601820,5685776.5,5665605,5474844.5,4419955,4078902.5
"3121/356.1603mz/7.69min",1175798.55,1052542,1308021.6,1314614.2,1299055.1,1006471.94,928334.5
"3122/419.1083mz/7.69min",239334.31,200757.89,237903.48,336883.28,240765.14,226699.05,258314.25
"3127/114.9341mz/7.69min",2651728.8,2337688.2,2751469.8,2943546.8,2641032.8,2318121.2,2662424.8
"3129/118.9268mz/7.69min",1456684.55,1216487.1,1458561.2,1695729.1,1464835.6,1210123.2,1454807.9
"3132/435.2517mz/7.68min",64932.375,604808.56,74925.945,25565.14,242420.9,54938.805,47876.484
"3134/421.1052mz/7.69min",326914.77,253550.97,320348.44,450384.38,333481.1,286285.53,335062.97
"3135/285.2071mz/7.69min",237533.255,215809.73,346249.28,326577.3,259256.78,156032.55,158389.19
"3137/579.3302mz/7.68min",247376.015,593291.4,380888.75,113863.28,46588.766,636530.8,91906.16
"3138/327.2904mz/7.69min",9434347.5,8525813,10654043,12037253,10342882,7969203.5,6801252.5
"3141/467.2777mz/7.68min",147059.1215,792713.4,241465.27,751232.1,2861.5928,52652.973,14307.964
"3142/321.2104mz/7.68min",179394.985,776165.1,196634.78,100256.26,20051.252,615923.25,162155.19
"3145/443.3165mz/7.7min",191404.305,151567.92,195988.53,186820.08,287806.5,178895.78,243081.52
"3147/323.2591mz/7.7min",779145.45,883371.1,1175408.9,1588887.8,674919.8,627511,524827.3
"3148/132.9234mz/7.7min",1260555.8,1127259.9,1307456.4,1400259.5,1213655.2,1019364.5,1551909.1
"3151/459.3116mz/7.71min",1015312.03,927769.06,871242.7,1418510.5,911635.1,1102855,1384155.4
"3153/133.0142mz/7.69min",31407.0105,10818.891,3149.961,3997.0256,377755.5,189603.98,51995.13
"3154/144.9234mz/7.71min",5652036,5759917,5785280.5,8345768,5544155,4773622,2256551.2
"3155/115.9207mz/7.71min",28782159,38329424,29646234,30171152,27918084,24829482,25774122
"3158/113.9262mz/7.72min",1446231.1,1932085.8,1536486,1557827.5,1355976.2,1298209.2,1340297.6
"3159/441.322mz/7.72min",378594.28,232077.47,251014.55,357067.28,421563.44,538386,400121.28
"3160/371.3166mz/7.72min",243578.88,208654.56,292595.34,332701.88,278503.2,129579.23,204755.58
"3161/99.9258mz/7.71min",4143874.35,3567221,6015595,3554203.5,3578839.2,29871356,4708909.5
"3162/473.3264mz/7.72min",113933.9525,7066.1997,114131.945,94074.51,250754.38,113735.96,225658.73
"3163/637.4333mz/7.74min",53424.94015,99608.29,143238.36,131320.02,3336.2908,3162.6445,7241.5903
"3165/134.8946mz/7.74min",9436135.25,8013436.5,11290804,10858834,12267164,4139131.5,7634040.5
"3168/461.3636mz/7.77min",108404.995,66478.02,104974.05,80504.22,189025.3,143231.12,111835.94
"3169/381.1738mz/7.78min",152107.665,201746.69,183669.77,336224.56,120545.56,63184.39,75887.56
"3170/397.3321mz/7.81min",1470102.85,1203114.9,1424807.2,1515398.5,1960631.8,1012032.5,1875519.5
"3171/381.3373mz/7.82min",176189.005,84911.77,146205.36,159852.39,192525.62,276536.97,290365.5
"3173/473.2823mz/7.78min",2333724,4271062.5,1793138.8,53776.32,8462226,2874309.2,3787.8384
"3174/396.2178mz/7.84min",13498.3532,13498.3532,13498.3532,13498.3532,67491.766,13498.3532,13498.3532
"3175/327.2904mz/7.9min",174439.61,182127.06,186567.48,293159.16,166752.16,123815.2,87281.984
"3176/313.2748mz/7.87min",391665.34,373427.78,451148.72,486683.47,331783.25,343381.97,409902.9
"3177/480.3094mz/7.8min",1652357.22,6309818,2912982.5,4296481.5,10856.67,391731.94,54283.35
"3179/369.3372mz/7.88min",1270997.85,1239236.2,1399158,1400571,1176349.2,780595.1,1302759.5
"3180/637.4324mz/7.92min",223290.575,239711.81,297610.56,333319.34,171918.8,154443.73,206869.34
"3181/580.2347mz/7.9min",269145.882,1621473.9,448576.47,606951.94,89715.294,89715.294,89715.294
"3182/469.3321mz/7.92min",259227.655,601787.6,316106.06,40469.85,202349.25,40469.85,583243.3
"3184/327.2904mz/7.94min",345976.44,213316.55,458937.47,488938.8,390756.66,301196.22,237275.16
"3185/554.4789mz/7.94min",456179.595,38616.977,110295.75,58722.79,1855765.8,888329.06,802063.44
"3186/353.2696mz/7.97min",629864,450958.94,506518.9,563019,863610.5,696709,858462
"3187/441.203mz/7.99min",17026.386,17026.386,17026.386,85131.93,346519.9,17026.386,17026.386
"3188/461.3272mz/8.0min",299946.47,295972.53,297892.38,366200.34,297796.56,302000.56,366857.25
"3189/411.3478mz/8.01min",111654.852,93782.33,114922.04,108387.664,121115.805,45680.617,118353.93
"3192/371.3165mz/8.04min",587025.77,522441.2,695712,711872.3,502687.88,621853.94,552197.6
"3195/603.1919mz/8.14min",198548.185,308836.72,180163.53,25306.09,149398.2,325760,216932.84
"3196/473.327mz/8.09min",349969.625,223557.47,248158.75,353803.22,867094.44,380321.5,346136.03
"3199/427.2154mz/8.09min",251072.615,185731.67,556908.9,422717.22,316413.56,137755.64,160614.2
"3200/483.2781mz/8.09min",268806.875,220497.33,511506.1,444758.3,291804.72,60867.66,245809.03
"3202/383.353mz/8.09min",4597249.75,4438981,6332643.5,5698003.5,4755518.5,1988808.1,4193883
"3203/327.2904mz/8.11min",8120434,7169550,11719007,10955779,9071318,5757444,6475685
"3204/395.3528mz/8.11min",191502.015,177543.67,333747.84,339739.16,205460.36,137018.98,154788.66
"3205/572.4535mz/8.13min",189126.485,68408.21,266994.75,153802.55,567040.56,184437.67,193815.3
"3207/673.4097mz/8.12min",639105.2,584161.6,846270,920582.06,623530.9,285719.47,654679.5
"3208/481.3532mz/8.13min",479968.625,242042.53,531095.25,426962.8,1343854.5,611761.6,428842
"3210/371.3165mz/8.12min",344996.43,174183.34,383125.8,326621.2,363371.66,422672.6,116329.09
"3211/461.3273mz/8.13min",484597.75,445171.25,540320.2,524024.25,775107.5,347569.1,115357.04
"3212/508.364mz/8.13min",1082190.9,818660.25,1292175.4,708953.94,3128213,1314098.4,872206.4
"3213/861.5489mz/8.14min",15585.069,27412.264,751.5748,125846.61,3757.874,751.5748,1643190.4
"3220/833.5187mz/8.14min",5202624.75,7251766.5,1624388.5,6883247,3666873.5,583471.25,6738376
"3221/397.3321mz/8.14min",663682.875,484623.62,856915.5,798761.5,1164814.2,493718.2,528604.25
"3223/397.2958mz/8.08min",169487.935,164827.39,174148.48,53683.312,692541.4,216360.69,10736.6624
"3224/589.4507mz/8.14min",849886.8,849886.8,849886.8,849886.8,4249434,849886.8,849886.8
"3225/603.4659mz/8.14min",369389,369389,369389,369389,1846945,369389,369389
"3230/729.47mz/8.14min",222487.625,1133779,1497405.6,68068.69,7727.802,33482.152,376906.56
"3232/766.503mz/8.14min",679513.97,2939648,2053699.4,766848.5,93993.52,306999.75,592179.44
"3233/339.1997mz/8.14min",531323.22,796795.06,440256.2,514967.88,480232.2,654260.2,547678.56
"3234/114.9341mz/8.14min",1655548.1,553791.4,2837923.2,2686108.2,2301373,867444.7,1009723.2
"3235/118.9268mz/8.14min",889189.73,308368.8,1569713.8,1469705.2,1224071.9,474333.38,554307.56
"3236/674.4839mz/8.14min",392005.73,875480.8,326989.78,387605.34,396406.12,301710.34,980859.6
"3237/770.5035mz/8.14min",218331.077,1021558.5,24609.184,3065.4229,412052.97,21712.818,908415.9
"3238/857.5183mz/8.14min",4483.2594,4483.2594,22416.297,4483.2594,4483.2594,4483.2594,2476650
"3241/742.5032mz/8.14min",1043050.625,4306514,1376294.5,636557.1,3036791.5,3440.0479,709806.75
"3245/657.4504mz/8.14min",213916.54,843437.94,43580.938,117356.83,69312.25,310476.25,327874.56
"3249/769.5024mz/8.14min",877331.245,2275906.5,146204.39,41627.34,1608458.1,36880.953,2097470.2
"3250/383.1895mz/8.14min",2877041.5,2427951.2,4041960.5,3326131.8,3967337.2,2047880,1914040
"3251/713.4764mz/8.14min",770466.935,1067252.9,271135.4,1252274.1,1565584.8,473680.97,285520.44
"3252/671.4661mz/8.14min",13336585.25,19427176,4620358,8158236.5,7015810.5,18514934,19563198
"3253/695.4659mz/8.14min",4362177.75,9814745,1290872.5,4297574,3224194.8,7937686,4426781.5
"3254/480.3095mz/8.14min",1621454.8,6155272.5,2991166,4708523.5,50348.72,251743.6,50348.72
"3257/117.9286mz/8.14min",3685458,255993.14,6225463,6071532,5130931.5,1934587.2,2239984.5
"3258/771.5145mz/8.14min",44252.929,4195.6036,31453.213,20978.018,3091202.8,57052.645,360472.62
"3259/325.1842mz/8.14min",1044932.5,1059712.9,994811.4,1078889,676452.3,1030152.1,1559775.6
"3260/699.4958mz/8.14min",382335.15,1180235.2,221073.19,443410.7,219629.23,321259.6,1310395
"3262/745.5016mz/8.14min",297549.47,17213.6032,86068.016,287025,1171233.1,1165556,308073.94
"3263/731.4861mz/8.14min",692773.5,703871.4,241624.5,681675.6,1084206,378807.12,2473707.5
"3264/283.2642mz/8.14min",188726.205,79059.7,285847.47,237085.25,326287.56,140367.16,124923.96
"3268/132.9234mz/8.15min",1827963,2115976.2,2507335,785522.4,1983232.5,1672693.5,1039888.3
"3269/353.306mz/8.14min",1887310.3,1338413.1,2771311.5,2436207.5,3016420.8,980485.2,1075904
"3270/384.1918mz/8.14min",749546.5,635715.2,1050644.5,863377.8,1038713.06,522180.84,494851.2
"3271/563.3356mz/8.14min",535786.125,694237.5,420495.78,541557,298254.47,530015.25,926239
"3272/714.5092mz/8.14min",1211521.75,399293.5,1828477.1,1678886.2,229461.78,12821833,744157.3
"3273/117.919mz/8.14min",746013.35,493053.12,1858191.6,5262363.5,304722.72,647318.6,844708.1
"3274/771.3909mz/8.14min",1032994.15,1629796.8,123284.32,436191.5,210483.33,3280755,2064104.6
"3275/311.1686mz/8.14min",1053061.82,1145279.2,912317.9,1428502.5,796547.44,960844.44,1605211.6
"3276/113.9263mz/8.14min",5966252,6389674.5,3347579.5,8945522,2778031,6220418,5712086
"3278/495.3512mz/8.14min",95804.898,159674.83,31934.966,329542.75,31934.966,31934.966,1600825.2
"3279/737.4768mz/8.14min",31566.797,11170.305,28666.344,34467.25,2234.061,226863,572082.7
"3281/115.9207mz/8.14min",117235682,122135520,63775636,171636080,52969620,120375864,114095500
"3283/590.446mz/8.14min",396266.94,224311.94,568221.94,1263024.1,23056.58,1514670.4,115282.9
"3284/99.9258mz/8.15min",18703105.5,3368625,38313276,3828257.5,34226216,5095541,32310670
"3289/445.3322mz/8.14min",448998.68,219034.81,612239.5,540046.7,860052.2,300463.72,357950.66
"3290/144.9234mz/8.15min",17089600,12255244,13274350,29886804,10969538,20904850,21967712
"3294/463.343mz/8.16min",444522.45,223576.77,932682.3,1080660,454216.8,346898.75,434828.1
"3296/461.3636mz/8.16min",594429.015,322841.94,883725.8,706701.5,1251349.6,438602.38,482156.53
"3297/475.3427mz/8.17min",1491005.25,1187734,1794276.5,3122266.5,737061.7,1054546.2,1993056
"3298/383.3166mz/8.18min",448272.28,283120.5,740073.44,613424.06,671999.44,51293.96,256469.8
"3300/399.3479mz/8.18min",235862.13,200749.64,493662.3,441923.38,270974.62,110306.77,130469.75
"3301/134.8946mz/8.15min",605364.56,548169.25,2668034,621609.56,2422323.2,589119.56,302047.75
"3303/385.3323mz/8.25min",445260.2,444439.78,685785.5,683349.1,446080.62,386198.12,398874.44
"3304/397.3685mz/8.29min",106641.37,109691.48,161912.88,155640.19,103591.26,21129.879,79641.88
"3306/607.4217mz/8.29min",363385.38,605642.3,955864.56,770633,121128.46,121128.46,121128.46
"3308/341.3059mz/8.29min",1045584.15,972502.9,1279181.2,1223967,1118665.4,853120.44,922304.4
"3310/411.3478mz/8.29min",138893.83,71822.33,153779.39,110421.14,203682.97,138485.36,139302.3
"3311/115.9207mz/8.26min",28030148,11543866,30206752,31505660,80321370,22352330,25853544
"3312/132.9234mz/8.27min",845411.65,1044084.6,495502.94,999551.1,2243961.5,520166.97,691272.2
"3313/589.451mz/8.29min",1272099,1272099,1272099,1272099,6360495,1272099,1272099
"3314/729.471mz/8.27min",93965.85035,939673,473506.44,8169.7007,1633.94014,1633.94014,179762
"3315/742.5035mz/8.27min",194883.415,596566.8,252167.33,137599.5,553532.25,21593.27,107966.35
"3318/144.9234mz/8.28min",6042564.5,5967187.5,6494813,6117941.5,13628423,4630504,5577351.5
"3319/731.4861mz/8.29min",259973.135,371500.75,48674.215,57837.562,324037.75,195908.52,740468
"3320/590.446mz/8.25min",533652.39,1547029.8,715619,351685.78,70337.156,1058574.8,70337.156
"3321/771.391mz/8.3min",531916.55,659619.3,193255.28,404213.8,276898.2,1589354.1,710639.25
"3322/619.4216mz/8.34min",167915.64,279859.4,445706.38,365633.25,55971.88,55971.88,55971.88
"3323/381.301mz/8.35min",5401851.5,3543992.8,5301849.5,5501853.5,7187753.5,3482093.8,7126644
"3324/355.3217mz/8.35min",80373.0025,94359.2,96896.55,89266.38,71479.625,7003.2617,69320.68
"3325/411.3842mz/8.4min",273724.265,251558.33,385337.12,312580.16,295890.2,144693.72,170811.36
"3326/325.1842mz/8.41min",392825.23,393034.06,392616.4,271914.4,191308.19,587572.06,442126.97
"3327/729.4707mz/8.44min",39558.3665,2111411,627614.7,32524.85,6504.97,6504.97,46591.883
"3330/766.503mz/8.38min",110521.355,298903.9,537068.7,180099.89,2137.2956,40942.82,10686.478
"3332/311.1686mz/8.41min",367612.99,447754.6,307969.3,221417.89,331201.88,404024.1,437355.2
"3333/144.9234mz/8.43min",4946390.5,17107590,4941224.5,3208099,1710486.1,4951556.5,5092269
"3335/106.041mz/8.42min",66403.492,7695.1484,650768.56,82681.664,28199.871,50125.32,99442.56
"3339/132.9234mz/8.44min",952416.42,1084282.9,2224106.2,1225672.1,146107.9,820549.94,801050.3
"3341/399.3478mz/8.43min",4707224.9,5579470,11553458,11104709,3834979.8,2483218.5,2711876.2
"3343/409.3323mz/8.45min",75533.3285,49414.617,151230.03,140046.39,101652.04,6926.4726,34632.363
"3346/355.3217mz/8.47min",7899363.75,7343119.5,11038533,10751071,8455608,6214339,7043390
"3347/455.2469mz/8.47min",421993.61,302340.66,659763.25,541646.56,656792.5,148101.03,170735.1
"3348/711.6509mz/8.46min",102071.3575,90701.055,205162.6,274751.3,113441.66,58478.625,89507.37
"3349/99.9258mz/8.49min",7318777.5,36172896,7771783,38520380,6865772,5164225,5171583.5
"3350/621.4371mz/8.48min",515171.617,996135.8,1391837.9,1131825.5,34207.434,7434.8115,17768.045
"3351/742.5475mz/8.49min",683692.39,521445.72,1325019.6,1020490.9,845939.06,435185.94,403625.06
"3352/382.3407mz/8.5min",1928691.45,1636235.5,2428263,2189284,2721575,1651684.8,1668098.9
"3353/763.6824mz/8.5min",151495.725,113207.53,237345.38,153663.62,328109.5,109857.51,149327.83
"3354/481.2625mz/8.5min",334490.56,255056.62,568251.1,413924.5,905918.8,196258.58,168891.62
"3355/381.3374mz/8.5min",7681314.5,6595099.5,9607621,8729937,10486780,6589343,6632692
"3356/604.4634mz/8.54min",60165.5875,114427.58,1180.719,889747.06,5903.595,1180.719,6173376.5
"3359/769.5005mz/8.47min",55687.88265,108148.09,3227.6753,645.53506,326423,645.53506,569654.9
"3361/271.1915mz/8.52min",489270.63,288238.56,1051881.2,690302.7,743322.94,272460.7,282992.3
"3362/559.4005mz/8.53min",90268.71,65164.03,91648.81,83116.516,456230.97,88888.61,182720.8
"3363/411.3479mz/8.52min",310831.71,230603.48,641118.6,514847.3,391059.94,28121.078,140605.39
"3364/287.1864mz/8.53min",40035.306,13345.102,123645.55,72108.25,66725.51,13345.102,13345.102
"3365/495.3513mz/8.53min",253020.72,264856.84,483282.78,241184.6,15440.269,2461545.5,12821.044
"3366/106.0411mz/8.55min",65670.9685,9464.734,575868.25,82681.664,18309.273,48660.273,148183.61
"3367/395.3165mz/8.52min",304808.595,196717.36,378797.62,349233.44,413049.94,116129.38,260383.75
"3369/655.4583mz/8.57min",268672.025,222107.45,406695.47,259281.95,450507.88,278062.1,213973.56
"3370/413.3635mz/8.61min",1596209.3,1963397.4,4618092.5,3292970.5,1229021.2,757595.56,666211.2
"3372/469.2625mz/8.63min",205077.77,134520.14,442292.9,275635.4,295929.06,51599.152,36098.098
"3373/739.6825mz/8.64min",101821.411,144584.42,412477.25,272155.62,59058.402,28598.736,35776.51
"3374/369.3374mz/8.64min",4796652.75,5334660,9552195,7671053,4258645.5,3185644,3345388.2
"3375/395.353mz/8.66min",2291947.85,2002250.5,3377125.8,2743973,2581645.2,1851729.5,1685773.9
"3376/285.2071mz/8.66min",117829.55,41281.71,470932.78,284241.1,164711.55,70947.55,42969.586
"3377/591.4298mz/8.71min",3498.9204,1166.3068,1166.3068,1166.3068,5831.534,2111214,105387.25
"3378/409.3323mz/8.67min",7465046,6548908,10276738,9799880,8381184,2388246,5843108.5
"3379/383.3533mz/8.69min",61772.29,75734.3,159351,111023.87,47810.28,3938.1438,19690.719
"3383/481.4262mz/8.75min",62188.834,37201.688,65244.688,56339.633,165248.33,79374.555,59132.98
"3384/437.3636mz/8.76min",35074.239,31550.988,126838.914,120114.07,38597.49,6310.1976,6310.1976
"3385/427.3791mz/8.79min",878963.42,1170321.4,2786155.5,2077763,587605.44,354814.28,302673.25
"3386/483.2783mz/8.81min",353552.17,247022.4,673116.56,460081.94,482456.94,107455.75,62212.31
"3388/383.3532mz/8.81min",14049739.5,15281548,29096954,23714746,12817931,8681960,8372566
"3390/767.7138mz/8.81min",938073.67,1160677.4,2742985,2325421,715469.94,399850.88,486650.7
"3391/475.3428mz/8.83min",158831.33,144010.94,312681.12,89131.695,298860.84,141824.77,173651.72
"3392/495.3508mz/8.77min",239257.495,1881642.6,654232.5,13819.728,98135.89,380379.1,2763.9456
"3393/729.4715mz/8.83min",22348.92335,13659789,40626.855,1643873.9,814.19834,814.19834,4070.9917
"3394/409.3686mz/8.82min",801739.38,602700.6,1183446.6,935917.06,1253026.6,667561.7,586816.1
"3396/639.4957mz/8.84min",2533059,2154989.8,3976526.8,2911128.2,4746903.5,2054433.9,1974828.9
"3398/439.3792mz/8.85min",125381.825,170261.4,463545.72,338583.62,80502.25,4117.8344,20589.172
"3399/621.4061mz/8.85min",768408.53,509894.44,1047905.06,792398.56,1144366.1,699742.2,744418.5
"3400/495.3155mz/8.82min",129463.785,856612.7,396454.3,158260.34,41531.125,100667.23,8306.225
"3401/596.4897mz/8.87min",57000.666,50392.312,71124.2,63609.02,112948.055,28296.81,19687.809
"3402/481.4261mz/8.87min",110696.9475,181851.45,353230.38,236895.34,39542.445,7908.489,7908.489
"3403/475.3429mz/8.88min",256795.6,232322.12,467786.2,223566.4,439183.6,278372.53,235218.67
"3404/495.4419mz/8.93min",38041.3,21005.42,41570.64,30202.902,163450.14,48785.16,34511.96
"3405/582.4741mz/8.95min",528040.87,410528.84,939409.56,645552.9,894830.2,238725.2,192924.33
"3406/653.5115mz/8.98min",5268117.5,4561797,8005716,5974438,9003225,3936184.2,3574850.5
"3407/795.7449mz/9.0min",49769.788,91233.73,280367.7,198861.39,8305.846,1661.1692,1661.1692
"3408/397.3686mz/9.0min",3063038.05,4176708.5,7575167.5,5973767.5,1949367.6,1700108.5,1475820.6
"3409/437.3635mz/9.04min",1388083.35,1594135.6,2621726.2,2268711.5,1182031.1,357734.3,628628.2
"3410/667.5269mz/9.05min",139588.947,104707.734,235011.5,174470.16,252478.44,93452.516,71244.29
"3413/552.4636mz/9.08min",502237.24,414674.78,757541.1,589799.7,709897.44,352222.66,299004.56
"3416/509.4574mz/9.14min",788804.125,456854.88,763170.5,653165.06,1945121.2,948836.8,814437.75
"3417/596.4898mz/9.17min",1652524.95,1275551.9,2749620.2,2029498,2674187.5,1063133.5,859286.3
"3418/600.5211mz/9.19min",1285776.65,1235208.1,1744143.5,1513027.2,1336345.2,800073.44,621264.6
"3419/966.9068mz/9.21min",72688.2035,106868.95,469426.12,321519.47,38507.457,7701.4914,7701.4914
"3420/411.3843mz/9.23min",2634708.375,4324706,9692987,7089456,944710.75,902095.06,792624.5
"3421/823.7762mz/9.23min",74799.867,124666.445,401408.6,280932.12,24933.289,24933.289,24933.289
"3422/667.5271mz/9.23min",1518286.2,1292693.8,2359430.5,1743878.6,2513838.8,1010486.44,840269.8
"3423/566.4791mz/9.24min",2295650.8,1995338.1,4034626.8,3260731,2595963.5,1348293.1,1136715.8
"3424/653.5113mz/9.2min",80880.288,75663.516,86097.06,100224.92,333444.25,27885.578,5577.1156
"3427/397.3688mz/9.26min",11379.6282,18966.047,93410.53,52783.188,3793.2094,3793.2094,3793.2094
"3428/383.3532mz/9.24min",31260.41445,58919.656,201840.83,133034.9,3601.1729,3549.686,709.9372
"3429/563.3358mz/9.26min",138039.285,81757.78,138809.19,144929.72,16351.556,394059,137269.38
"3430/604.4622mz/9.28min",507214.56,559026.9,163526.55,6383930,32705.31,1044678.56,455402.22
"3433/713.4764mz/9.28min",630052.025,605725.3,385723.97,696238.25,826687.6,654378.75,263981.7
"3434/729.4714mz/9.26min",14480.031,2823889.5,22035.527,7638143,1384.907,1384.907,6924.535
"3436/610.5053mz/9.37min",1880573.25,1455559.5,3123080.5,2305587,3243519.5,1278298.4,967945.2
"3437/570.5104mz/9.37min",1189856.15,1123069.2,1476834.8,1256643.1,1391730.5,842765.44,607962.9
"3438/604.507mz/9.39min",467900.72,397391.88,1088880.8,538409.56,1058493.6,175444.92,131211.53
"3439/614.5366mz/9.39min",2211022.1,2006060.4,2934003.2,2415983.8,2681221.5,1382934.9,1198408.2
"3440/681.5424mz/9.39min",325740.185,253745.25,538350.6,375191.97,754571.06,276288.4,212841.38
"3441/631.5268mz/9.41min",817119.8,606300.1,2055667.1,1027939.5,1873768.2,301527.2,244889.1
"3442/600.5214mz/9.44min",202713.89,180190.11,271619.06,225237.67,260406.66,76592.39,62228.78
"3443/425.4mz/9.47min",556421.72,935750.44,2200320,1221316.9,177093,120834.64,80660.875
"3444/283.2641mz/9.51min",50045.36,41853.59,71591.44,58237.13,59938.65,21614.125,8925.119
"3445/481.4261mz/9.51min",124866.895,112329.37,194692.39,153542.94,137404.42,75475.85,57676.305
"3446/580.4948mz/9.51min",531454.65,439295.6,909076.8,623613.7,907765.7,401245.22,294314.47
"3448/439.4155mz/9.57min",27966.5718,46610.953,105552.56,62248.668,9322.1906,9322.1906,9322.1906
"3449/106.0411mz/9.59min",35483.255,4145.9062,335291.03,44985.67,7358.0957,25980.84,67744.84
"3451/628.5523mz/9.62min",675505.42,556649.9,979735.44,794360.94,1032776.9,431600.06,376804.97
"3452/645.5426mz/9.62min",341511.275,230812.67,1132707.9,452209.88,1020621.06,122702.85,101165.58
"3454/624.521mz/9.67min",694773.375,491691.25,1266429,867689,1397984.1,521857.75,379120.53
"3455/631.5269mz/9.67min",30447.366,10149.122,191553.2,50745.61,180248.3,10149.122,10149.122
"3456/561.4195mz/9.74min",1162877.3,863248.5,259183.16,1718353.2,583115,1462506.1,20448554
"3457/495.442mz/9.7min",332533.955,285112.5,452502.53,370713.03,540524.94,294354.88,250239.45
"3458/481.4262mz/9.7min",44823.653,24549.904,86176.36,65097.402,85584.625,19155.135,11661.486
"3459/283.2641mz/9.71min",158757.16,110976.445,235942.73,178273.94,292966.38,139240.38,93021.35
"3460/604.4657mz/9.7min",14426.9,14426.9,72134.5,14426.9,3201457,14426.9,14426.9
"3461/713.4766mz/9.77min",745264.65,656344.3,334768.25,914553.7,4521873,834185,119272.33
"3462/574.497mz/9.73min",280727.24,221434.92,461235.34,340019.56,847397.44,129882.47,86466.44
"3463/439.4158mz/9.75min",143640.498,239400.83,664175.3,307745.66,47880.166,47880.166,47880.166
"3464/601.5164mz/9.73min",824674.03,508861.56,2431715.5,1140486.5,2267094.8,339994.3,270457.88
"3465/584.5262mz/9.75min",2180036.05,1947375.6,3031037.5,2412696.5,2936105.2,1553080.4,1319042
"3467/645.5427mz/9.76min",241904.63,172430.38,623616.06,311378.88,518221.53,35594.86,32674.947
"3468/628.5525mz/9.77min",501224.13,470530.56,785284,531917.7,662112.44,322349.97,281245.44
"3469/579.3305mz/9.86min",594262.82,1644043.6,515033.1,554543.94,239290.11,1183021.2,633981.7
"3470/571.4501mz/9.84min",468891.31,430112.84,763788,636839.06,507669.78,356266.44,349446.03
"3471/563.3357mz/9.85min",191796.805,194163.64,198168.94,189429.97,12243.898,381583.7,183772.97
"3473/473.2825mz/9.86min",850773.575,778293.6,946836.2,993437.25,901073.75,800473.4,632217.3
"3474/509.4574mz/9.91min",267692.625,332902.38,299274.56,236110.69,418372.34,143306.11,214144.77
"3476/106.0411mz/9.99min",58576.165,10142.684,1058671.9,81801.5,11465.893,35350.83,123137.27
"3477/603.4657mz/9.99min",1537390.6,1537390.6,1537390.6,1537390.6,7686953,1537390.6,1537390.6
"3479/599.5452mz/10.01min",739873.78,681983,960335.5,797764.56,914370.06,557690.3,454098.06
"3480/598.5418mz/10.01min",1953293.8,1773826.6,2588915.8,2132761,2419706.2,1449271,1194220.5
"3481/561.4194mz/10.01min",1709330.7,614375.1,831026.6,9685973,818884.7,2587634.8,3132469.2
"3482/615.5318mz/10.01min",836052.975,582887.75,2365838.5,1089218.2,2114936.2,361495.47,273192.66
"3483/793.6564mz/10.07min",896410.5,698491.8,1416957.5,1033323.1,1990898.8,759497.9,593873.56
"3484/659.5583mz/10.08min",175911.015,100165.87,692143.6,251656.16,525936.9,42055.176,29912.201
"3485/579.3305mz/10.06min",640377.975,612572.25,593375.06,693711.7,201826.14,3624957,668183.7
"3486/561.4193mz/10.09min",1460714.25,927659.75,1012876.6,2536108,697328.44,10037313,1908551.9
"3487/132.0302mz/10.16min",46851.66,27053.562,159802.88,63338.992,80342.73,30364.328,20663.309
"3488/106.041mz/10.18min",83161.859,9594.441,931807.9,155087.33,29135.209,101413.53,64910.188
"3489/591.4294mz/10.16min",6154.7574,2051.5858,2051.5858,2051.5858,14081.205,398200.12,10257.929
"3490/574.451mz/10.18min",257216.085,321399.47,38606.54,2275172.8,38606.54,193032.7,7014923.5
"3492/135.9709mz/10.17min",536081.39,486470.53,549223,567705.06,414861.3,522939.78,578511.75
"3493/134.8946mz/10.18min",4096480,6681470,2277373.8,3077606,6872542,5115354,2325667
"3495/604.4622mz/10.18min",918256.075,1258195.4,4128209,578316.75,443489.4,1677069.4,140655.92
"3496/729.4709mz/10.19min",229387.892,1504667.2,424866.3,3109539.5,33909.484,1567.459,7837.295
"3497/695.4657mz/10.19min",1502890.3,2996697,1171727.6,964209.6,1600944.6,2124178.8,1404836
"3498/563.3354mz/10.19min",273378.055,371834.34,209335.95,337420.16,185765.94,1083824.9,149194.16
"3499/697.4808mz/10.2min",1447255,1984186,553283.75,1055839,1515022.5,2803883,1379487.5
"3500/671.4661mz/10.2min",7251663,8971754,3260661.8,4964739.5,7825312,19311988,6678014
"3502/713.4763mz/10.2min",567153.75,2832582.5,401357.4,497180.94,637126.56,4515559.5,133690.06
"3503/699.496mz/10.2min",703438.35,806913.6,393672.47,992188.56,471366.03,599963.1,1000919.06
"3504/769.5015mz/10.22min",102899.802,192544.16,31020.264,640.4125,174779.34,3202.0625,418823.1
"3505/657.4504mz/10.19min",121392.385,351041.66,57261.266,137815.42,104969.35,188718.23,59325.83
"3507/590.4461mz/10.2min",341817.905,382652.03,26358.966,2072401.9,131794.83,300983.78,1523937.9
"3508/731.4861mz/10.21min",366839.57,3397469.8,87531.69,3259649,247712.86,62316.434,485966.28
"3509/575.4344mz/10.19min",210358.965,516416.47,15999.798,79998.99,105077.81,315640.12,2142300.8
"3510/742.5032mz/10.22min",234470.995,930218.06,250391.66,137804.61,737283.6,27560.922,218550.33
"3511/766.5029mz/10.22min",140633.5925,316853.22,392836.9,123878.125,19114.218,157389.06,95571.09
"3512/265.1478mz/10.22min",142425.73,151962.02,100568.336,132889.44,101288.445,163023.55,179203.25
"3513/745.5011mz/10.21min",92656.87,8043.1828,40215.914,113123.41,72190.33,288992.88,211882.88
"3516/618.4772mz/10.26min",43358.4,72264,14452.8,92795.25,14452.8,14452.8,2595601
"3518/857.5182mz/10.25min",132165.865,379247.06,25955.986,129779.93,25955.986,134551.8,1422227.6
"3520/861.5477mz/10.25min",97619.405,77855.2,7203.84,152861.02,117383.61,1440.768,854477.56
"3521/112.9856mz/10.25min",8022928.75,7174000.5,9858635,8412541,9385620,7633316.5,6052126
"3522/833.5188mz/10.25min",3436567.15,6462746.5,1852153.9,3695594.8,5040133.5,1549332,3177539.5
"3524/714.5087mz/10.27min",341725.12,257372.86,426077.38,477023.34,3365.322,3402779.5,143074.69
"3525/580.2347mz/10.26min",6370.4316,103500.05,31852.158,6370.4316,6370.4316,6370.4316,6370.4316
"3527/134.8946mz/10.26min",1252177.15,1557011.1,618113.5,1303811.8,1369707.8,1006661.6,1200542.5
"3529/248.9604mz/10.28min",15281.7138,5093.9046,65649.61,25469.523,29641.219,5093.9046,5093.9046
"3531/480.3093mz/10.31min",222602.025,2505165.2,2134057.8,300873.53,144330.52,144275.25,28855.05
"3532/265.1478mz/10.3min",76939.7525,66928.7,82483.945,91108.73,52313.934,71395.56,92574.84
"3533/153.8685mz/10.34min",483619.065,307355.9,459138.53,715053.7,407901.53,508099.6,753866.44
"3535/195.811mz/10.35min",1098707.5,306825.84,4624509.5,3461823.8,439334.5,190120.89,1758080.5
"3536/197.8079mz/10.35min",1368884.6,393297.44,5625415,4225007,576795.4,245618.4,2160973.8
"3537/199.8049mz/10.35min",641680.46,171295.34,2673709.2,2013623.2,257344.12,106154.99,1026016.8
"3538/201.8019mz/10.35min",117015.185,10648.98,561224.6,417770.56,32833.35,10762.683,201197.02
"3539/255.8221mz/10.38min",35014.4436,11671.4812,381973.75,217315.8,11671.4812,11671.4812,58357.406
"3540/257.8191mz/10.38min",36100.44,12033.48,380994.94,221541.47,12033.48,12033.48,60167.4
"3541/164.836mz/10.4min",240016.665,131207.27,1031283.2,589930.5,69232.89,42295.36,348826.06
"3542/160.842mz/10.4min",1477576,1662492.4,3668874,2193537.2,264943.22,359184.97,1292659.6
"3543/162.8391mz/10.4min",1374710.4,1511034.6,3418224,2078365,258611.27,204380.19,1238386.2
"3544/190.9285mz/10.42min",327673.205,336574.88,472112.1,423801.8,269304.75,226364.53,318771.53
"3545/297.1528mz/10.47min",218418.49,295432.12,102893.2,175022.08,119352.79,264773.2,261814.9
"3546/112.9856mz/10.49min",4409341.25,2785912.8,3218155.8,4291614.5,5372834.5,4527068,4665358.5
"3547/355.3217mz/10.53min",219021.955,179123.86,747355.7,258920.05,58934.637,100509.14,457431.75
"3549/304.9139mz/10.59min",1937363.6,1909471.8,2270285.8,2244717.5,1576890,1581152.2,1965255.4
"3550/174.956mz/10.59min",16089718.5,16053025,16746572,17184108,14353093,15208972,16126412
"3552/355.3217mz/10.68min",130878.883,113519.766,31679.625,26763.488,148238,345408.4,1097289.2
"3553/501.1765mz/10.78min",1232573.85,7091658,675482.9,346685.47,1789664.8,227394.75,2665443.5
"3554/355.3217mz/10.74min",431639.45,1204310.1,82961,31450.477,916761.3,780317.9,74535.68
"3555/187.0976mz/10.83min",9423.8435,1055.3236,5276.618,1055.3236,20488.865,13571.069,20829.736
"3557/157.0118mz/10.87min",133386.012,44462.004,44462.004,44462.004,222310.02,263774.12,760847.5
"3560/293.2121mz/10.93min",5188.2752,143723.78,877.40488,8152.7314,4387.0244,4904.17,5472.3804
"3561/501.1766mz/10.91min",537352.61,2306557,321349.03,434781.12,639924.1,1588720.8,257510.84
"3562/295.2276mz/10.98min",8127.7571,166990.03,1023.35772,34123.707,10970.462,5116.7886,5285.0522
"3564/355.3216mz/10.94min",108556.515,122287.98,53228.5,455015.66,94825.05,148639.02,56688.29
"3565/96.9601mz/11.03min",4020978.7,4233357,4068568.2,4609185.5,3672435.5,3973389.2,3909973.5
"3566/501.1765mz/11.08min",639862.5,1714320.1,624881.94,2151044,439207.12,334012.1,654843.06
