"","comp 1","comp 2","comp 3","comp 4","comp 5"
"6478/1128.3158mz/10.13min",-0.65855,0,0,0,0
"5445/702.5062mz/7.78min",0.53037,0,0,0,0
"5573/781.5558mz/7.86min",0.341,0,0,0,0
"6461/1129.3164mz/10.0min",-0.22313,0,0,0,0
"6459/1128.3157mz/9.99min",-0.21497,0,0,0,0
"6550/744.5524mz/10.34min",0.20351,0,0,0,0
"6513/716.5219mz/10.28min",0.13007,0,0,0,0
"5841/744.5531mz/8.06min",0.10284,0,0,0,0
"4187/599.3184mz/6.51min",0.056706,0,0,0,0
"6506/730.5372mz/10.29min",0.02475,0,0,0,0
"1303/603.3232mz/3.45min",0,0.68524,0,0,0
"6302/146.9803mz/8.99min",0,-0.39785,0,0,0
"6593/81.5205mz/10.6min",0,-0.36729,0,0,0
"5652/412.3289mz/7.97min",0,0.32729,0,0,0
"5632/841.4985mz/7.97min",0,0.22221,0,0,0
"5647/411.3255mz/7.97min",0,0.21149,0,0,0
"6301/144.9822mz/8.98min",0,-0.12307,0,0,0
"5645/429.3364mz/7.97min",0,0.11894,0,0,0
"633/296.1352mz/2.46min",0,0.077746,0,0,0
"867/102.0549mz/2.74min",0,-0.026426,0,0,0
"405/182.0786mz/2.03min",0,0,0,0,0
"406/341.1682mz/2.03min",0,0,0,0,0
"407/160.0968mz/2.03min",0,0,0,0,0
"408/100.0756mz/2.03min",0,0,0,0,0
"412/261.1444mz/2.04min",0,0,0,0,0
"415/285.1445mz/2.06min",0,0,0,0,0
"418/215.139mz/2.06min",0,0,0,0,0
"419/348.1916mz/2.06min",0,0,0,0,0
"421/188.0376mz/2.07min",0,0,0,0,0
"422/113.0596mz/2.08min",0,0,0,0,0
"424/226.071mz/2.08min",0,0,0,0,0
"425/248.0528mz/2.08min",0,0,0,0,0
"428/244.0613mz/2.1min",0,0,0,0,0
"429/233.1131mz/2.1min",0,0,0,0,0
"431/255.0951mz/2.1min",0,0,0,0,0
"432/222.0794mz/2.1min",0,0,0,0,0
"435/170.0812mz/2.11min",0,0,0,0,0
"436/203.1023mz/2.11min",0,0,0,0,0
"437/128.0706mz/2.11min",0,0,0,0,0
"438/225.0845mz/2.12min",0,0,0,0,0
"440/244.1907mz/2.12min",0,0,0,0,0
"444/323.1386mz/2.14min",0,0,0,0,0
"446/146.1175mz/2.14min",0,0,0,0,0
"449/254.1386mz/2.15min",0,0,0,0,0
"451/324.1917mz/2.15min",0,0,0,0,0
"453/233.1576mz/2.19min",0,0,0,0,0
"455/220.1179mz/2.19min",0,0,0,-0.073932,0
"456/242.0999mz/2.19min",0,0,0,-0.59981,0
"457/232.1543mz/2.19min",0,0,0,0,0
"459/221.1212mz/2.18min",0,0,0,-0.30851,0
"461/243.0839mz/2.2min",0,0,0,0,0
"464/296.0877mz/2.21min",0,0,0,0,0
"470/212.0892mz/2.21min",0,0,0,0,0
"474/285.1444mz/2.22min",0,0,0,0,0
"475/426.2232mz/2.22min",0,0,0,0,0
"476/419.2287mz/2.21min",0,0,0,0,0
"477/210.0735mz/2.21min",0,0,0,0,0
"479/101.0596mz/2.22min",0,0,0,0,0
"480/129.0546mz/2.22min",0,0,0,0,0
"482/184.1695mz/2.23min",0,0,0,0,0
"484/185.1728mz/2.23min",0,0,0,0,0
"485/214.1074mz/2.24min",0,0,0,0,0
"486/202.1072mz/2.26min",0,0,0,0,0
"487/323.1386mz/2.24min",0,0,0,0,0
"489/214.0508mz/2.24min",0,0,0,0,0
"490/645.2699mz/2.24min",0,0,0,0,0
"492/174.0583mz/2.24min",0,0,0,0,0
"493/192.0689mz/2.25min",0,0,0,0,0
"494/323.6402mz/2.24min",0,0,0,0,0
"495/289.1393mz/2.26min",0,0,0,0,0
"496/188.0705mz/2.26min",0,0,0,0,0
"497/422.1654mz/2.27min",0,0,0,0,0
"498/205.0971mz/2.27min",0,0,0,0,0
"499/218.1281mz/2.27min",0,0,0,0,0
"500/217.1247mz/2.27min",0,0,0,0,0
"503/200.1045mz/2.27min",0,0,0,0,0
"504/206.1005mz/2.26min",0,0,0,0,0
"506/189.0739mz/2.27min",0,0,0,0,0
"507/127.0389mz/2.26min",0,0,0,0,0
"508/340.1864mz/2.27min",0,0,0,0,0
"509/358.1972mz/2.26min",0,0,0,0,0
"511/247.1288mz/2.31min",0,0,0,0,0
"512/292.1655mz/2.28min",0,0,0,0,0
"513/195.1227mz/2.28min",0,0,0,0,0
"514/218.1081mz/2.28min",0,0,0,0,0
"515/217.1046mz/2.29min",0,0,0,0,0
"516/322.176mz/2.29min",0,0,0,0,0
"517/202.1072mz/2.37min",0,0,0,0,0
"520/115.0753mz/2.3min",0,0,0,0,0
"522/245.1495mz/2.31min",0,0,0,0,0
"523/135.0416mz/2.31min",0,0,0,0,0
"524/408.2127mz/2.31min",0,0,0,0,0
"525/95.0491mz/2.31min",0,0,0,0,0
"526/113.0597mz/2.31min",0,0,0,0,0
"528/114.063mz/2.31min",0,0,0,0,0
"530/225.1121mz/2.31min",0,0,0,0,0
"532/231.1703mz/2.32min",0,0,0,0,0
"533/267.1315mz/2.32min",0,0,0,0,0
"539/244.2012mz/2.33min",0,0,0,0,0
"541/190.0861mz/2.33min",0,0,0,0,0
"548/213.0756mz/2.34min",0,0,0,0,0
"552/131.0703mz/2.35min",0,0,0,0,0
"553/262.1284mz/2.36min",0,0,0,0,0
"558/220.1184mz/2.32min",0,0,0,0,0
"559/327.1549mz/2.36min",0,0,0,0,0
"561/240.0864mz/2.35min",0,0,0,0,0
"564/330.2387mz/2.38min",0,0,0,0,0
"565/187.1077mz/2.38min",0,0,0,0,0
"566/262.1179mz/2.38min",0,0,0,0,0
"567/242.1023mz/2.38min",0,0,0,0,0
"569/541.2mz/2.38min",0,0,0,0,0
"571/260.1128mz/2.38min",0,0,0,0,0
"572/282.0947mz/2.38min",0,0,0,0,0
"573/148.0604mz/2.39min",0,0,0,0,0
"575/257.1494mz/2.39min",0,0,0,0,0
"576/278.1233mz/2.38min",0,0,0,0,0
"577/283.0982mz/2.38min",0,0,0,0,0
"579/563.182mz/2.39min",0,0,0,0,0
"580/130.0499mz/2.39min",0,0,0,0,0
"581/261.1162mz/2.39min",0,0,0,0,0
"582/298.0686mz/2.38min",0,0,0,0,0
"584/244.2012mz/2.39min",0,0,0,0,0
"588/146.06mz/2.4min",0,0,0,0,0
"589/195.1128mz/2.4min",0,0,0,0,0
"591/140.1434mz/2.4min",0,0,0,0,0
"592/232.118mz/2.4min",0,0,0,0,0
"593/234.1602mz/2.37min",0,0,0,0,0
"598/278.1024mz/2.41min",0,0,0,0,0
"601/218.1387mz/2.41min",0,0,0,0,0
"604/336.1916mz/2.42min",0,0,0,0,0
"605/299.16mz/2.42min",0,0,0,0,0
"607/394.1968mz/2.42min",0,0,0,0,0
"608/225.0757mz/2.42min",0,0,0,0,0
"614/420.2029mz/2.43min",0,0,0,0,0
"615/418.1971mz/2.43min",0,0,0,0,0
"617/440.179mz/2.43min",0,0,0,0,0
"620/298.0968mz/2.44min",0,0,0,0,0
"623/230.1023mz/2.45min",0,0,0,0,0
"624/206.0448mz/2.45min",0,0,0,0,0
"629/190.0498mz/2.46min",0,0,0,0,0
"638/229.1546mz/2.46min",0,0,0,0,0
"639/408.2127mz/2.47min",0,0,0,0,0
"641/284.1299mz/2.47min",0,0,0,0,0
"642/543.2633mz/2.47min",0,0,0,0,0
"643/283.1264mz/2.47min",0,0,0,0,0
"645/261.1444mz/2.47min",0,0,0,0,0
"646/262.1478mz/2.47min",0,0,0,0,0
"650/262.1285mz/2.48min",0,0,0,0,0
"653/114.0913mz/2.49min",0,0,0,0,0
"655/214.1073mz/2.49min",0,0,0,0,0
"656/718.3361mz/2.49min",0,0,0,0,0
"658/360.1736mz/2.49min",0,0,0,0,0
"659/740.318mz/2.49min",0,0,0,0,0
"669/372.1916mz/2.5min",0,0,0,0,0
"670/300.1637mz/2.51min",0,0,0,0,0
"671/184.0684mz/2.51min",0,0,0,0,0
"672/299.16mz/2.51min",0,0,0,0,0
"676/183.0651mz/2.51min",0,0,0,0,0
"677/742.2934mz/2.51min",0,0,0,0,0
"678/759.3205mz/2.51min",0,0,0,0,0
"679/764.2757mz/2.52min",0,0,0,0,0
"680/205.0471mz/2.52min",0,0,0,0,0
"681/231.1703mz/2.53min",0,0,0,0,0
"682/438.2231mz/2.52min",0,0,0,0,0
"684/239.1489mz/2.52min",0,0,0,0,0
"685/261.131mz/2.52min",0,0,0,0,0
"686/244.2012mz/2.52min",0,0,0,0,0
"688/141.0546mz/2.53min",0,0,0,0,0
"690/320.1814mz/2.53min",0,0,0,0,0
"691/244.1543mz/2.53min",0,0,0,0,0
"696/305.1707mz/2.54min",0,0,0,0,0
"699/448.2075mz/2.54min",0,0,0,0,0
"700/190.0861mz/2.53min",0,0,0,0,0
"701/184.1695mz/2.54min",0,0,0,0,0
"702/402.2021mz/2.54min",0,0,0,0,0
"703/309.142mz/2.55min",0,0,0,0,0
"705/289.1655mz/2.56min",0,0,0,0,0
"706/611.2894mz/2.56min",0,0,0,0,0
"707/287.1601mz/2.56min",0,0,0,0,0
"708/288.1636mz/2.56min",0,0,0,0,0
"709/326.1404mz/2.57min",0,0,0,0,0
"713/304.1585mz/2.57min",0,0,0,0,0
"714/131.0814mz/2.57min",0,0,0,0,0
"718/191.1026mz/2.57min",0,0,0,0,0
"722/303.155mz/2.57min",0,0,0,0,0
"723/192.1058mz/2.57min",0,0,0,0,0
"725/173.092mz/2.57min",0,0,0,0,0
"726/627.2844mz/2.57min",0,0,0,0,0
"728/325.1369mz/2.57min",0,0,0,0,0
"729/305.1603mz/2.57min",0,0,0,0,0
"731/341.1111mz/2.57min",0,0,0,0,0
"737/330.2385mz/2.58min",0,0,0,0,0
"738/285.1445mz/2.59min",0,0,0,0,0
"740/230.1024mz/2.59min",0,0,0,0,0
"744/316.2118mz/2.59min",0,0,0,0,0
"747/248.1128mz/2.59min",0,0,0,0,0
"749/270.0946mz/2.59min",0,0,0,0,0
"750/217.1262mz/2.6min",0,0,0,0,0
"752/216.123mz/2.6min",0,0,0,0,0
"755/235.1077mz/2.6min",0,0,0,0,0
"756/540.2524mz/2.59min",0,0,0,0,0
"757/185.0808mz/2.61min",0,0,0,0,0
"759/234.1335mz/2.61min",0,0,0,0,0
"760/238.105mz/2.61min",0,0,0,0,0
"761/469.2153mz/2.61min",0,0,0,0,0
"762/235.1367mz/2.61min",0,0,0,0,0
"763/256.1155mz/2.61min",0,0,0,0,0
"764/487.2259mz/2.61min",0,0,0,0,0
"769/113.0596mz/2.56min",0,0,0,0,0
"770/234.1226mz/2.62min",0,0,0,0,0
"772/120.0655mz/2.62min",0,0,0,0,0
"773/102.0549mz/2.62min",0,0,0,0,0
"774/121.0688mz/2.62min",0,0,0,0,0
"776/270.0736mz/2.62min",0,0,0,0,0
"779/233.1212mz/2.62min",0,0,0,0,0
"780/232.1179mz/2.62min",0,0,0,0,0
"783/214.1075mz/2.63min",0,0,0,0,0
"784/254.0998mz/2.63min",0,0,0,0,0
"785/255.1032mz/2.63min",0,0,0,0,0
"786/485.2103mz/2.63min",0,0,0,0,0
"796/771.2471mz/2.64min",0,0,0,0,0
"797/296.1492mz/2.64min",0,0,0,0,0
"798/788.2737mz/2.64min",0,0,0,0,0
"799/793.2292mz/2.64min",0,0,0,0,0
"800/247.1732mz/2.64min",0,0,0,0,0
"802/246.1699mz/2.65min",0,0,0,0,0
"803/260.1128mz/2.64min",0,0,0,0,0
"804/195.0652mz/2.65min",0,0,0,0,0
"808/169.0859mz/2.67min",0,0,0,0,0
"809/165.0546mz/2.63min",0,0,0,0,0
"810/151.0754mz/2.69min",0,0,0,0,0
"816/259.2202mz/2.68min",0,0,0,0,0
"817/180.0655mz/2.68min",0,0,0,0,0
"818/388.1864mz/2.68min",0,0,0,0,0
"819/197.1285mz/2.68min",0,0,0,0,0
"822/418.197mz/2.72min",0,0,0,0,0
"824/183.0652mz/2.7min",0,0,0,0,0
"826/283.1751mz/2.7min",0,0,0,0,0
"828/300.2016mz/2.7min",0,0,0,0,0
"829/275.1236mz/2.71min",0,0,0,0,0
"831/249.0869mz/2.71min",0,0,0,0,0
"832/179.0704mz/2.71min",0,0,0,0,0
"834/182.0892mz/2.71min",0,0,0,0,0
"835/181.0859mz/2.71min",0,0,0,0,0
"836/221.0784mz/2.71min",0,0,0,0,0
"840/130.159mz/2.72min",0,0,0,0,0
"846/325.137mz/2.67min",0,0,0,0,0
"848/303.155mz/2.68min",0,0,0,0,0
"854/317.1706mz/2.77min",0,0,0,0,0
"858/202.1801mz/2.74min",0,0,0,0,0
"859/214.1549mz/2.75min",0,0,0,0,0
"864/313.1758mz/2.76min",0,0,0,0,0
"865/317.2152mz/2.76min",0,0,0,0,0
"866/190.1073mz/2.75min",0,0,0,0,0
"870/316.2118mz/2.76min",0,0,0,0,0
"874/238.1049mz/2.76min",0,0,0,0,0
"875/216.123mz/2.76min",0,0,0,0,0
"879/611.2499mz/2.78min",0,0,0,0,0
"881/241.0706mz/2.78min",0,0,0,0,0
"882/418.1495mz/2.78min",0,0,0,0,0
"883/422.1742mz/2.78min",0,0,0,0,0
"884/354.1116mz/2.78min",0,0,0,0,0
"887/489.2552mz/2.79min",0,0,0,0,0
"888/376.1865mz/2.79min",0,0,0,0,0
"892/245.1859mz/2.81min",0,0,0,0,0
"894/317.1706mz/2.81min",0,0,0,0,0
"895/339.1527mz/2.81min",0,0,0,0,0
"897/210.0761mz/2.81min",0,0,0,0,0
"905/197.0805mz/2.81min",0,0,0,0,0
"906/120.0443mz/2.82min",0,0,0,0,0
"908/138.0549mz/2.83min",0,0,0,0,0
"910/261.1444mz/2.83min",0,0,0,0,0
"912/272.1856mz/2.84min",0,0,0,0,0
"914/229.047mz/2.84min",0,0,0,0,0
"915/435.1048mz/2.84min",0,0,0,0,0
"917/189.0546mz/2.84min",0,0,0,0,0
"918/207.0651mz/2.84min",0,0,0,0,0
"921/225.0757mz/2.85min",0,0,0,0,0
"922/165.0546mz/2.84min",0,0,0,0,0
"926/640.2033mz/2.86min",0,0,0,0,0
"928/325.137mz/2.84min",0,0,0,0,0
"929/344.2277mz/2.86min",0,0,0,0,0
"930/303.1549mz/2.82min",0,0,0,0,0
"935/320.1897mz/2.88min",0,0,0,0,0
"936/341.1682mz/2.88min",0,0,0,0,0
"937/319.1863mz/2.88min",0,0,0,0,0
"940/376.1865mz/2.85min",0,0,0,0,0
"946/545.2814mz/2.89min",0,0,0,0,0
"951/323.1577mz/2.9min",0,0,0,0,0
"952/302.1792mz/2.9min",0,0,0,0,0
"953/301.1757mz/2.9min",0,0,0,0,0
"955/639.3208mz/2.9min",0,0,0,0,0
"956/473.2237mz/2.91min",0,0,0,0,0
"957/324.1609mz/2.9min",0,0,0,0,0
"961/113.0598mz/2.89min",0,0,0,0,0
"963/113.0575mz/2.92min",0,0,0,0,0
"964/173.092mz/2.92min",0,0,0,0,0
"965/320.1788mz/2.92min",0,0,0,0,0
"966/318.1741mz/2.92min",0,0,0,0,0
"967/187.1076mz/2.92min",0,0,0,0,0
"968/205.1182mz/2.92min",0,0,0,0,0
"969/317.1707mz/2.92min",0,0,0,0,0
"970/299.1604mz/2.92min",0,0,0,0,0
"972/206.1215mz/2.92min",0,0,0,0,0
"973/339.1525mz/2.92min",0,0,0,0,0
"974/355.1262mz/2.92min",0,0,0,0,0
"975/131.0814mz/2.92min",0,0,0,0,0
"980/319.1759mz/2.92min",0,0,0,0,0
"981/657.3216mz/2.92min",0,0,0,0,0
"983/341.1574mz/2.92min",0,0,0,0,0
"985/655.3156mz/2.92min",0,0,0,0,0
"989/340.156mz/2.92min",0,0,0,0,0
"997/185.0445mz/2.96min",0,0,0,0,0
"999/198.0841mz/2.96min",0,0,0,0,0
"1000/197.0808mz/2.96min",0,0,0,0,0
"1001/155.0703mz/2.95min",0,0,0,0,0
"1003/219.0627mz/2.96min",0,0,0,0,0
"1004/300.1987mz/2.97min",0,0,0,0,0
"1005/440.2023mz/2.97min",0,0,0,0,0
"1006/169.0859mz/3.0min",0,0,0,0,0
"1007/213.1233mz/2.97min",0,0,0,0,0
"1010/141.0546mz/2.97min",0,0,0,0,0
"1011/480.1949mz/2.98min",0,0,0,0,0
"1016/233.092mz/2.99min",0,0,0,0,0
"1018/625.2656mz/2.99min",0,0,0,0,0
"1019/388.254mz/2.99min",0,0,0,0,0
"1020/251.1026mz/2.99min",0,0,0,0,0
"1022/193.1434mz/2.99min",0,0,0,0,0
"1023/215.1253mz/3.0min",0,0,0,0,0
"1024/345.1443mz/3.0min",0,0,0,0,0
"1026/273.0845mz/2.99min",0,0,0,0,0
"1032/323.1593mz/2.99min",0,0,0,0,0
"1037/225.0757mz/3.0min",0,0,0,0,0
"1038/195.0652mz/3.02min",0,0,0,0,0
"1040/208.0968mz/3.04min",0,0,0,0,0
"1042/232.1179mz/3.0min",0,0,0,0,0
"1044/418.1971mz/3.11min",0,0,0,0,0
"1051/155.0703mz/3.07min",0,0,0,0,0
"1053/156.0736mz/3.07min",0,0,0,0,0
"1055/286.1285mz/3.07min",0,0,0,0,0
"1057/593.2315mz/3.07min",0,0,0,0,0
"1060/211.144mz/3.09min",0,0,0,0,0
"1061/268.1178mz/3.08min",0,0,0,0,0
"1062/308.1104mz/3.08min",0,0,0,0,0
"1063/226.1073mz/3.08min",0,0,0,0,0
"1066/654.2191mz/3.08min",0,0,0,0,0
"1068/211.0964mz/3.08min",0,0,0,0,0
"1069/303.1547mz/3.09min",0,0,0,0,0
"1070/331.1863mz/3.1min",0,0,0,0,0
"1071/353.1683mz/3.15min",0,0,0,0,0
"1072/169.0859mz/3.04min",0,0,0,0,0
"1073/215.1389mz/3.11min",0,0,0,0,0
"1076/432.28mz/3.11min",0,0,0,0,0
"1078/452.1847mz/3.12min",0,0,0,0,0
"1079/458.2285mz/3.12min",0,0,0,0,0
"1081/281.1593mz/3.12min",0,0,0,0,0
"1082/303.1414mz/3.12min",0,0,0,0,0
"1083/298.186mz/3.12min",0,0,0,0,0
"1085/179.0702mz/3.13min",0,0,0,0,0
"1091/557.224mz/3.14min",0,0,0,0,0
"1093/306.1336mz/3.13min",0,0,0,0,0
"1095/115.0753mz/3.14min",0,0,0,0,0
"1096/129.091mz/3.14min",0,0,0,0,0
"1098/583.2971mz/3.15min",0,0,0,0,0
"1099/214.1073mz/3.15min",0,0,0,0,0
"1102/165.091mz/3.18min",0,0,0,0,0
"1103/211.144mz/3.15min",0,0,0,0,0
"1107/331.1863mz/3.17min",0,0,0,0,0
"1113/246.1335mz/3.17min",0,0,0,0,0
"1115/197.0808mz/3.15min",0,0,0,0,0
"1117/544.2498mz/3.18min",0,0,0,0,0
"1119/566.2317mz/3.18min",0,0,0,0,0
"1124/509.2214mz/3.2min",0,0,0,0,0
"1125/487.2396mz/3.2min",0,0,0,0,0
"1126/179.0338mz/3.2min",0,0,0,0,0
"1128/111.044mz/3.21min",0,0,0,0,0
"1130/289.0706mz/3.2min",0,0,0,0,0
"1132/169.0859mz/3.18min",0,0,0,0,0
"1134/301.0701mz/3.22min",0,0,0,0,0
"1136/224.0917mz/3.21min",0,0,0,0,0
"1137/208.0968mz/3.2min",0,0,0,0,0
"1139/303.1548mz/3.22min",0,0,0,0,0
"1140/194.0812mz/3.22min",0,0,0,0,0
"1150/593.2789mz/3.23min",0,0,0,0,0
"1151/460.2749mz/3.23min",0,0,0,0,0
"1155/475.2397mz/3.24min",0,0,0,0,0
"1156/611.28mz/3.24min",0,0,0,0,0
"1157/610.2771mz/3.25min",0,0,0,0,0
"1159/571.2969mz/3.24min",0,0,0,0,0
"1162/609.2739mz/3.24min",0,0,0,0,0
"1163/113.0596mz/3.24min",0,0,0,0,0
"1164/587.292mz/3.25min",0,0,0,0,0
"1165/589.2979mz/3.25min",0,0,0,0,0
"1166/285.1443mz/3.25min",0,0,0,0,0
"1167/590.3006mz/3.25min",0,0,0,0,-0.01013
"1169/625.2433mz/3.24min",0,0,0,0,0
"1175/472.2285mz/3.26min",0,0,0,0,0
"1177/245.1284mz/3.26min",0,0,0,0,0
"1179/494.2106mz/3.27min",0,0,0,0,0
"1181/454.2181mz/3.27min",0,0,0,0,0
"1183/238.1073mz/3.25min",0,0,0,0,0
"1184/232.118mz/3.27min",0,0,0,0,0
"1186/233.092mz/3.27min",0,0,0,0,0
"1189/319.0803mz/3.28min",0,0,0,0,0
"1195/279.0863mz/3.29min",0,0,0,0,0
"1199/201.1022mz/3.3min",0,0,0,0,0
"1200/188.0705mz/3.3min",0,0,0,0,0
"1202/247.1077mz/3.3min",0,0,0,0,0
"1203/248.1111mz/3.3min",0,0,0,0,0
"1204/339.1527mz/3.28min",0,0,0,0,0
"1206/229.0971mz/3.3min",0,0,0,0,0
"1207/269.0896mz/3.3min",0,0,0,0,0
"1213/516.271mz/3.33min",0,0,0,0,0
"1215/897.3351mz/3.32min",0,0,0,0,0
"1217/181.0859mz/3.32min",0,0,0,0,0
"1218/517.2743mz/3.35min",0,0,0,0,0
"1222/275.1422mz/3.33min",0,0,0,0,0
"1225/584.3328mz/3.33min",0,0,0,0,0
"1226/522.2419mz/3.33min",0,0,0,0,0
"1227/223.0964mz/3.33min",0,0,0,0,0
"1229/543.2811mz/3.34min",0,0,0,0,0
"1230/500.2598mz/3.36min",0,0,0,0,0
"1233/418.197mz/3.34min",0,0,0,0,0
"1235/516.253mz/3.35min",0,0,0,0,0
"1236/538.2369mz/3.35min",0,0,0,0,0
"1238/517.256mz/3.35min",0,0,0,0,0
"1241/183.0851mz/3.36min",0,0,0,0,0
"1248/164.0706mz/3.36min",0,0,0,0,0
"1249/182.0811mz/3.36min",0,0,0,0,0
"1250/118.0651mz/3.36min",0,0,0,0,0
"1252/715.172mz/3.36min",0,0,0,0,0
"1253/713.1717mz/3.36min",0,0,0,0,0
"1260/440.2178mz/3.36min",0,0,0,0,0
"1262/182.1902mz/3.37min",0,0,0,0,0
"1263/183.065mz/3.38min",0,0,0,0,0
"1265/165.0546mz/3.38min",0,0,0,0,0
"1268/253.0706mz/3.39min",0,0,0,0,0
"1270/221.0808mz/3.39min",0,0,0,0,0
"1271/529.1814mz/3.39min",0,0,0,0,0
"1275/452.1848mz/3.41min",0,0,0,0,0
"1278/303.1548mz/3.41min",0,0,0,0,0
"1279/417.2116mz/3.41min",0,0,0,0,0
"1280/415.2073mz/3.41min",0,0,0,0,0
"1281/437.1892mz/3.41min",0,0,0,0,0
"1284/430.2433mz/3.42min",0,0,0.58102,0,0
"1285/528.2703mz/3.43min",0,0,0,0,0
"1286/895.3866mz/3.42min",0,0,0,0,0
"1287/917.3687mz/3.42min",0,0,0,0,0
"1288/912.4133mz/3.41min",0,0,0,0,0
"1289/273.0757mz/3.42min",0,0,0,0,0
"1293/399.2123mz/3.42min",0,0,0,0,0
"1297/596.3328mz/3.43min",0,0,0,0,0
"1305/516.2707mz/3.43min",0,0,0,0,0
"1306/294.1335mz/3.45min",0,0,0,0,0
"1308/218.1387mz/3.45min",0,0,0,0,0
"1309/601.3077mz/3.5min",0,0,0,0,0
"1312/181.0859mz/3.46min",0,0,0,0,0
"1317/462.2385mz/3.47min",0,0,0,0,0
"1322/292.0532mz/3.47min",0,0,0,0,0
"1323/291.0499mz/3.47min",0,0,0,0,0
"1326/195.0652mz/3.47min",0,0,0,0,0
"1329/569.2816mz/3.48min",0,0,0,0,0
"1330/585.3126mz/3.48min",0,0,0,0,0
"1331/607.2947mz/3.48min",0,0,0,0,0
"1332/586.3159mz/3.48min",0,0,0,0,0
"1334/228.2321mz/3.48min",0,0,0,0,0
"1336/587.3184mz/3.48min",0,0,0,0,0
"1338/946.3224mz/3.49min",0,0,0,0,0
"1341/941.3666mz/3.49min",0,0,0,0,0
"1342/320.1491mz/3.49min",0,0,0,0,0
"1344/462.6739mz/3.49min",0,0,0,0,0
"1345/639.2619mz/3.49min",0,0,0,0,0
"1346/924.3397mz/3.49min",0,0,0,0,0
"1347/437.1903mz/3.45min",0,0,0,0,0
"1348/623.2895mz/3.49min",0,0,0,0,0
"1349/320.131mz/3.5min",0,0,0,0,0
"1351/625.2956mz/3.5min",0,0,0,0,0
"1354/301.1575mz/3.5min",0,0,0,0,0
"1355/603.3139mz/3.5min",0,0,0,0,0
"1356/489.2551mz/3.5min",0,0,0,0,0
"1358/604.3172mz/3.5min",0,0,0,0,0
"1365/293.16mz/3.5min",0,0,0,0,0
"1366/654.2192mz/3.51min",0,0,0,0,0
"1370/284.0845mz/3.53min",0,0,0,0,0
"1372/283.0812mz/3.53min",0,0,0,0,0
"1375/322.1283mz/3.53min",0,0,0,0,0
"1377/305.0631mz/3.53min",0,0,0,0,0
"1378/176.0706mz/3.53min",0,0,0,0,0
"1389/228.2322mz/3.56min",0,0,0,0,0
"1392/252.1885mz/3.57min",0,0,0,0,0
"1393/933.3917mz/3.58min",0,0,0,0,0
"1399/164.107mz/3.58min",0,0,0,0,0
"1400/877.3746mz/3.58min",0,0,0,0,0
"1402/273.1672mz/3.58min",0,0,0,0,0
"1403/931.3843mz/3.58min",0,0,0,0,0
"1404/909.4023mz/3.58min",0,0,0,0,0
"1405/251.1853mz/3.58min",0,0,0,0,0
"1406/926.4289mz/3.58min",0,0,0,0,0
"1411/893.4108mz/3.58min",0,0,0,0,0
"1413/855.4338mz/3.58min",0,0,0,0,0
"1417/871.4286mz/3.59min",0,0,0,0,0
"1418/894.4049mz/3.58min",0,0,0,0,0
"1420/899.358mz/3.58min",0,0,0,0,0
"1424/169.0859mz/3.59min",0,0,0,0,0
"1426/317.1705mz/3.54min",0,0,0,0,0
"1431/771.3766mz/3.6min",0,0,0,0,0
"1433/552.2547mz/3.61min",0,0,0,0,0
"1445/203.1178mz/3.63min",0,0,0,0,0
"1451/281.1019mz/3.64min",0,0,0,0,0
"1452/738.3567mz/3.65min",0,0,0,0,0
"1464/723.1885mz/3.66min",0,0,0,0,0
"1465/726.1878mz/3.66min",0,0,0,0,0
"1466/729.1875mz/3.66min",0,0,0,0,0
"1467/727.1873mz/3.66min",0,0,0,0,0
"1478/438.195mz/3.67min",0,0,0,0,0
"1479/940.3618mz/3.67min",0,0,0,0,0
"1480/957.3882mz/3.67min",0,0,0,0,0
"1481/437.1915mz/3.67min",0,0,0,0,0
"1482/955.3828mz/3.67min",0,0,0,0,0
"1483/615.3229mz/3.67min",0,0,0,0,0
"1484/953.3873mz/3.67min",0,0,0,0,0
"1485/936.3602mz/3.67min",0,0,0,0,0
"1487/938.3557mz/3.67min",0,0,0,0,0
"1490/941.3646mz/3.67min",0,0,0,0,0
"1491/958.341mz/3.67min",0,0,0,0,0
"1492/960.3379mz/3.67min",0,0,0,0,0
"1494/962.3437mz/3.67min",0,0,0,0,0
"1496/228.2321mz/3.68min",0,0,0,0,0
"1500/654.2304mz/3.71min",0,0,0,0,0
"1501/601.275mz/3.68min",0,0,0,0,0
"1502/586.1681mz/3.69min",0,0,0,0,0
"1503/299.1599mz/3.69min",0,0,0,0,0
"1506/585.2805mz/3.69min",0,0,0,0,0
"1509/906.3292mz/3.71min",0,0,0,0,0
"1511/923.3563mz/3.71min",0,0,0,0,0
"1513/921.3608mz/3.71min",0,0,0,0,0
"1514/926.3651mz/3.71min",0,0,0,0,0
"1516/928.3115mz/3.71min",0,0,0,0,0
"1517/925.3621mz/3.71min",0,0,0,0,0
"1518/930.3177mz/3.71min",0,0,0,0,0
"1520/922.3638mz/3.71min",0,0,0,0,0
"1521/926.3146mz/3.71min",0,0,0,0,0
"1522/944.2856mz/3.71min",0,0,0,0,0
"1524/500.2755mz/3.72min",0,0,0,0,0
"1526/498.2597mz/3.74min",0,0,0,0,0
"1532/289.1578mz/3.74min",0,0,0,0,0
"1534/527.2755mz/3.75min",0,0,0,0,0
"1539/721.3256mz/3.75min",0,0,0,0,0
"1540/699.3443mz/3.76min",0,0,0,0,0
"1541/195.0652mz/3.76min",0,0,0,0,0
"1543/496.244mz/3.77min",0,0,0,0,0
"1544/728.375mz/3.77min",0,0,0,0,0
"1552/599.2595mz/3.77min",0,0,0,0,0
"1553/299.0761mz/3.77min",0,0,0,0,0
"1554/454.2176mz/3.77min",0,0,0,0,0
"1560/908.4292mz/3.78min",0,0,0,0,0
"1563/887.4514mz/3.78min",0,0,0,0,0
"1566/654.2306mz/3.78min",0,0,0,0,0
"1567/891.431mz/3.78min",0,0,0,0,0
"1569/294.1335mz/3.78min",0,0,0,0,0
"1572/888.4555mz/3.78min",0,0,0,0,0
"1573/885.4444mz/3.78min",0,0,0,0,0
"1574/909.4351mz/3.78min",0,0,0,0,0
"1575/907.4261mz/3.78min",0,0,0,0,0
"1576/869.4495mz/3.78min",0,0,0,0,0
"1577/871.4544mz/3.79min",0,0,0,0,0
"1585/859.4047mz/3.79min",0,0,0,0,0
"1586/518.2199mz/3.8min",0,0,0,0,0
"1587/586.2837mz/3.8min",0,0,0,0,0
"1589/837.4231mz/3.79min",0,0,0,0,0
"1590/585.2803mz/3.8min",0,0,0,0,0
"1591/427.2128mz/3.8min",0,0,0,0,0
"1592/517.2177mz/3.8min",0,0,0,0,0
"1593/870.4513mz/3.78min",0,0,0,0,0
"1595/853.4174mz/3.8min",0,0,0,0,0
"1596/855.4244mz/3.8min",0,0,0,0,0
"1597/416.2275mz/3.8min",0,0,0,0,0
"1598/854.4176mz/3.81min",0,0,0,0,0
"1599/875.3997mz/3.81min",0,0,0,0,0
"1605/626.3431mz/3.82min",0,0,0,0,0
"1610/584.3326mz/3.83min",0,0,0,0,0
"1614/525.2342mz/3.83min",0,0,0,0,0
"1618/338.1498mz/3.83min",0,0,0,0,0
"1620/461.2968mz/3.84min",0,0,0,0,0
"1642/171.1491mz/3.89min",0,0,0,0,0
"1643/414.1181mz/3.89min",0,0,0,0,0
"1644/445.3018mz/3.89min",0,0,0,0,0
"1646/397.0916mz/3.89min",0,0,0,0,0
"1647/721.3519mz/3.89min",0,0,0,0,0
"1648/720.3487mz/3.89min",0,0,0,0,0
"1650/652.2862mz/3.89min",0,0,0,0,0
"1655/1010.3249mz/3.9min",0,0,0,0,0
"1658/1007.3257mz/3.9min",0,0,0,0,0
"1662/1013.3248mz/3.9min",0,0,0,0,0
"1663/1011.3246mz/3.91min",0,0,0,0,0
"1664/718.333mz/3.91min",0,0,0,0,0
"1667/719.3361mz/3.91min",0,0,0,0,0
"1668/429.2229mz/3.91min",0,0,0,0,0
"1673/451.2048mz/3.92min",0,0,0,0,0
"1675/475.196mz/3.92min",0,0,0,0,0
"1679/654.2307mz/3.93min",0,0,0,0,0
"1680/586.1682mz/3.93min",0,0,0,0,0
"1681/446.1443mz/3.93min",0,0,0,0,0
"1684/626.3431mz/3.94min",0,0,0,0,0
"1685/319.0448mz/3.94min",0,0,0,0,0
"1686/570.3399mz/3.94min",0,0,0,0,0
"1688/256.0637mz/3.94min",0,0,0,0,0
"1693/594.3171mz/3.94min",0,0,0,0,0
"1697/587.2875mz/3.96min",0,0,0,0,0
"1698/517.2177mz/3.96min",0,0,0,0,0
"1701/585.2804mz/3.96min",0,0,0,0,0
"1702/553.3464mz/4.0min",0,0,0,0,0
"1703/586.2837mz/3.96min",0,0,0,0,0
"1704/514.2856mz/3.96min",0,0,0,0,0
"1705/485.2837mz/4.0min",0,0,0,0,0
"1707/480.2491mz/3.98min",0,0,0,0,0
"1710/567.27mz/3.99min",0,0,0,0,0
"1713/278.1386mz/3.99min",0,0,0,0,0
"1715/734.3279mz/4.01min",0,0,0,0,0
"1718/652.2861mz/3.99min",0,0,0,0,0
"1719/333.1472mz/4.01min",0,0,0,0,0
"1720/720.3487mz/3.99min",0,0,0,0,0
"1722/481.2525mz/3.98min",0,0,0,0,0
"1724/552.3431mz/4.0min",0,0,0,0,0
"1727/484.2804mz/4.0min",0,0,0,0,0
"1728/207.0651mz/4.0min",0,0,0,0,0
"1729/718.333mz/3.97min",0,0,0,0,0
"1732/526.2545mz/4.01min",0,0,0,0,0
"1734/326.2536mz/4.01min",0,0,0,0,0
"1736/331.2091mz/4.01min",0,0,0,0,-0.61583
"1737/309.2271mz/4.02min",0,0,0,0,0
"1742/318.191mz/4.04min",0,0,0,0,0
"1743/291.0499mz/4.03min",0,0,0,0,0
"1744/594.3172mz/4.04min",0,0,0,0,0
"1745/181.0858mz/4.04min",0,0,0,0,0
"1747/564.343mz/4.12min",0,0,0,0,0
"1750/335.1964mz/4.07min",0,0,0,0,0
"1751/500.2276mz/4.08min",0,0,0,0,0
"1752/432.165mz/4.08min",0,0,0,0,0
"1753/734.3278mz/4.08min",0,0,0,0,0
"1754/737.4484mz/4.07min",0,0,0,0,0
"1758/567.2699mz/4.05min",0,0,0,0,0
"1759/508.244mz/4.09min",0,0,0,0,0
"1763/423.2025mz/4.09min",0,0,0,0,0
"1765/702.3379mz/4.11min",0,0,0,0,0
"1772/704.3534mz/4.14min",0,0,0,0,0
"1778/352.1965mz/4.14min",0,0,0,0,0.27683
"1779/209.1172mz/4.14min",0,0,0,0,0
"1780/191.1066mz/4.14min",0,0,0,0,0
"1785/332.1128mz/4.14min",0,0,0,0,0
"1787/686.3433mz/4.14min",0,0,0,0,0
"1788/618.2806mz/4.14min",0,0,0,0,0
"1789/730.3329mz/4.15min",0,0,0,0,0
"1794/713.3599mz/4.16min",0,0,0,0,0
"1797/735.3414mz/4.16min",0,0,0,0,0
"1803/569.2854mz/4.18min",0,0,0,0,0
"1806/750.3592mz/4.19min",0,0,0,0,0
"1808/550.1342mz/4.19min",0,0,0,0,0
"1811/446.1444mz/4.22min",0,0,0,0,0
"1812/223.06mz/4.22min",0,0,0,0,0
"1814/704.3539mz/4.21min",0,0,0,0,0
"1819/265.107mz/4.23min",0,0,0,0,0
"1821/221.1171mz/4.23min",0,0,0,0,0
"1822/283.1175mz/4.23min",0,0,0,0,0
"1825/497.1919mz/4.23min",0,0,0,0,0
"1833/971.318mz/4.24min",0,0,0,0,0
"1836/339.1591mz/4.24min",0,0,0,0,0
"1837/457.1854mz/4.24min",0,0,0,0,0
"1840/432.165mz/4.24min",0,0,0,0,0
"1844/500.2277mz/4.25min",0,0,0,0,0
"1846/522.2095mz/4.25min",0,0,0,0,0
"1853/395.1963mz/4.25min",0,0,0,0,0
"1854/443.2062mz/4.25min",0,0,0,0,0
"1858/196.0968mz/4.25min",0,0,0,0,0
"1860/686.3433mz/4.27min",0,0,0,0,0
"1862/562.2545mz/4.28min",0,0,0,0,0
"1863/446.1444mz/4.28min",0,0,0,0,0
"1869/524.2488mz/4.28min",0,0,0,0,0
"1876/235.1692mz/4.3min",0,0,0,0,0
"1877/293.1724mz/4.3min",0,0,0,0,0
"1878/253.1798mz/4.3min",0,0,0,0,0
"1885/569.2855mz/4.33min",0,0,0,0,0
"1886/460.16mz/4.33min",0,0,0,0,0
"1887/553.2907mz/4.32min",0,0,0,0,0
"1890/195.1379mz/4.34min",0,0,0,0,0
"1896/223.06mz/4.29min",0,0,0,0,0
"1897/702.3379mz/4.35min",0,0,0,0,0
"1898/511.2916mz/4.34min",0,0,0,0,0
"1900/582.2994mz/4.35min",0,0,0,0,0
"1901/581.2969mz/4.35min",0,0,0,0,0
"1902/388.1389mz/4.36min",0,0,0,0,0
"1905/704.3539mz/4.36min",0,0,0,0,0
"1908/456.2015mz/4.38min",0,0,0,0,0
"1911/474.1756mz/4.39min",0,0,0,0,0
"1912/347.1634mz/4.39min",0,0,0,0,0
"1913/316.2593mz/4.39min",0,0,0,0,0
"1917/501.2296mz/4.4min",0,0,0,0,0
"1918/432.165mz/4.4min",0,0,0,0,0
"1919/500.2277mz/4.4min",0,0,0,0,0
"1923/446.1444mz/4.4min",0,0,0,0,0
"1924/498.1756mz/4.4min",0,0,0,0,0
"1934/244.1907mz/4.43min",0,0,0,0,0
"1935/226.1801mz/4.43min",0,0,0,0,0
"1939/580.3379mz/4.46min",0,0,0,0,0
"1940/384.2955mz/4.44min",0,0,0,0,0
"1944/696.3851mz/4.45min",0,0,0,0,0
"1945/367.2688mz/4.45min",0,0,0,0,0
"1951/460.16mz/4.46min",0,0,0,0,0
"1955/490.2658mz/4.47min",0,0,0,0,0
"1957/202.2165mz/4.47min",0,0,0,0,0
"1964/388.1389mz/4.48min",0,0,0,0,0
"1967/495.2851mz/4.49min",0,0,0,0,0
"1968/594.3535mz/4.49min",0,0,0,0,0
"1970/474.1756mz/4.5min",0,0,0,0,0
"1971/569.2854mz/4.5min",0,0,0,0,0
"1973/686.3432mz/4.51min",0,0,0,0,0
"1975/687.3465mz/4.5min",0,0,0,0,0
"1976/595.3571mz/4.49min",0,0,0,0,0
"1980/539.2748mz/4.52min",0,0,0,0,0
"1984/252.0866mz/4.52min",0,0,0,0,0
"1985/688.3587mz/4.52min",0,0,0,0,0
"1987/395.1599mz/4.53min",0,0,0,0,0
"1989/750.3591mz/4.53min",0,0,0,0,0
"2000/443.2062mz/4.56min",0,0,0,0,0
"2003/575.2727mz/4.57min",0,0,0,0,0
"2008/644.2229mz/4.57min",0,0,0,0,0
"2009/622.2408mz/4.57min",0,0,0,0,0
"2010/554.1783mz/4.57min",0,0,0,0,0
"2012/553.2907mz/4.57min",0,0,0,0,0
"2015/555.1816mz/4.57min",0,0,0,0,0
"2016/554.2939mz/4.57min",0,0,0,0,0
"2018/485.2279mz/4.58min",0,0,0,0,0
"2023/555.2967mz/4.57min",0,0,0,0,0
"2024/525.2706mz/4.58min",0,0,0,0,0
"2028/542.2971mz/4.58min",0,0,0,0,0
"2036/396.1439mz/4.6min",0,0,0,0,0
"2040/716.3537mz/4.62min",0,0,0,0,0
"2042/309.1332mz/4.63min",0,0,0,0,0
"2047/563.3297mz/4.66min",0,0,0,0,0
"2048/402.1545mz/4.58min",0,0,0,0,0
"2059/459.2013mz/4.67min",0,0,0,0,0
"2064/282.1675mz/4.66min",0,0,0,0,0
"2065/242.175mz/4.66min",0,0,0,0,0
"2066/260.1856mz/4.66min",0,0,0,0,0
"2068/471.2715mz/4.66min",0,0,0,0,0
"2070/203.1793mz/4.66min",0,0,0,0,0
"2073/562.3272mz/4.66min",0,0,0,0,0
"2074/211.0964mz/4.66min",0,0,0,0,0
"2081/486.2487mz/4.68min",0,0,0,0,0
"2091/416.1702mz/4.69min",0,0,0,0,0
"2092/484.2328mz/4.69min",0,0,0,0,0
"2097/444.2095mz/4.69min",0,0,0,0,0
"2102/443.2062mz/4.69min",0,0,0,0,0
"2106/575.2746mz/4.74min",0,0,0,0,0
"2108/352.1178mz/4.72min",0,0,0,0,0
"2112/253.0494mz/4.73min",0,0,0,0,0
"2113/271.0601mz/4.73min",0,0,0,0,0
"2117/535.2799mz/4.74min",0,0,0,0,0
"2119/232.9823mz/4.75min",0,0,0,0,0
"2123/213.9685mz/4.75min",0,0,0,0,0
"2124/211.9705mz/4.75min",0,0,0,0,0
"2126/231.979mz/4.75min",0,0,0,0,0
"2127/230.9844mz/4.75min",0,0,0,0,0
"2129/656.0711mz/4.75min",0,0,0,0,0
"2130/225.1485mz/4.75min",0,0,0,0,0
"2138/631.3851mz/4.76min",0,0,0,0,0
"2141/524.2872mz/4.77min",0,0,0,0,0
"2146/668.2634mz/4.78min",0,0,0,0,0
"2152/461.207mz/4.8min",0,0,0,0,0
"2167/476.2277mz/4.79min",0,0,0,0,0
"2168/459.2012mz/4.79min",0,0,0,0,0
"2173/917.3945mz/4.79min",0,0,0,0,0
"2174/934.4209mz/4.79min",0,0,0,0,0
"2179/460.2045mz/4.79min",0,0,0,0,0
"2182/565.2907mz/4.81min",0,0,0,0,0
"2185/1022.5001mz/4.83min",0,0,0,0,0
"2188/312.0866mz/4.82min",0,0,0,0,0
"2189/440.1702mz/4.83min",0,0,0,0,0
"2190/418.1493mz/4.82min",0,0,0,0,0
"2191/441.1906mz/4.83min",0,0,0,0,0
"2192/468.2588mz/4.85min",0,0,0,0,0
"2196/433.222mz/4.9min",0,0,0,0,0
"2197/443.2063mz/4.84min",0,0,0,0,0
"2199/764.3746mz/4.84min",0,0,0,0,0
"2210/442.3372mz/4.84min",0,0,0,0,0
"2213/575.236mz/4.87min",0,0,0,0,0
"2214/475.2328mz/4.86min",0,0,0,0,0
"2219/510.2695mz/4.86min",0,0,0,0,0
"2220/304.0814mz/4.87min",0,0,0,0,0
"2221/485.1916mz/4.86min",0,0,0,0,0
"2222/553.2541mz/4.86min",0,0,0,0,0
"2226/646.3481mz/4.87min",0,0,0,0,0
"2227/473.2159mz/4.86min",0,0,0,0,0
"2230/372.144mz/4.87min",0,0,0,0,0
"2234/551.2749mz/4.88min",0,0,0,0,0
"2237/229.1991mz/4.88min",0,0,0,0,0
"2239/228.1957mz/4.88min",0,0,0,0,0
"2242/447.2012mz/4.89min",0,0,0,0,0
"2246/423.1799mz/4.87min",0,0,0,0,0
"2249/1022.5mz/4.89min",0,0,0,0,0
"2252/468.259mz/4.9min",0,0,0,0,0
"2261/915.3693mz/4.91min",0,0,0,0,0
"2264/917.3752mz/4.91min",0,0,0,0,0
"2265/498.212mz/4.91min",0,0,0,0,0
"2266/439.1749mz/4.91min",0,0,0.31051,0,0
"2268/916.3722mz/4.91min",0,0,0,0,0
"2274/913.3635mz/4.91min",0,0,0,0,0
"2282/458.1888mz/4.91min",0,0,0.040496,0,0
"2283/459.1906mz/4.91min",0,0,0.21049,0,0
"2284/457.1854mz/4.91min",0,0,0,0,0
"2304/431.2062mz/4.92min",0,0,0,0,0
"2307/471.1762mz/4.92min",0,0,0,0,0
"2309/700.3587mz/4.93min",0,0,0,0,0
"2310/425.1959mz/4.94min",0,0,0,0,0
"2315/172.1695mz/4.94min",0,0,0,0,0
"2316/277.2161mz/4.94min",0,0,0,0,0
"2325/221.19mz/4.95min",0,0,0,0,0
"2332/158.1539mz/4.95min",0,0,0,0,0
"2336/457.2543mz/4.95min",0,0,0,0,0
"2344/730.5067mz/4.97min",0,0,0,0,0
"2345/416.1702mz/4.96min",0,0,0,0,0
"2352/443.2063mz/4.97min",0,0,0,0,0
"2353/430.1493mz/4.96min",0,0,0,0,0
"2360/484.2328mz/4.97min",0,0,0,0,0
"2362/438.2272mz/4.98min",0,0,0,0,0
"2382/441.1907mz/4.99min",0,0,0,0,0
"2383/532.2763mz/4.99min",0,0,0,0,0
"2384/552.2814mz/4.99min",0,0,0,0,0
"2388/460.241mz/5.0min",0,0,0,0,0
"2390/434.2169mz/5.0min",0,0,0,0,0
"2391/409.2007mz/5.0min",0,0,0,0,0
"2392/499.2301mz/5.0min",0,0,0,0,0
"2395/495.2779mz/5.0min",0,0,0,0,0
"2398/970.5153mz/5.0min",0,0,0,0,0
"2399/442.2301mz/5.0min",0,0,0,0,0
"2400/477.248mz/5.0min",0,0,0,0,0
"2401/441.2268mz/5.0min",0,0,0,0,0
"2402/494.2746mz/5.0min",0,0,0,0,0
"2403/459.2375mz/5.0min",0,0,0,0,0
"2406/233.1535mz/5.0min",0,0,0,0,0
"2407/496.2805mz/5.0min",0,0,0,0,0
"2408/975.4707mz/5.0min",0,0,0,0,0
"2409/423.2164mz/5.0min",0,0,0,0,0
"2412/261.1121mz/5.01min",0,0,0,0,0
"2422/486.1755mz/5.02min",0,0,0,0,0
"2425/526.2644mz/5.02min",0,0,0,0,0
"2427/274.2012mz/5.03min",0,0,0,0,0
"2434/537.338mz/5.07min",0,0,0,0,0
"2437/475.2324mz/5.05min",0,0,0,0,0
"2438/476.2771mz/5.05min",0,0,0,0,0
"2442/457.22mz/5.05min",0,0,0,0,0
"2444/476.2359mz/5.05min",0,0,0,0,0
"2445/310.1437mz/5.05min",0,0,0,0,0
"2451/452.2641mz/5.06min",0,0,0,0,0
"2455/417.227mz/5.08min",0,0,0,0,0
"2458/435.2375mz/5.06min",0,0,0,0,0
"2462/359.2539mz/5.07min",0,0,0,0,0
"2463/493.2429mz/5.07min",0,0,0,0,0
"2464/507.285mz/5.09min",0,0,0,0,0
"2469/449.2533mz/5.08min",0,0,0,0,0
"2472/459.2373mz/5.09min",0,0,0,0,0
"2473/518.3238mz/5.08min",0,0,0,0,0
"2475/511.2729mz/5.09min",0,0,0,0,0
"2477/510.2695mz/5.1min",0,0,0,0,0
"2482/553.3032mz/5.1min",0,0,0,0,0
"2484/443.2062mz/5.1min",0,0,0,0,0
"2487/445.2113mz/5.13min",0,0,0,0,0
"2495/548.2865mz/5.12min",0,0,0,0,0
"2500/372.144mz/5.11min",0,0,0,0,0
"2514/496.2901mz/5.12min",0,0,0,0,0
"2520/415.2113mz/5.13min",0,0,0,0,0
"2523/433.2219mz/5.13min",0,0,0,0,0
"2530/434.2253mz/5.13min",0,0,0,0,0
"2539/362.2324mz/5.15min",0,0,0,0,0
"2541/536.3345mz/5.08min",0,0,0,0,0
"2542/441.1905mz/5.15min",0,0,0,0,0
"2544/531.2575mz/5.16min",0,0,0,0,0
"2546/491.2635mz/5.15min",0,0,0,0,0
"2547/534.3187mz/5.16min",0,0,0,0,0
"2549/462.1757mz/5.16min",0,0,0,0,0
"2552/285.206mz/5.17min",0,0,0,0,0
"2554/189.1637mz/5.17min",0,0,0,0,0
"2558/907.3865mz/5.16min",0,0,0,0,0
"2559/267.1954mz/5.17min",0,0,0,0,0
"2560/249.1849mz/5.17min",0,0,0,0,0
"2561/217.1586mz/5.17min",0,0,0,0,0
"2562/235.1692mz/5.17min",0,0,0,0,0
"2563/510.2792mz/5.17min",0,0,0,0,0
"2564/253.1798mz/5.17min",0,0,0,0,0
"2565/902.4312mz/5.17min",0,0,0,0,0
"2566/307.1879mz/5.17min",0,0,0,0,0
"2567/443.2062mz/5.17min",0,0,0,0,0
"2568/885.4044mz/5.17min",0,0,0,0,0
"2572/509.2757mz/5.17min",0,0,0,0,0
"2573/444.2095mz/5.17min",0,0,0,0,0
"2574/475.2326mz/5.17min",0,0,0,0,0
"2583/418.1494mz/5.19min",0,0,0,0,0
"2588/267.1015mz/5.19min",0,0,0,0,0
"2590/508.2548mz/5.19min",0,0,0,0,0
"2595/491.2268mz/5.2min",0,0,0,0,0
"2596/405.21mz/5.2min",0,0,0,0,0
"2601/409.162mz/5.2min",0,0,0,0,0
"2604/404.2065mz/5.21min",0,0,0,0,0
"2605/387.1801mz/5.21min",0,0,0,0,0
"2610/447.2375mz/5.29min",0,0,0,0,0
"2614/744.522mz/5.21min",0,0,0,0,0
"2615/568.37mz/5.21min",0,0,0,0,0
"2623/493.2433mz/5.21min",0,0,0,0,0
"2631/526.3012mz/5.22min",0,0,0,0,0
"2632/494.2744mz/5.22min",0,0,0,0,0
"2635/491.2634mz/5.22min",0,0,0,0,0
"2636/466.2221mz/5.22min",0,0,0,0,0
"2641/398.1596mz/5.23min",0,0,0,0,0
"2643/536.3343mz/5.23min",0,0,0,0,0
"2655/507.2586mz/5.24min",0,0,0,0,0
"2661/542.2958mz/5.24min",0,0,0,0,0
"2662/401.1786mz/5.25min",0,0,0,0,0
"2663/957.4502mz/5.25min",0,0,0,0,0
"2664/400.1752mz/5.26min",0,0,0,0,0
"2665/468.2378mz/5.26min",0,0,0,0,0
"2666/935.4701mz/5.29min",0,0,0,0,0
"2667/402.1813mz/5.26min",0,0,0,0,0
"2668/490.2198mz/5.26min",0,0,0,0,0
"2669/586.2423mz/5.26min",0,0,0,0,0
"2675/428.1701mz/5.27min",0,0,0,0,0
"2676/496.2327mz/5.27min",0,0,0,0,0
"2677/534.3189mz/5.27min",0,0,0,0,0
"2682/414.1545mz/5.27min",0,0,0,0,0
"2683/482.2171mz/5.27min",0,0,0,0,0
"2689/443.2062mz/5.28min",0,0,0,0,0
"2692/436.2692mz/5.35min",0,0,0,0,0
"2695/416.16mz/5.27min",0,0,0,0,0
"2697/458.1892mz/5.29min",0,0,0,0,0
"2698/457.1855mz/5.28min",0,0,0,0,0
"2704/482.2745mz/5.29min",0,0,0,0,0
"2716/537.2957mz/5.3min",0,0,0,0,0
"2717/354.1334mz/5.3min",0,0,0,0,0
"2724/309.2423mz/5.3min",0,0,0,0,0
"2725/362.29mz/5.3min",0,0,0,0,0
"2728/489.2481mz/5.31min",0,0,0,0,0
"2732/524.285mz/5.31min",0,0,0,0,0
"2735/618.3282mz/5.32min",0,0,0,0,0
"2738/510.2482mz/5.31min",0,0,0,0,0
"2740/367.2453mz/5.32min",0,0,0,0,0
"2743/442.1856mz/5.32min",0,0,0,0,0
"2744/488.2862mz/5.32min",0,0,0,0,0
"2745/990.5103mz/5.33min",0,0,0,0,0
"2746/443.189mz/5.31min",0,0,0,0,0
"2750/511.2515mz/5.32min",0,0,0,0,0
"2751/632.369mz/5.36min",0,0,0,0,0
"2752/295.2267mz/5.33min",0,0,0,0,0
"2753/538.3499mz/5.34min",0,0,0,0,0
"2757/471.2714mz/5.34min",0,0,0,0,0
"2758/179.0702mz/5.34min",0,0,0,0,0
"2759/221.19mz/5.34min",0,0,0,0,0
"2761/450.2929mz/5.34min",0,0,0,0,0
"2762/181.1223mz/5.34min",0,0,0,0,0
"2763/761.5468mz/5.34min",0,0,0,0,0
"2764/211.0964mz/5.34min",0,0,0,0,0
"2765/449.2895mz/5.34min",0,0,0,0,0
"2767/227.1642mz/5.33min",0,0,0,0,0
"2768/259.2055mz/5.34min",0,0,0,0,0
"2769/335.2197mz/5.37min",0,0,0,0,0
"2770/277.2161mz/5.34min",0,0,0,0,0
"2777/461.217mz/5.34min",0,0,0.44611,0,0
"2780/203.1792mz/5.34min",0,0,0,0,0
"2782/419.2426mz/5.35min",0,0,0,0,0
"2787/758.5378mz/5.35min",0,0,0,0,0
"2794/512.285mz/5.35min",0,0,0,0,0
"2795/780.5201mz/5.35min",0,0,0,0,0
"2798/445.2223mz/5.35min",0,0,0,0,0
"2799/446.2256mz/5.35min",0,0,0,0,0
"2802/614.4118mz/5.36min",0,0,0,0,0
"2803/293.211mz/5.36min",0,0,0,0,0
"2804/401.2321mz/5.35min",0,0,0,0,0
"2807/441.2254mz/5.36min",0,0,0,0,0
"2811/297.1695mz/5.36min",0,0,0,0,0
"2812/265.1434mz/5.36min",0,0,0,0,0
"2815/590.352mz/5.37min",0,0,0,0,0
"2816/568.3701mz/5.37min",0,0,0,0,0
"2817/319.1515mz/5.37min",0,0,0,0,0
"2824/444.2096mz/5.38min",0,0,0,0,0
"2832/443.2062mz/5.38min",0,0,0,0,0
"2840/492.2601mz/5.43min",0,0,0,0,0
"2843/434.2534mz/5.39min",0,0,0,0,0
"2845/524.2638mz/5.4min",0,0,0,0,0
"2851/357.1525mz/5.4min",0,0,0,0,0
"2853/424.2115mz/5.4min",0,0,0,0,0
"2854/415.2112mz/5.4min",0,0,0,0,0
"2855/356.1491mz/5.4min",0,0,0,0,0
"2864/435.2566mz/5.4min",0,0,0,0,0
"2866/441.1906mz/5.4min",0,0,0,0,0
"2867/446.1936mz/5.41min",0,0,0,0,0
"2869/457.2218mz/5.4min",0,0,0,0,0
"2870/536.3344mz/5.41min",0,0,0,0,0
"2871/443.2422mz/5.4min",0,0,0,0,0
"2872/444.2454mz/5.4min",0,0,0,0,0
"2874/461.2533mz/5.43min",0,0,0,0,0
"2875/458.2252mz/5.4min",0,0,0,0,0
"2877/456.2016mz/5.4min",0,0,0,0,0
"2878/288.2169mz/5.41min",0,0,0,0,0
"2879/478.2792mz/5.41min",0,0,0,0,0
"2882/742.5431mz/5.41min",0,0,0,0,0
"2885/522.2704mz/5.41min",0,0,0,0,0
"2895/439.209mz/5.42min",0,0,0,0,0
"2896/833.4462mz/5.42min",0,0,0,0,0
"2897/419.2324mz/5.42min",0,0,0,0,0
"2899/417.227mz/5.42min",0,0,0,0,0
"2900/418.2304mz/5.42min",0,0,0,0,0
"2901/852.4799mz/5.43min",0,0,0,0,0
"2903/385.2007mz/5.43min",0,0,0,0,0
"2904/850.4726mz/5.43min",0,0,0,0,0
"2905/399.2164mz/5.43min",0,0,0,0,0
"2906/855.428mz/5.43min",0,0,0,0,0
"2907/505.2428mz/5.43min",0,0,0,0,0
"2908/540.2798mz/5.43min",0,0,0,0,0
"2911/400.2197mz/5.43min",0,0,0,0,0
"2913/734.5194mz/5.44min",0,0,0,0,0
"2919/477.2477mz/5.44min",0,0,0,0,0
"2921/612.3963mz/5.44min",0,0,0,0,0
"2924/462.2567mz/5.45min",0,0,0,0,0
"2925/482.2171mz/5.45min",0,0,0,0,0
"2930/526.301mz/5.45min",0,0,0,0,0
"2933/636.3938mz/5.46min",0,0,0,0,0
"2936/585.3965mz/5.46min",0,0,0,0,0
"2938/615.4151mz/5.46min",0,0,0,0,0
"2939/494.2742mz/5.46min",0,0,0,0,0
"2940/614.4119mz/5.46min",0,0,0,0,0
"2941/568.3701mz/5.46min",0,0,0,0,0
"2942/516.2013mz/5.46min",0,0,0,0,0
"2944/590.3521mz/5.46min",0,0,0,0,0
"2945/429.174mz/5.46min",0,0,0,0,0
"2946/496.2326mz/5.46min",0,0,0,0,0
"2948/569.3734mz/5.44min",0,0,0,0,0
"2951/428.1701mz/5.47min",0,0,0,0,0
"2952/460.2409mz/5.49min",0,0,0,0,0
"2955/430.2303mz/5.46min",0,0,0,0,0
"2956/429.227mz/5.46min",0,0,0,0,0
"2957/318.3002mz/5.47min",0,0,0,0,0
"2958/664.3954mz/5.46min",0,0,0,0,0
"2962/560.3073mz/5.48min",0,0,0,0,0
"2968/480.2379mz/5.48min",0,0,0,0,0
"2986/445.2586mz/5.45min",0,0,0,0,0
"2987/829.4149mz/5.49min",0,0,0,0,0
"2988/646.3846mz/5.51min",0,0,0,0,0
"2992/415.2113mz/5.49min",0,0,0,0,0
"2993/437.1931mz/5.49min",0,0,0,0,0
"2994/846.4417mz/5.49min",0,0,0,0,0
"2996/416.2147mz/5.49min",0,0,0,0,0
"3001/473.2168mz/5.49min",0,0,0,0,0
"3013/476.2635mz/5.5min",0,0,0,0,0
"3014/508.2919mz/5.47min",0,0,-0.33929,0,0
"3016/492.259mz/5.5min",0,0,0,0,0
"3017/575.2973mz/5.5min",0,0,0,0,0
"3020/434.2533mz/5.48min",0,0,0,0,0
"3024/428.2146mz/5.51min",0,0,0,0,0
"3025/457.2215mz/5.5min",0,0,0,0,0
"3034/427.2112mz/5.51min",0,0,0,0,0
"3037/409.2007mz/5.51min",0,0,0,0,0
"3038/475.2323mz/5.51min",0,0,0,0,0
"3039/477.2392mz/5.52min",0,0,0,0,0
"3041/461.2432mz/5.52min",0,0,0,0,0
"3042/442.2303mz/5.52min",0,0,0,0,0
"3043/391.1902mz/5.51min",0,0,0,0,0
"3044/293.211mz/5.52min",0,0,0,0,0
"3045/497.2143mz/5.5min",0,0,0,0,0
"3046/476.2357mz/5.51min",0,0,0,0,0
"3049/441.2269mz/5.52min",0,0,0,0,0
"3050/459.2375mz/5.52min",0,0,0,0,0
"3051/423.2163mz/5.52min",0,0,0,0,0
"3053/493.2621mz/5.5min",0,0,0,0,0
"3056/960.6947mz/5.52min",0,0,0,0,0
"3058/494.3198mz/5.52min",0,0,0,0,0
"3063/965.6502mz/5.52min",0,0,0,0,0
"3064/472.3378mz/5.52min",0,0,0,0,0
"3073/384.1439mz/5.54min",0,0,0,0,0
"3075/489.247mz/5.54min",0,0,0,0,0
"3077/484.2902mz/5.54min",0,0,0,0,0
"3083/450.2588mz/5.55min",0,0,0,0,0
"3084/449.2531mz/5.55min",0,0,0,0,0
"3093/387.1929mz/5.56min",0,0,0,0,0
"3094/594.3857mz/5.56min",0,0,0,0,0
"3097/616.3678mz/5.56min",0,0,0,0,0
"3105/646.3847mz/5.56min",0,0,0,0,0
"3109/494.2743mz/5.56min",0,0,0,0,0
"3110/495.2778mz/5.55min",0,0,0,0,0
"3112/312.2896mz/5.58min",0,0,0,0,0
"3116/614.4112mz/5.57min",0,0,0,0,0
"3118/614.358mz/5.64min",0,0,0,0,0
"3123/422.196mz/5.57min",0,0,0,0,0
"3126/318.191mz/5.58min",0,0,0,0,0
"3130/277.2161mz/5.58min",0,0,0,0,0
"3131/295.2267mz/5.58min",0,0,0,0,0
"3135/335.2193mz/5.58min",0,0,0,0,0
"3137/294.2791mz/5.58min",0,0,0,0,0
"3146/429.2275mz/5.58min",0,0,0,0,0
"3158/493.3116mz/5.58min",0,0,0,0,0
"3159/492.3082mz/5.59min",0,0,0,0,0
"3163/529.327mz/5.6min",0,0,0,0,0
"3164/439.2305mz/5.6min",0,0,0,0,0
"3165/612.3953mz/5.6min",0,0,0,0,0
"3170/370.1647mz/5.61min",0,0,0,0,0
"3171/438.2272mz/5.61min",0,0,0,0,0
"3172/371.1681mz/5.6min",0,0,0,0,0
"3174/501.2457mz/5.62min",0,0,0,0,0
"3175/497.294mz/5.61min",0,0,0,0,0
"3177/233.1899mz/5.61min",0,0,0,0,0
"3178/1071.5659mz/5.62min",0,0,0,0,0
"3179/496.2902mz/5.61min",0,0,0,0,0
"3180/461.2532mz/5.62min",0,0,0,0,0
"3181/343.2266mz/5.62min",0,0,0,0,0
"3182/536.2865mz/5.62min",0,0,0,0,0
"3183/538.2927mz/5.62min",0,0,0,0,0
"3184/974.5152mz/5.63min",0,0,0,0,0
"3189/462.2565mz/5.62min",0,0,0,0,0
"3196/582.3858mz/5.63min",0,0,0,0,0
"3198/599.4123mz/5.63min",0,0,0,0,0
"3201/604.3678mz/5.63min",0,0,0,0,0
"3203/605.3709mz/5.63min",0,0,0,0,0
"3204/432.2377mz/5.64min",0,0,0,0,0
"3206/415.2113mz/5.64min",0,0,0,0,0
"3208/646.3848mz/5.61min",0,0,0,0,0
"3212/280.2351mz/5.65min",0,0,0,0,0
"3215/594.3858mz/5.65min",0,0,0,0,0
"3216/230.0957mz/5.66min",0,0,0,0,0
"3217/311.7054mz/5.66min",0,0,0,0,0
"3219/298.2457mz/5.65min",0,0,0,0,0
"3220/375.3045mz/5.66min",0,0,0,0,0
"3221/453.3473mz/5.65min",0,0,0,0,-0.053596
"3222/261.2212mz/5.65min",0,0,0,0,0
"3223/337.235mz/5.65min",0,0,0,0,0
"3224/279.2318mz/5.65min",0,0,0,0,0
"3225/297.2423mz/5.65min",0,0,0,0,0
"3229/658.4244mz/5.65min",0,0,0,0,0
"3234/476.2745mz/5.72min",0,0,0,0,0
"3241/426.2614mz/5.67min",0,0,0,0,0
"3251/491.2636mz/5.73min",0,0,0,0,0
"3254/443.2063mz/5.67min",0,0,0,0,0
"3256/425.1957mz/5.69min",0,0,0,0,0
"3257/304.2998mz/5.7min",0,0,0,0,0
"3261/332.3159mz/5.72min",0,0,0,0,0
"3267/558.3277mz/5.7min",0,0,0,0,0
"3268/508.2691mz/5.7min",0,0,0,0,0
"3279/433.2582mz/5.71min",0,0,0,0,0
"3280/459.2375mz/5.71min",0,0,0,0,0
"3282/518.3238mz/5.71min",0,0,0,0,0
"3290/302.3053mz/5.71min",0,0,0,0,0
"3291/440.2064mz/5.71min",0,0,0,0,0
"3293/430.2302mz/5.71min",0,0,0,0,0
"3294/468.3097mz/5.71min",0,0,0,0,0
"3295/429.227mz/5.71min",0,0,0,0,0
"3299/549.3181mz/5.72min",0,0,0,0,0
"3301/666.3837mz/5.72min",0,0,0,0,0
"3303/532.2915mz/5.72min",0,0,0,0,0
"3306/628.4275mz/5.73min",0,0,0,0,0
"3309/608.4014mz/5.72min",0,0,0,0,0
"3310/444.2459mz/5.73min",0,0,0,0,0
"3311/492.295mz/5.73min",0,0,0,0,0
"3313/629.4307mz/5.72min",0,0,0,0,0
"3314/650.4095mz/5.73min",0,0,0,0,0
"3316/645.4542mz/5.73min",0,0,0,0,0
"3317/958.5205mz/5.73min",0,0,0,0,0
"3321/515.2611mz/5.73min",0,0,0,0,0
"3324/475.2687mz/5.73min",0,0,0,0,0
"3326/510.3058mz/5.73min",0,0,0,0,0
"3328/439.2476mz/5.73min",0,0,0,0,0
"3329/1007.533mz/5.73min",0,0,0,0,0
"3330/425.2319mz/5.73min",0,0,0,0,0
"3332/458.2615mz/5.73min",0,0,0,0,0
"3333/435.2374mz/5.73min",0,0,0,0,0
"3334/457.2582mz/5.73min",0,0,0,0,0
"3336/443.2425mz/5.73min",0,0,0,0,0
"3337/477.2752mz/5.74min",0,0,0,0,0
"3340/476.2727mz/5.74min",0,0,0,0,0
"3346/506.3239mz/5.74min",0,0,0,0,0
"3347/431.2789mz/5.74min",0,0,0,0,0
"3351/203.1793mz/5.75min",0,0,0,0,0
"3352/453.261mz/5.75min",0,0,0,0,0
"3354/211.0964mz/5.75min",0,0,0,0,0
"3356/221.19mz/5.75min",0,0,0,0,0
"3358/441.2269mz/5.75min",0,0,0,0,0
"3364/543.3888mz/5.75min",0,0,0,0,0
"3366/960.5265mz/5.73min",0,0,0,0,0
"3373/401.2319mz/5.78min",0,0,0,0,0
"3375/402.2353mz/5.79min",0,0,0,0,0
"3376/330.3001mz/5.8min",0,0,0,0,0
"3378/536.2862mz/5.76min",0,0,0,0,0
"3380/619.3865mz/5.82min",0,0,0,0,0
"3381/494.3236mz/5.8min",0,0,0,0,0
"3386/464.2764mz/5.8min",0,0,0,0,0
"3388/641.4597mz/5.8min",0,0,0,0,0
"3393/302.3053mz/5.76min",0,0,0,0,0
"3395/413.232mz/5.8min",0,0,0,0,0
"3396/518.3238mz/5.81min",0,0,0,0,0
"3412/179.0702mz/5.75min",0,0,0,0,0
"3416/203.1793mz/5.79min",0,0,0,0,0
"3417/618.3833mz/5.82min",0,0,0,0,0
"3418/634.3574mz/5.82min",0,0,0,0,0
"3420/599.4098mz/5.82min",0,0,0,0,0
"3424/627.4431mz/5.83min",0,0,0,0,0
"3430/596.4016mz/5.83min",0,0,0,0,0
"3431/613.4278mz/5.83min",0,0,0,0,0
"3433/598.4073mz/5.82min",0,0,0,0,0
"3435/592.3133mz/5.83min",0,0,0,0,0
"3436/1191.7954mz/5.83min",0,0,0,0,0
"3442/506.3238mz/5.85min",0,0,0,0,0
"3446/431.2788mz/5.85min",0,0,0,0,0
"3449/452.2769mz/5.85min",0,0,0,0,0
"3453/459.2371mz/5.85min",0,0,0,0,0
"3456/489.248mz/5.86min",0,0,0,0,0
"3459/550.302mz/5.87min",0,0,0,0,0
"3461/457.3997mz/5.87min",0,0,0,0,0
"3464/309.2424mz/5.88min",0,0,0,0,0
"3469/507.2586mz/5.88min",0,0,0,0,0
"3470/480.1907mz/5.88min",0,0,0,0,0
"3471/941.7252mz/5.9min",0,0,0,0,0
"3473/458.4029mz/5.87min",0,0,0,0,0
"3479/522.2823mz/5.92min",0,0,0,0,0
"3480/344.3158mz/5.89min",0,0,0,0,0
"3483/482.324mz/5.89min",0,0,0,0,0
"3486/496.3297mz/5.9min",0,0,0,0,0
"3487/494.3238mz/5.9min",0,0,0,0,0
"3489/444.2459mz/5.91min",0,0,0,0,0
"3505/443.2425mz/5.91min",0,0,0,0,0
"3507/494.2854mz/5.91min",0,0,0,0,0
"3508/642.4431mz/5.91min",0,0,0,0,0
"3511/608.4015mz/5.91min",0,0,0,0,0
"3515/664.4253mz/5.91min",0,0,0,0,0
"3517/493.2805mz/5.91min",0,0,0,0,0
"3520/515.2622mz/5.92min",0,0,0,0,0
"3525/510.3067mz/5.92min",0,0,0,0,0
"3527/325.2372mz/5.92min",0,0,0,0,0
"3529/347.3349mz/5.93min",0,0,0,0,0
"3530/511.3101mz/5.92min",0,0,0,0,0
"3532/286.3103mz/5.97min",0,0,0,0,0
"3533/597.3034mz/5.94min",0,0,0,0,0
"3534/663.2904mz/5.95min",0,0,0,0,0
"3537/346.3314mz/5.93min",0,0,0,0,0
"3544/514.337mz/5.94min",0,0,0,0,0
"3548/211.0964mz/5.94min",0,0,0,0,0
"3551/429.2632mz/5.95min",0,0,0,0,0
"3555/440.2769mz/5.95min",0,0,0,0,0
"3570/500.2745mz/5.96min",0,0,0,0,0
"3571/478.2927mz/5.96min",0,0,0,0,0
"3572/475.2688mz/5.96min",0,0,0,0,0
"3573/955.5777mz/5.96min",0,0,0,0,0
"3575/337.2735mz/5.96min",0,0,0,0,0
"3578/479.2961mz/5.96min",0,0,0,0,0
"3580/642.4298mz/5.97min",0,0,0,0,0
"3585/459.2369mz/5.96min",0,0,0,0,0
"3586/353.2685mz/5.97min",0,0,0,0,0
"3587/522.2823mz/5.96min",0,0,0,0,0
"3597/408.3258mz/5.98min",0,0,0,0,0
"3608/634.4046mz/5.98min",0,0,0,0,0
"3612/1087.7026mz/6.0min",0,0,0,0,0
"3613/955.7408mz/5.98min",0,0,0,0,0
"3615/606.3285mz/5.98min",0,0,0,0,0
"3620/632.3989mz/5.99min",0,0,0,0,0
"3621/648.3726mz/5.99min",0,0,0,0,0
"3626/610.417mz/5.99min",0,0,0,0,0
"3627/627.4435mz/5.99min",0,0,0,0,0
"3628/628.4473mz/5.99min",0,0,0,0.38403,0
"3629/629.4501mz/5.99min",0,0,0,0.25206,0
"3631/464.3001mz/5.99min",0,0,0,0,0
"3633/613.4268mz/6.0min",0,0,0,0,0
"3638/518.3237mz/6.0min",0,0,0,0,0
"3639/482.3239mz/6.0min",0,0,0,0,0
"3640/1129.7497mz/6.0min",0,0,0,0,0
"3641/520.3395mz/6.01min",0,0,0,0,0
"3648/523.3477mz/6.01min",0,0,0,0,0
"3650/1039.6714mz/6.01min",0,0,0,0,0
"3654/1001.6557mz/6.01min",0,0,0,0,0
"3656/542.3215mz/6.01min",0,0,0,0,0
"3657/1042.6809mz/6.06min",0,0,0,0,0
"3658/1041.6148mz/6.05min",0,0,0,0,0
"3660/597.303mz/6.02min",0,0,0,0,0
"3662/643.4467mz/6.02min",0,0,0,0,0
"3664/312.2532mz/6.03min",0,0,0,0,0
"3665/480.2984mz/6.04min",0,0,0,0,0
"3667/659.4699mz/6.03min",0,0,0,0,0
"3668/642.4433mz/6.03min",0,0,0,0,0
"3669/491.2636mz/6.03min",0,0,0,0,0
"3671/277.2162mz/6.01min",0,0,0,0,0
"3675/431.2789mz/6.07min",0,0,0,0,0
"3676/508.2897mz/6.03min",0,0,0,0,0
"3681/521.3428mz/6.06min",0,0,0,0,0
"3683/622.3501mz/6.1min",0,0,0,0,0
"3686/523.2856mz/6.04min",0,0,0,0,0
"3688/1087.7027mz/6.04min",0,0,0,0,0
"3692/597.4045mz/6.0min",0,0,0,0,0
"3694/596.4014mz/6.05min",0,0,0,0,0
"3698/620.3438mz/6.14min",0,0,0,0,0
"3700/618.3834mz/6.05min",0,0,0,0,0
"3705/481.3009mz/6.06min",0,0,0,0,0
"3706/955.5776mz/6.06min",0,0,0,0,0
"3707/544.3626mz/6.05min",0,0,0,0,0
"3708/478.2926mz/6.06min",0,0,0,0,0
"3715/337.2736mz/6.04min",0,0,0,0,0
"3717/999.5675mz/6.06min",0,0,0,0,0
"3718/958.5864mz/6.06min",0,0,0,0,0
"3719/500.2745mz/6.06min",0,0,0,0,0
"3721/654.443mz/6.07min",0,0,0,0,0
"3727/622.4168mz/6.07min",0,0,0,0,0
"3731/432.283mz/6.07min",0,0,0,0,0
"3734/448.3055mz/6.07min",0,0,0,0,0
"3737/179.0702mz/6.07min",0,0,0,0,0
"3738/429.2631mz/6.07min",0,0,0,0,0
"3739/466.3161mz/6.07min",0,0,0,0,0
"3742/211.0964mz/6.07min",0,0,0,0,0
"3743/453.2606mz/6.07min",0,0,0,0,0
"3744/203.1792mz/6.07min",0,0,0,0,0
"3746/430.3523mz/6.1min",0,0,0,0,0
"3751/623.4202mz/6.07min",0,0,0,0,0
"3752/508.3395mz/6.08min",0,0,0,0,0
"3756/998.6279mz/6.09min",0,0,0,0,0
"3757/999.631mz/6.09min",0,0,0,0,0
"3758/997.6245mz/6.09min",0,0,0,0,0
"3760/522.2823mz/6.09min",0,0,0,0,0
"3767/579.2926mz/6.07min",0,0,0,0,0
"3768/1043.6838mz/6.11min",0,0,0,0,0
"3769/523.3479mz/6.11min",0,0,0,0,0
"3771/543.3251mz/6.11min",0,0,0,0,0
"3778/520.3396mz/6.11min",0,0,0,0,0
"3781/1039.6716mz/6.11min",0,0,0,0,0
"3782/1042.6807mz/6.11min",0,0,0,0,0
"3783/542.3214mz/6.11min",0,0,0,0,0
"3791/645.4089mz/6.11min",0,0,0,0,0
"3793/597.303mz/6.09min",0,0,0,0,0
"3794/621.3471mz/6.14min",0,0,0,0,0
"3795/973.6245mz/6.13min",0,0,0,0,0
"3796/455.2957mz/6.14min",0,0,0,0,0
"3798/454.2925mz/6.14min",0,0,0,0,0
"3800/552.2814mz/6.14min",0,0,0,0,0
"3804/492.3083mz/6.14min",0,0,0,-0.031107,0
"3805/622.3501mz/6.14min",0,0,0,0,0
"3809/498.2827mz/6.15min",0,0,0,0,0
"3817/325.2372mz/6.16min",0,0,0,0,0
"3819/203.1793mz/6.18min",0,0,0,0,0
"3822/640.4266mz/6.17min",0,0,0,0,0
"3824/1129.7495mz/6.17min",0,0,0,0,0
"3827/970.5204mz/6.17min",0,0,0,0,0
"3830/346.3314mz/6.16min",0,0,0,0,0
"3833/596.4015mz/6.18min",0,0,0,0,0
"3842/423.18mz/6.18min",0,0,0,0,0
"3844/1015.6715mz/6.18min",0,0,0,0,0
"3845/508.3395mz/6.18min",0,0,0,0,0
"3846/509.3429mz/6.18min",0,0,0,0,0
"3851/496.3395mz/6.19min",0,0,0,0,0
"3853/212.0527mz/6.19min",0,0,0,0,0
"3854/497.3428mz/6.19min",0,0,0,0,0
"3856/507.2956mz/6.2min",0,0,0,0,0
"3861/648.373mz/6.19min",0,0,0,0,0
"3862/506.3238mz/6.19min",0,0,0,-0.14228,0
"3865/627.4435mz/6.19min",0,0,0,0,0
"3867/573.3031mz/6.19min",0,0,0,0,0
"3869/507.327mz/6.19min",0,0,0,-0.15075,0
"3870/633.4031mz/6.2min",0,0,0,0,0
"3871/610.417mz/6.2min",0,0,0,0,0
"3872/632.3996mz/6.2min",0,0,0,0,0
"3875/612.4229mz/6.2min",0,0,0,0,0
"3876/625.4358mz/6.21min",0,0,0,0,0
"3877/1056.5875mz/6.2min",0,0,0,0,0
"3879/641.4593mz/6.2min",0,0,0,0,0
"3880/624.4322mz/6.2min",0,0,0,0,0
"3886/871.3654mz/6.21min",0,0,0,0,0
"3888/425.1957mz/6.21min",0,0,0,0,0
"3891/407.1849mz/6.21min",0,0,0,0,0
"3894/426.1991mz/6.21min",0,0,0,0,0
"3895/646.414mz/6.21min",0,0,0,0,0
"3896/849.3834mz/6.21min",0,0,0,0,0
"3898/447.1775mz/6.22min",0,0,0,0,0
"3900/332.3311mz/6.15min",0,0,0,0,0
"3901/427.2015mz/6.21min",0,0,0,0,0
"3902/623.4203mz/6.22min",0,0,0,0,0
"3903/639.4436mz/6.22min",0,0,0,0,0
"3904/642.3891mz/6.22min",0,0,0,0,0
"3906/279.2318mz/6.23min",0,0,0,0,0
"3907/622.4169mz/6.22min",0,0,0,0,0
"3915/179.0701mz/6.23min",0,0,0,0,0
"3918/644.3989mz/6.23min",0,0,0,0,0
"3919/221.19mz/6.23min",0,0,0,0,0
"3920/203.1793mz/6.23min",0,0,0,0,0
"3923/411.2527mz/6.23min",0,0,0,0,0
"3925/453.261mz/6.23min",0,0,0,0,0
"3931/973.6245mz/6.23min",0,0,0,0,0
"3933/456.2984mz/6.24min",0,0,0,0,0
"3934/313.2734mz/6.24min",0,0,0,0,0
"3935/454.2926mz/6.24min",0,0,0,0,0
"3936/907.5773mz/6.24min",0,0,0,0,0
"3937/656.3028mz/6.25min",0,0,0,0,0
"3939/655.3083mz/6.26min",0,0,0,0,0
"3942/476.2742mz/6.24min",0,0,0,0,0
"3943/654.3049mz/6.26min",0,0,0,0,0
"3945/674.4882mz/6.27min",0,0,0,0,0
"3953/499.2858mz/6.25min",0,0,0,0,0
"3962/576.3177mz/6.26min",0,0,0,0,0
"3964/934.5849mz/6.25min",0,0,0,0,0
"3968/646.3933mz/6.26min",0,0,0,0,0
"3971/344.2794mz/6.26min",0,0,0,0,0
"3973/309.2423mz/6.26min",0,0,0,0,0
"3974/636.4328mz/6.26min",0,0,0,0,0
"3975/498.2824mz/6.25min",0,0,0,0,0
"3984/524.2979mz/6.31min",0,0,0,0,0
"3988/678.4406mz/6.28min",0,0,0,0,0
"3991/358.3314mz/6.29min",0,0,0,0,0
"3992/656.459mz/6.28min",0,0,0,0,0
"3993/657.4621mz/6.28min",0,0,0,0,0
"3994/658.4648mz/6.28min",0,0,0,0,0
"3995/673.4853mz/6.28min",0,0,0,0,0
"3996/466.3185mz/6.29min",0,0,0,0,0
"3997/596.4015mz/6.28min",0,0,0,0,0
"4001/991.6716mz/6.3min",0,0,0,0,0
"4002/499.3482mz/6.3min",0,0,0,0,0
"4004/211.0964mz/6.23min",0,0,0,0,0
"4005/497.3429mz/6.31min",0,0,0,0,0
"4006/975.6402mz/6.3min",0,0,0,0,0
"4007/496.3396mz/6.31min",0,0,0,0,0
"4009/480.3084mz/6.31min",0,0,0,0,0
"4012/498.3454mz/6.31min",0,0,0,0,0
"4014/481.3118mz/6.31min",0,0,0,0,0
"4016/518.3213mz/6.31min",0,0,0,0,0
"4018/519.3249mz/6.31min",0,0,0,0,0
"4020/372.347mz/6.33min",0,0,0,0,0
"4027/636.4328mz/6.32min",0,0,0,0,0
"4032/422.3262mz/6.33min",0,0,0,0,0
"4034/573.303mz/6.32min",0,0,0,0,0
"4035/221.19mz/6.31min",0,0,0,0,0
"4036/655.4743mz/6.37min",0,0,0,0,0
"4039/279.2318mz/6.33min",0,0,0,0,0
"4043/1119.7653mz/6.33min",0,0,0,0,0
"4047/1103.734mz/6.41min",0,0,0,0,0
"4048/634.3595mz/6.34min",0,0,0,0,0
"4049/635.3625mz/6.34min",0,0,0,0,0
"4050/655.3083mz/6.35min",0,0,0,0,0
"4052/654.3049mz/6.35min",0,0,0,0,0
"4053/555.2924mz/6.33min",0,0,0,0,0
"4054/657.3061mz/6.35min",0,0,0,0,0
"4057/656.3025mz/6.35min",0,0,0,0,0
"4060/524.2978mz/6.36min",0,0,0,0,0
"4065/524.3613mz/6.37min",0,0,0,0,0
"4071/522.3551mz/6.37min",0,0,0,0,0
"4072/544.3367mz/6.37min",0,0,0,0,0
"4075/523.3585mz/6.37min",0,0,0,0,0
"4076/1145.7809mz/6.37min",0,0,0,0,0
"4077/646.4146mz/6.37min",0,0,0,0,0
"4079/235.1693mz/6.38min",0,0,0,0,0
"4080/576.3168mz/6.38min",0,0,0,0,0
"4081/440.4094mz/6.39min",0,0,0,0,0
"4093/648.4205mz/6.38min",0,0,0,0,0
"4094/641.4592mz/6.39min",0,0,0,0,0
"4097/642.4623mz/6.4min",0,0,0,0,0
"4098/627.4412mz/6.39min",0,0,0,0,0
"4099/626.4386mz/6.4min",0,0,0,0,0
"4100/624.4328mz/6.4min",0,0,0,0,0
"4102/628.4434mz/6.4min",0,0,0,0,0
"4104/625.4358mz/6.39min",0,0,0,0,0
"4107/573.3026mz/6.36min",0,0,0,0,0
"4108/1001.6561mz/6.45min",0,0,0,0,0
"4111/1105.7401mz/6.41min",0,0,0,0,0
"4115/662.3888mz/6.41min",0,0,0,0,0
"4116/392.3311mz/6.44min",0,0,0,0,0
"4117/480.3082mz/6.41min",0,0,0,0,0
"4118/959.6095mz/6.41min",0,0,0,0,0
"4119/482.3133mz/6.41min",0,0,0,0,0
"4123/372.347mz/6.37min",0,0,0,0,0
"4134/309.2423mz/6.44min",0,0,0,0,0
"4140/590.3329mz/6.44min",0,0,0,0,0
"4148/452.2769mz/6.5min",0,0,0,0,0
"4150/435.2503mz/6.52min",0,0,0,0,0
"4152/493.2486mz/6.45min",0,0,0,0,0
"4162/1145.7811mz/6.46min",0,0,0,0,0
"4164/466.319mz/6.44min",0,0,0,0,0
"4170/643.3589mz/6.48min",0,0,0,0,0
"4171/523.3584mz/6.47min",0,0,0,0,0
"4175/525.3635mz/6.47min",0,0,0,0,0
"4176/1046.7125mz/6.47min",0,0,0,0,0
"4177/524.2978mz/6.45min",0,0,0,0,0
"4178/525.3016mz/6.45min",0,0,0,0,0
"4180/522.3553mz/6.47min",0,0,0,0,0
"4182/1043.7029mz/6.47min",0,0,0,0,0
"4183/620.3442mz/6.44min",0,0,0,0,0
"4186/544.3371mz/6.48min",0,0,0,0,0
"4191/576.3174mz/6.49min",0,0,0,0,0
"4195/496.3249mz/6.49min",0,0,0,0,0
"4197/510.3557mz/6.5min",0,0,0,0,0
"4209/544.3627mz/6.5min",0,0,0,0,0
"4215/295.2267mz/6.51min",0,0,0,0,0
"4216/646.4148mz/6.5min",0,0,0,0,0
"4227/521.3426mz/6.5min",0,0,0,0,0
"4232/390.3154mz/6.53min",0,0,0,0,0
"4235/468.3082mz/6.53min",0,0,0,0,0
"4237/574.3736mz/6.53min",0,0,0,0,0
"4239/548.3708mz/6.54min",0,0,0,0,0
"4240/435.2503mz/6.55min",0,0,0,0,0
"4241/417.2401mz/6.55min",0,0,0,0,0
"4242/588.3212mz/6.55min",0,0,0,0,0
"4243/544.4565mz/6.54min",0,0,0,0,0
"4246/590.3332mz/6.55min",0,0,0,0,0
"4248/493.239mz/6.56min",0,0,0,0,0
"4249/492.236mz/6.56min",0,0,0,0,0
"4250/660.4304mz/6.56min",0,0,0,0,0
"4251/452.2769mz/6.57min",0,0,0,0,0
"4252/640.4543mz/6.56min",0,0,0,0,0
"4254/676.404mz/6.56min",0,0,0,0,0
"4257/337.2736mz/6.57min",0,0,0,0,0
"4258/457.2325mz/6.6min",0,0,0,0,0
"4259/491.2327mz/6.56min",0,0,0,0,0
"4260/638.4485mz/6.56min",0,0,0,0,0
"4261/641.4586mz/6.56min",0,0,0,0,0
"4262/655.4749mz/6.56min",0,0,0,0,0
"4263/508.3402mz/6.56min",0,0,0,0,0
"4265/656.4784mz/6.56min",0,0,0,0,0
"4266/668.3209mz/6.57min",0,0,0,0,0
"4267/869.493mz/6.6min",0,0,0,0,0
"4268/486.415mz/6.54min",0,0,0,0,0
"4273/405.1694mz/6.58min",0,0,0,0,0
"4279/406.1728mz/6.58min",0,0,0,0,0
"4280/466.3191mz/6.57min",0,0,0,0,0
"4284/423.1804mz/6.59min",0,0,0,0,0
"4288/643.3596mz/6.6min",0,0,0,0,0
"4295/511.3585mz/6.61min",0,0,0,0,0
"4297/606.3551mz/6.61min",0,0,0,0,0
"4299/510.3552mz/6.61min",0,0,0,0,0
"4300/604.3491mz/6.61min",0,0,0,0,0
"4301/882.5618mz/6.65min",0,0,0,0,0
"4304/425.1956mz/6.61min",0,0,0,0,0
"4305/407.1852mz/6.61min",0,0,0,0,0
"4306/339.1225mz/6.61min",0,0,0,0,0
"4308/426.199mz/6.61min",0,0,0,0,0
"4310/581.3083mz/6.61min",0,0,0,0,0
"4311/408.1884mz/6.61min",0,0,0,0,0
"4312/646.4149mz/6.61min",0,0,0,0,0
"4316/427.305mz/6.61min",0,0,0,0,0
"4317/445.3156mz/6.61min",0,0,0,0,0
"4324/540.4253mz/6.6min",0,0,0,0,0
"4328/594.3648mz/6.63min",0,0,0,0,0
"4329/599.3191mz/6.62min",0,0,0,0,0
"4330/400.2479mz/6.62min",0,0,0,0,0
"4334/577.3385mz/6.63min",0,0,0,0,0
"4336/309.2423mz/6.63min",0,0,0,0,0
"4337/596.4017mz/6.64min",0,0,0,0,0
"4338/560.3944mz/6.64min",0,0,0,0,0
"4339/399.2508mz/6.64min",0,0,0,0,0
"4342/277.2161mz/6.63min",0,0,0,0,0
"4343/549.3742mz/6.65min",0,0,0,0,0
"4344/349.2348mz/6.65min",0,0,0,0,0
"4345/344.2794mz/6.65min",0,0,0,0,0
"4346/227.1642mz/6.65min",0,0,0,0,0
"4349/548.3708mz/6.65min",0,0,0,0,0
"4352/187.1327mz/6.65min",0,0,0,0,0
"4353/291.2318mz/6.64min",0,0,0,0,0
"4354/444.4045mz/6.69min",0,0,0,0,0
"4356/590.3334mz/6.65min",0,0,0,0,0
"4363/452.2769mz/6.63min",0,0,0,0,0
"4365/435.2504mz/6.64min",0,0,0,0,0
"4366/417.2399mz/6.64min",0,0,0,0,0
"4368/337.2736mz/6.62min",0,0,0,0,0
"4369/457.2324mz/6.64min",0,0,0,0,0
"4372/263.2369mz/6.63min",0,0,0,0,0
"4373/869.4935mz/6.64min",0,0,0,0,0
"4377/405.1695mz/6.68min",0,0,0,0,0
"4378/425.1956mz/6.66min",0,0,0,0,0
"4392/450.3575mz/6.7min",0,0,0,0,0
"4396/279.159mz/6.71min",0,0,0,0,0
"4398/626.3309mz/6.72min",0,0,0,0,0
"4399/604.3491mz/6.71min",0,0,0,0,0
"4400/437.2697mz/6.71min",0,0,0,0,0
"4403/482.3244mz/6.71min",0,0,0,0,0
"4405/589.3925mz/6.71min",0,0,0,0,0
"4406/588.3893mz/6.72min",0,0,0,0,0
"4410/494.3102mz/6.73min",0,0,0,0,0
"4413/646.3921mz/6.73min",0,0,0,0,0
"4414/464.3004mz/6.71min",0,0,0,0,0
"4418/205.195mz/6.74min",0,0,0,0,0
"4422/399.3256mz/6.74min",0,0,0,0,0
"4423/427.3203mz/6.74min",0,0,0,0,0
"4424/652.4641mz/6.74min",0,0,0,0,0
"4426/279.2318mz/6.74min",0,0,0,0,0
"4427/374.2898mz/6.74min",0,0,0,0,0
"4429/379.2453mz/6.76min",0,0,0,0,0
"4431/674.4461mz/6.74min",0,0,0,0,0
"4432/325.2372mz/6.75min",0,0,0,0,0
"4434/293.211mz/6.75min",0,0,0,0,0
"4437/297.2423mz/6.75min",0,0,0,0,0
"4443/496.3261mz/6.85min",0,0,0,0,0
"4445/389.1116mz/6.76min",0,0,0,0,0
"4448/679.3559mz/6.76min",0,0,0,0,0
"4453/297.0824mz/6.76min",0,0,0,0,0
"4455/657.3742mz/6.76min",0,0,0,0,0
"4458/536.371mz/6.77min",0,0,0,0,0
"4467/414.394mz/6.8min",0,0,0,0,0
"4470/405.1694mz/6.79min",0,0,0,0,0
"4473/407.1853mz/6.79min",0,0,0,0,0
"4475/337.107mz/6.79min",0,0,0,0,0
"4477/524.3708mz/6.8min",0,0,0,0,0
"4479/525.3748mz/6.8min",0,0,0,0,0
"4481/604.3492mz/6.81min",0,0,0,0,0
"4482/443.2279mz/6.81min",0,0,0,0,0
"4483/536.2863mz/6.81min",0,0,0,0,0
"4484/537.2895mz/6.81min",0,0,0,0,0
"4486/716.5216mz/6.88min",0,0,0,0,0
"4487/730.5375mz/6.81min",0,0,0,0,0
"4490/357.2634mz/6.74min",0,0,0,0,0
"4491/618.3638mz/6.89min",0,0,0,0,0
"4503/379.2453mz/6.8min",0,0,0,0,0
"4504/482.324mz/6.83min",0,0,0,0,0
"4505/423.2504mz/6.83min",0,0,0,0,0
"4507/179.0702mz/6.83min",0,0,0,0,0
"4508/197.0808mz/6.83min",0,0,0,0,0
"4509/374.2899mz/6.83min",0,0,0,0,0
"4510/205.195mz/6.83min",0,0,0,0,0
"4512/225.1485mz/6.84min",0,0,0,0,0
"4516/297.2423mz/6.84min",0,0,0,0,0
"4521/497.3295mz/6.85min",0,0,0,0,0
"4523/626.3309mz/6.85min",0,0,0,0,0
"4527/866.5572mz/6.89min",0,0,0,0,0
"4530/313.2736mz/6.85min",0,0,0,0,0
"4531/393.2399mz/6.87min",0,0,0,0,0
"4535/896.577mz/6.88min",0,0,0,0,0
"4536/570.3648mz/6.86min",0,0,0,0,0
"4538/516.368mz/6.87min",0,0,0,0,0
"4539/425.1957mz/6.94min",0,0,0,0,0
"4542/646.4153mz/6.86min",0,0,0,0,0
"4544/377.3202mz/6.89min",0,0,0,0,0
"4545/342.2637mz/6.88min",0,0,0,0,0
"4546/405.1694mz/6.88min",0,0,0,0,0
"4547/325.2372mz/6.88min",0,0,0,0,0
"4550/326.2406mz/6.88min",0,0,0,0,0
"4551/864.5511mz/6.89min",0,0,0,0,0
"4552/293.211mz/6.88min",0,0,0,0,0
"4555/307.2267mz/6.87min",0,0,0,0,0
"4556/406.1728mz/6.88min",0,0,0,0,0
"4559/347.2192mz/6.89min",0,0,0,0,0
"4560/740.522mz/6.89min",0,0,0,0,0
"4562/324.1311mz/6.89min",0,0,0,0,0
"4564/341.1382mz/6.89min",0,0,0,0,0
"4566/703.2509mz/6.89min",0,0,0,0,0
"4567/323.1277mz/6.89min",0,0,0,0,0
"4569/427.3205mz/6.88min",0,0,0,0,0
"4570/255.0651mz/6.89min",0,0,0,0,0
"4571/273.0757mz/6.89min",0,0,0,0,0
"4572/363.1201mz/6.89min",0,0,0,0,0
"4579/619.3678mz/6.94min",0,0,0,0,0
"4588/461.3258mz/6.89min",0,0,0,0,0
"4589/414.394mz/6.87min",0,0,0,0,0
"4593/514.4463mz/6.93min",0,0,0,0,0
"4594/515.4496mz/6.93min",0,0,0,0,0
"4595/437.1956mz/6.91min",0,0,0,0,0
"4600/524.3709mz/6.92min",0,0,0,0,0
"4601/526.3768mz/6.92min",0,0,0,0,0
"4605/546.353mz/6.92min",0,0,0,0,0
"4608/375.3048mz/6.93min",0,0,0,0,0
"4612/393.315mz/6.93min",0,0,0,0,0
"4616/357.2635mz/6.93min",0,0,0,0,0
"4621/374.2899mz/6.95min",0,0,0,0,0
"4625/674.4388mz/6.95min",0,0,0,0,0
"4627/325.1436mz/6.95min",0,0,0,0,0
"4630/756.5525mz/6.96min",0,0,0,0,0
"4638/496.3256mz/6.96min",0,0,0,0,0
"4640/878.5669mz/6.98min",0,0,0,0,0
"4645/377.3205mz/6.96min",0,0,0,0,0
"4646/379.2457mz/6.97min",0,0,0,0,0
"4653/134.0448mz/6.98min",0,0,0,0,0
"4659/379.3358mz/6.99min",0,0,0,0,0
"4660/512.3732mz/6.99min",0,0,0,0,0
"4661/592.4204mz/6.99min",0,0,0,0,0
"4662/428.4095mz/7.02min",0,0,0,0,0
"4664/618.3645mz/6.99min",0,0,0,0,0
"4665/550.302mz/6.99min",0,0,0,0,0
"4667/363.2529mz/6.99min",0,0,0,0,0
"4668/307.2267mz/7.0min",0,0,0,0,0
"4669/832.5688mz/6.99min",0,0,0,0,0
"4670/380.3391mz/6.99min",0,0,0,0,0
"4672/640.3466mz/6.99min",0,0,0,0,0
"4674/405.1694mz/7.0min",0,0,0,0,0
"4680/342.2637mz/7.01min",0,0,0,0,0
"4681/325.2372mz/7.01min",0,0,0,0,0
"4690/390.3153mz/7.01min",0,0,0,0,0
"4694/406.1729mz/7.01min",0,0,0,0,0
"4696/464.3003mz/7.04min",0,0,0,0,0
"4700/393.2399mz/7.0min",0,0,0,0,0
"4702/425.3049mz/7.02min",0,0,0,0,0
"4705/878.5669mz/7.09min",0,0,0,0,0
"4713/550.3865mz/7.05min",0,0,0,0,0
"4714/410.3132mz/7.06min",0,0,0,0,0
"4715/551.3898mz/7.06min",0,0,0,0,0
"4719/409.3099mz/7.06min",0,0,0,0,0
"4720/391.2994mz/7.06min",0,0,0,0,0
"4724/467.3127mz/7.06min",0,0,0,0,0
"4727/428.3238mz/7.07min",0,0,0,0,0
"4728/427.3205mz/7.06min",0,0,0,0,0
"4729/425.1957mz/7.06min",0,0,0,0,0
"4732/426.1991mz/7.06min",0,0,0,0,0
"4734/407.1854mz/7.06min",0,0,0,0,0
"4736/616.4204mz/7.07min",0,0,0,0,0
"4738/617.4237mz/7.07min",0,0,0,0,0
"4740/600.3539mz/7.07min",0,0,0,0,0
"4743/283.2267mz/7.07min",0,0,0,0,0
"4745/629.4156mz/7.09min",0,0,0,0,0
"4746/443.3153mz/7.09min",0,0,0,0,0
"4747/796.4773mz/7.1min",0,0,0,0,0
"4750/908.5779mz/7.12min",0,0,0,0,0
"4755/910.5928mz/7.1min",0,0,0,0,0
"4756/754.5375mz/7.08min",0,0,0,0,0
"4762/664.4204mz/7.12min",0,0,0,0,0
"4763/336.326mz/7.12min",0,0,0,0,0
"4764/924.5715mz/7.15min",0,0,0,0,0
"4766/740.522mz/7.14min",0,0,0,0,0
"4767/786.6001mz/7.16min",0,0,0,0,0
"4768/788.6117mz/7.17min",0,0,0,0,0
"4773/925.5747mz/7.15min",0,0,0,0,0
"4776/454.2926mz/7.17min",0,0,0,0,0
"4778/427.3204mz/7.14min",0,0,0,0,0
"4779/419.2556mz/7.17min",0,0,-0.098928,0,0
"4782/816.5151mz/7.14min",0,0,0,0,0
"4783/445.3312mz/7.15min",0,0,0,0,0
"4787/409.3099mz/7.14min",0,0,0,0,0
"4788/293.2474mz/7.15min",0,0,0,0,0
"4797/814.5581mz/7.15min",0,0,0,0,0
"4801/632.3796mz/7.17min",0,0,0,0,0
"4804/338.1102mz/7.18min",0,0,0,0,0
"4813/179.0702mz/7.18min",0,0,0,0,0
"4815/211.0964mz/7.18min",0,0,0,0,0
"4816/337.1069mz/7.18min",0,0,0,0,0
"4817/437.266mz/7.18min",0,0,0,0,0
"4819/829.5605mz/7.18min",0,0,0,0,0
"4823/908.5774mz/7.18min",0,0,0,0,0
"4831/438.2693mz/7.18min",0,0,0,0,0
"4836/909.5804mz/7.22min",0,0,0,0,0
"4839/205.195mz/7.18min",0,0,0,0,0
"4841/938.5877mz/7.2min",0,0,0,0,0
"4845/406.1726mz/7.19min",0,0,0,0,0
"4850/910.5909mz/7.16min",0,0,0,0,0
"4852/502.3161mz/7.25min",0,0,0,0,0
"4853/892.5825mz/7.22min",0,0,0,0,0
"4854/316.2634mz/7.2min",0,0,0,0,0
"4855/618.3628mz/7.13min",0,0,0,0,0
"4859/427.2113mz/7.22min",0,0,0,0,0
"4861/409.2008mz/7.21min",0,0,0,0,0
"4863/804.5502mz/7.21min",0,0,0,0,0
"4868/181.0495mz/7.22min",0,0,0,0,0
"4874/337.2736mz/7.24min",0,0,0,0,0
"4875/810.4929mz/7.23min",0,0,0,0,0
"4876/355.2841mz/7.24min",0,0,0,0,0
"4877/263.2369mz/7.25min",0,0,0,0,0
"4880/878.5669mz/7.17min",0,0,0,0,0
"4881/894.5889mz/7.27min",0,0,0,0,0
"4885/895.5921mz/7.27min",0,0,0,0,0
"4887/630.4358mz/7.24min",0,0,0,0,0
"4888/333.2423mz/7.24min",0,0,0,0,0
"4889/631.4394mz/7.24min",0,0,0,0,0
"4890/504.3224mz/7.25min",0,0,0,0,0
"4892/507.2714mz/7.24min",0,0,0,0,0
"4893/503.3194mz/7.25min",0,0,0,0,0
"4894/485.2895mz/7.25min",0,0,0,0,0
"4896/991.5536mz/7.25min",0,0,0,0,0
"4897/337.2008mz/7.25min",0,0,0,0,0
"4898/523.2454mz/7.25min",0,0,0,0,0
"4899/487.2959mz/7.25min",0,0,0,0,0
"4900/1007.5276mz/7.25min",0,0,0,0,0
"4902/986.5982mz/7.25min",0,0,0,0,0
"4904/454.2927mz/7.22min",0,0,0,0,0
"4908/528.3317mz/7.25min",0,0,0,0,0
"4909/530.3473mz/7.25min",0,0,0,0,0
"4910/516.3317mz/7.26min",0,0,0,0,0
"4915/405.1694mz/7.2min",0,0,0,0,0
"4918/939.5924mz/7.23min",0,0,0,0,0
"4922/891.4671mz/7.28min",0,0,0,0,0
"4924/913.4485mz/7.28min",0,0,0,0,0
"4925/908.577mz/7.24min",0,0,0,0,0
"4932/390.1778mz/7.3min",0,0,0,0,0
"4933/409.1909mz/7.29min",0,0,0,0,0
"4934/813.3624mz/7.29min",0,0,0,0,0
"4935/321.1119mz/7.29min",0,0,0,0,0
"4936/892.5824mz/7.29min",0,0,0,0,0
"4942/389.1745mz/7.29min",0,0,0,0,0
"4943/407.1852mz/7.29min",0,0,0,0,0
"4944/408.1884mz/7.29min",0,0,0,0,0
"4951/339.1226mz/7.3min",0,0,0,0,0
"4952/835.3444mz/7.3min",0,0,0,0,0
"4955/410.1937mz/7.29min",0,0,0,0,0
"4957/419.2554mz/7.23min",0,0,0,0,0
"4963/938.5871mz/7.29min",0,0,0,0,0
"4965/437.266mz/7.23min",0,0,0,-0.24612,0
"4967/445.1409mz/7.31min",0,0,0,0,0
"4968/427.3204mz/7.31min",0,0,0,0,0
"4970/430.1703mz/7.31min",0,0,0,0,0
"4972/429.1669mz/7.31min",0,0,0,0,0
"4974/431.1733mz/7.31min",0,0,0,0,0
"4978/337.2736mz/7.31min",0,0,0,0,0
"4979/355.2842mz/7.31min",0,0,0,0,0
"4980/263.2369mz/7.31min",0,0,0,0,0
"4989/804.5501mz/7.32min",0,0,0,0,0
"4992/377.2661mz/7.32min",0,0,0,0,0
"5000/411.3262mz/7.42min",0,0,0,0,0
"5002/375.3044mz/7.33min",0,0,0,0,0
"5004/393.3151mz/7.33min",0,0,0,0,0
"5005/331.2243mz/7.33min",0,0,0.097557,0,0
"5007/277.2161mz/7.34min",0,0,0,0,0
"5009/480.2743mz/7.34min",0,0,0,0.47334,0
"5013/309.2423mz/7.34min",0,0,0,0,0
"5021/409.3099mz/7.36min",0,0,0,0,0
"5026/426.1991mz/7.37min",0,0,0,0,0
"5030/425.1957mz/7.38min",0,0,0,0,0
"5034/481.1574mz/7.38min",0,0,0,0,0
"5036/480.1569mz/7.38min",0,0,0,0,0
"5037/371.101mz/7.38min",0,0,0,0,0
"5038/463.1304mz/7.38min",0,0,0,0,0
"5039/445.1198mz/7.38min",0,0,0,0,0
"5041/672.412mz/7.38min",0,0,0,0,0
"5042/223.0637mz/7.38min",0,0,0,0,0
"5043/297.0823mz/7.38min",0,0,0,0,0
"5046/563.2648mz/7.39min",0,0,0,0,0
"5057/892.5825mz/7.4min",0,0,0,0,0
"5060/428.3237mz/7.41min",0,0,0,0,0
"5062/427.3205mz/7.41min",0,0,0,0,0
"5073/405.1695mz/7.43min",0,0,0,0,0
"5078/782.568mz/7.47min",0,0,0,0,0
"5080/449.1956mz/7.44min",0,0,0,0,0
"5083/389.1747mz/7.45min",0,0,0,0,0
"5086/441.3725mz/7.45min",0,0,0,0,0
"5095/496.3265mz/7.47min",0,0,0,0,0
"5101/445.331mz/7.47min",0,0,0,0,0
"5104/446.3344mz/7.48min",0,0,0,0,0
"5107/409.3098mz/7.51min",0,0,0,0,0
"5116/405.1695mz/7.47min",0,0,0,0,0
"5119/672.4119mz/7.49min",0,0,0,0,0
"5121/343.2842mz/7.49min",0,0,0,0,0
"5123/407.1854mz/7.47min",0,0,0,0,0
"5125/309.2424mz/7.49min",0,0,0,0,0
"5126/282.2791mz/7.52min",0,0,0,0,0
"5127/429.3363mz/7.52min",0,0,0,0,0
"5131/459.3102mz/7.52min",0,0,0,0,0
"5132/481.2923mz/7.53min",0,0,0,0,0
"5136/393.3343mz/7.53min",0,0,0,0,0
"5139/392.3312mz/7.54min",0,0,0,0,0
"5141/535.3625mz/7.53min",0,0,0,0,0
"5142/394.3377mz/7.53min",0,0,0,0,0
"5144/552.3891mz/7.53min",0,0,0,0,0
"5148/377.3202mz/7.55min",0,0,0,0,0
"5149/395.33mz/7.55min",0,0,0,0,0
"5151/328.2844mz/7.56min",0,0,0,0,0
"5157/279.2319mz/7.57min",0,0,0,0,0
"5158/411.3259mz/7.56min",0,0,0,0,0
"5159/311.258mz/7.57min",0,0,0,0,0
"5163/333.2403mz/7.58min",0,0,0,0,0
"5167/409.3099mz/7.58min",0,0,0,0,0
"5168/349.1434mz/7.59min",0,0,0,0,0
"5172/357.2998mz/7.62min",0,0,0,0,0
"5173/758.5692mz/7.6min",0,0,0,0,0
"5176/626.3313mz/7.59min",0,0,0,0,0
"5178/470.4565mz/7.58min",0,0,0,0,0
"5185/312.2614mz/7.59min",0,0,0,0,0
"5187/785.5829mz/7.6min",0,0,0,0,0
"5197/820.5247mz/7.6min",0,0,0,0,0
"5200/440.3369mz/7.6min",0,0,0,0,0
"5201/405.1695mz/7.6min",0,0,0,0,0
"5203/786.6001mz/7.61min",0,0,0,0,0
"5214/782.5676mz/7.6min",0,0,0,0,0
"5215/804.5504mz/7.6min",0,0,0,0,0
"5216/558.3787mz/7.6min",0,0,0,0,0
"5219/760.5835mz/7.61min",0,0,0,0,0
"5220/808.5822mz/7.61min",0,0,0,0,0
"5221/604.3491mz/7.6min",0,0,0,0,0
"5224/784.5785mz/7.6min",0,0,0,0,0
"5227/812.6142mz/7.61min",0,0,0,0,0
"5229/788.6115mz/7.6min",0,0,0,0,0
"5231/618.3631mz/7.6min",0,0,0,0,0
"5232/620.3434mz/7.6min",0,0,0,0,0
"5235/449.3027mz/7.64min",0,0,0,0,0
"5238/552.4022mz/7.6min",0,0,0,0,0
"5239/814.5579mz/7.6min",0,0,0,0,0
"5243/756.5528mz/7.59min",0,0,0,0,0
"5254/783.5711mz/7.6min",0,0,0,0,0
"5266/428.3238mz/7.63min",0,0,0,0,0
"5273/347.2579mz/7.63min",0,0,0,0,0
"5276/369.2399mz/7.62min",0,0,0,0,0
"5286/412.3288mz/7.64min",0,0,0,0,0
"5288/459.3104mz/7.6min",0,0,0,0,0
"5290/315.2318mz/7.64min",0,0,0,0,0
"5292/476.3368mz/7.64min",0,0,0,0,0
"5293/427.3205mz/7.64min",0,0,0,0,0
"5298/672.4127mz/7.65min",0,0,0,0,0
"5299/411.3256mz/7.66min",0,0,0,0,0
"5301/879.647mz/7.66min",0,0,0,0,0
"5303/375.3045mz/7.66min",0,0,0,0,0
"5304/393.3151mz/7.66min",0,0,0,0,0
"5305/376.3077mz/7.66min",0,0,0,0,0
"5308/669.3308mz/7.67min",0,0,0,0,0
"5309/686.3578mz/7.67min",0,0,0,0,0
"5311/451.3183mz/7.67min",0,0,0,0,0
"5313/691.313mz/7.67min",0,0,0,0,0
"5319/357.2999mz/7.67min",0,0,0,0,0
"5321/481.2923mz/7.69min",0,0,0,0,0
"5323/333.2416mz/7.66min",0,0,0,0,0
"5324/630.3997mz/7.69min",0,0,0,0,0
"5326/443.3155mz/7.69min",0,0,0,0,0
"5328/637.305mz/7.7min",0,0,0,0,0
"5329/659.2867mz/7.7min",0,0,0,0,0
"5330/654.3319mz/7.7min",0,0,0,0,0
"5332/425.3045mz/7.69min",0,0,0,0,0
"5333/702.5061mz/7.74min",0,0,0,0,0
"5337/399.3255mz/7.71min",0,0,0,0,0
"5340/287.2005mz/7.72min",0,0,0,0,0
"5341/411.3256mz/7.72min",0,0,0,0,0
"5342/394.3468mz/7.72min",0,0,0,0,0
"5347/429.3364mz/7.73min",0,0,0,0,0
"5348/430.3396mz/7.73min",0,0,0,0,0
"5350/484.4722mz/7.77min",0,0,0,0,0
"5352/918.5009mz/7.74min",0,0,0,0,0
"5357/406.3466mz/7.75min",0,0,0,0,0
"5362/572.3942mz/7.76min",0,0,0,0,0
"5364/544.3993mz/7.76min",0,0,0,0,0
"5367/427.3206mz/7.75min",0,0,0,0,0
"5368/407.3501mz/7.76min",0,0,0,0,0
"5375/741.6131mz/7.77min",0,0,0,0,0
"5384/430.3309mz/7.8min",0,0,0,0,0
"5387/313.2737mz/7.8min",0,0,0,0,0
"5389/405.1888mz/7.81min",0,0,0,0,0
"5391/330.3002mz/7.81min",0,0,0,0,0
"5392/404.1854mz/7.82min",0,0,0,0,0
"5393/336.123mz/7.82min",0,0,0,0,0
"5396/780.5522mz/7.83min",0,0,0,0,0
"5397/781.5559mz/7.82min",0,0,0,0,0
"5398/686.3578mz/7.82min",0,0,0,0,0
"5402/760.5837mz/7.84min",0,0,0,0,0
"5403/669.3313mz/7.83min",0,0,0,0,0
"5412/691.3127mz/7.83min",0,0,0,0,0
"5417/407.3669mz/7.83min",0,0,0,0,0
"5420/808.5824mz/7.83min",0,0,0,0,0
"5423/804.5501mz/7.84min",0,0,0,0,0
"5425/786.6002mz/7.83min",0,0,0,0,0
"5426/425.3775mz/7.82min",0,0,0,0,0
"5433/427.3208mz/7.84min",0,0,0,0,0
"5442/782.5679mz/7.84min",0,0,0,0,0
"5446/814.5583mz/7.84min",0,0,0,0,0
"5449/784.5806mz/7.83min",0,0,0,0,0
"5453/812.615mz/7.84min",0,0,0,0,0
"5460/454.3889mz/7.84min",0,0,0,0,0
"5484/485.2873mz/7.85min",0,0,0,0,0
"5485/463.3051mz/7.85min",0,0,0,0,0
"5493/425.3047mz/7.85min",0,0,0,0,0
"5494/480.3317mz/7.85min",0,0,0,0,0
"5498/393.315mz/7.86min",0,0,0,0,0
"5506/517.352mz/7.86min",0,0,0,0,0
"5508/835.3438mz/7.87min",0,0,0,0,0
"5510/389.1749mz/7.86min",0,0,0,0,0
"5511/814.3659mz/7.87min",0,0,0,0,0
"5512/390.1779mz/7.87min",0,0,0,0,0
"5513/321.112mz/7.87min",0,0,0,0,0
"5514/813.3625mz/7.87min",0,0,0,0,0
"5515/407.1851mz/7.87min",0,0,0,0,0
"5516/409.31mz/7.87min",0,0,0,0,0
"5521/408.1884mz/7.87min",0,0,0,0,0
"5529/554.1756mz/7.88min",0,0,0,0,0
"5535/371.101mz/7.88min",0,0,0,0,0
"5536/537.1491mz/7.88min",0,0,0,0,0
"5537/405.1695mz/7.88min",0,0,0,0,0
"5538/387.1589mz/7.88min",0,0,0,0,0
"5540/388.1624mz/7.88min",0,0,0,0,0
"5546/744.5525mz/7.93min",0,0,0,0,0
"5551/443.3153mz/7.89min",0,0,0,0,0
"5554/339.1226mz/7.9min",0,0,0,0,0
"5564/743.629mz/7.91min",0,0,0,0,0
"5567/354.3001mz/7.92min",0,0,0,0,0
"5571/780.5523mz/7.89min",0,0,0,0,0
"5575/782.568mz/7.89min",0,0,0,0,0
"5576/808.5823mz/7.92min",0,0,0,0,0
"5589/783.5712mz/7.92min",0,0,0,0,0
"5596/804.5503mz/7.94min",0,0,0,0,0
"5603/427.3204mz/7.94min",0,0,0,0,0
"5604/750.4932mz/7.94min",0,0,0,0,0
"5612/498.4881mz/7.95min",0,0,0,0,0
"5619/451.3186mz/7.96min",0,0,0,0,0
"5622/393.3151mz/7.99min",0,0,0,0,0
"5629/347.2579mz/7.96min",0,0,0,0,0
"5633/820.5217mz/7.97min",0,0,0,0,0
"5638/474.3936mz/7.97min",0,0,0,0,0
"5643/413.3323mz/7.97min",0,0,0,0,0
"5644/439.3566mz/7.97min",0,0,0,0,0
"5648/819.5174mz/7.97min",0,0,0,0,0
"5655/855.3497mz/7.98min",0,0,0,0,0
"5656/393.1965mz/7.98min",0,0,0,0,0
"5658/842.3849mz/7.98min",0,0,0,0,0
"5661/817.394mz/7.98min",0,0,0,0,0
"5662/341.1382mz/7.98min",0,0,0,0,0
"5664/392.1937mz/7.98min",0,0,0,0,0
"5665/323.1277mz/7.98min",0,0,0,0,0
"5666/409.2008mz/7.98min",0,0,0,0,0
"5667/410.2041mz/7.98min",0,0,0,0,0
"5668/391.1904mz/7.98min",0,0,0,0,0
"5669/412.2092mz/7.99min",0,0,0,0,0
"5670/411.207mz/7.98min",0,0,0,0,0
"5671/820.4033mz/7.99min",0,0,0,0,0
"5672/839.3755mz/7.99min",0,0,0,0,0
"5674/768.5529mz/7.97min",0,0,0,0,0
"5676/335.1279mz/7.99min",0,0,0,0,0
"5678/477.2628mz/7.99min",0,0,0,0,0
"5685/760.5836mz/8.0min",0,0,0,0,0
"5688/394.1986mz/8.0min",0,0,0,0,0
"5689/472.2086mz/8.0min",0,0,0,0,0
"5690/1140.752mz/8.0min",0,0,0,0,0
"5693/425.3774mz/8.01min",0,0,0,0,0
"5696/431.1825mz/8.0min",0,0,0,0,0
"5700/798.3709mz/8.02min",0,0,0,0,0
"5702/339.1222mz/8.02min",0,0,0,0,0
"5704/797.3667mz/8.02min",0,0,0,0,0
"5705/600.4258mz/8.02min",0,0,0,0,0
"5706/815.377mz/8.02min",0,0,0,0,0
"5707/816.3812mz/8.02min",0,0,0,0,0
"5710/838.3615mz/8.02min",0,0,0,0,0
"5713/375.3043mz/8.03min",0,0,0,0,0
"5715/407.185mz/8.03min",0,0,0,0,0
"5716/408.189mz/8.03min",0,0,0,0,0
"5718/389.1747mz/8.04min",0,0,0,0,0
"5721/786.5999mz/8.0min",0,0,0,0,0
"5722/393.3153mz/8.04min",0,0,0,0,-0.31635
"5723/837.3568mz/8.03min",0,0,0,0,0
"5724/390.1779mz/8.04min",0,0,0,0,0
"5726/777.3415mz/8.04min",0,0,0,0,0
"5731/813.3625mz/8.04min",0,0,0,0,0
"5732/795.352mz/8.04min",0,0,0,0,0
"5733/796.3553mz/8.04min",0,0,0,0,0
"5735/391.1788mz/8.05min",0,0,0,0,0
"5736/780.3512mz/8.04min",0,0,0,0,0
"5737/814.3656mz/8.04min",0,0,0,0,0
"5739/405.1693mz/8.04min",0,0,0,0,0
"5742/782.5684mz/8.02min",0,0,0,0,0
"5744/387.1589mz/8.05min",0,0,0,0,0
"5745/429.1669mz/8.05min",0,0,0,0,0
"5748/835.3444mz/8.04min",0,0,0,0,0
"5749/836.3478mz/8.04min",0,0,0,0,0
"5753/851.3181mz/8.05min",0,0,0,0,0
"5757/425.3773mz/8.05min",0,0,0,0,0
"5763/409.31mz/8.06min",0,0,0,0,0
"5768/784.5811mz/8.04min",0,0,0,0,0
"5773/804.5502mz/8.09min",0,0,0,0,0
"5774/648.4252mz/8.07min",0,0,0,0,0
"5786/427.3204mz/8.1min",0,0,0,0,0
"5789/392.3312mz/8.08min",0,0,0,0,0
"5794/839.3747mz/8.1min",0,0,0,0,0
"5802/409.2008mz/8.07min",0,0,0,0,0
"5803/323.1277mz/8.08min",0,0,0,0,0
"5804/341.1382mz/8.06min",0,0,0,0,0
"5805/391.1907mz/8.08min",0,0,0,0,0
"5806/410.2042mz/8.05min",0,0,0,0,0
"5807/335.1278mz/8.09min",0,0,0,0,0
"5809/817.3937mz/8.1min",0,0,0,0,0
"5810/808.5824mz/8.09min",0,0,0,0,0
"5820/483.3444mz/8.11min",0,0,0,0,0
"5835/110.0199mz/8.12min",0,0,0,0,0
"5844/427.3934mz/8.13min",0,0,0,0,0
"5845/412.329mz/8.13min",0,0,0,0,0
"5846/409.3827mz/8.13min",0,0,0,0,0
"5847/411.3256mz/8.13min",0,0,0,0,0
"5848/512.5032mz/8.13min",0,0,0,0,0
"5852/784.5793mz/8.08min",0,0,0,0,0
"5854/407.3672mz/8.15min",0,0,0,0,0
"5856/425.3775mz/8.15min",0,0,0,0,0
"5858/460.4143mz/8.15min",0,0,0,0,0
"5860/838.3574mz/8.16min",0,0,0,0,0
"5863/782.5685mz/8.11min",0,0,0,0,0
"5868/837.3522mz/8.16min",0,0,0,0,0
"5869/796.3556mz/8.16min",0,0,0,0,0
"5872/836.3478mz/8.17min",0,0,0,0,0
"5874/389.1747mz/8.16min",0,0,0,0,0
"5878/429.1666mz/8.16min",0,0,0,0,0
"5882/835.3443mz/8.16min",0,0,0,0,0
"5883/391.1798mz/8.16min",0,0,0,0,0
"5884/851.3184mz/8.16min",0,0,0,0,0
"5885/777.3415mz/8.16min",0,0,0,0,0
"5886/392.182mz/8.16min",0,0,0,0,0
"5887/795.352mz/8.16min",0,0,0,0,0
"5888/408.1889mz/8.16min",0,0,0,0,0
"5889/813.3621mz/8.16min",0,0,0,0,0
"5892/407.1851mz/8.17min",0,0,0,0,0
"5896/405.1694mz/8.17min",0,0,0,0,0
"5897/406.1726mz/8.17min",0,0,0,0,0
"5900/614.4413mz/8.17min",0,0,0,0,0
"5903/615.4446mz/8.17min",0,0,0,0,0
"5905/433.3075mz/8.19min",0,0,0,0,0
"5907/1124.7579mz/8.19min",0,0,0,0,0
"5908/428.3518mz/8.19min",0,0,0,0,0
"5913/437.3412mz/8.2min",0,0,0,0,0
"5914/455.3519mz/8.2min",0,0,0,0,0
"5915/477.3337mz/8.2min",0,0,0,0,0
"5918/409.31mz/8.13min",0,0,0,0,0
"5919/392.1941mz/8.18min",0,0,0,0,0
"5922/323.1277mz/8.2min",0,0,0,0,0
"5923/391.1909mz/8.24min",0,0,0,0,0
"5924/410.2044mz/8.2min",0,0,0,0,0
"5927/409.2009mz/8.19min",0,0,0,0,0
"5935/896.7694mz/8.25min",0,0,0,0,0
"5936/457.3311mz/8.22min",0,0,0,0,0
"5939/413.3418mz/8.16min",0,0,0,0,0
"5943/615.1428mz/8.24min",0,0,0,0,-0.24926
"5944/614.1423mz/8.24min",0,0,0,0,-0.298
"5949/598.41mz/8.25min",0,0,0,0,0
"5952/628.1946mz/8.26min",0,0,0,0,0
"5957/603.3654mz/8.26min",0,0,0,0,0
"5969/808.5827mz/8.26min",0,0,0,0,0
"5970/782.5685mz/8.23min",0,0,0,0,0
"5978/453.3338mz/8.27min",0,0,0,0,0
"5980/783.5717mz/8.23min",0,0,0,0,0
"5983/389.1747mz/8.28min",0,0,0,0,0
"5984/804.5504mz/8.28min",0,0,0,0,0
"5993/395.3312mz/8.28min",0,0,0,0,0
"5995/433.3075mz/8.28min",0,0,0,0,0
"5996/411.3257mz/8.29min",0,0,0,0,0
"6000/396.3342mz/8.29min",0,0,0,0,0
"6002/375.3045mz/8.29min",0,0,0,0,0
"6009/394.3184mz/8.29min",0,0,0,0,0
"6010/393.3151mz/8.29min",0,0,0,0,0
"6012/251.1794mz/8.29min",0,0,0,0,0
"6015/427.3933mz/8.3min",0,0,0,0,0
"6019/690.506mz/8.27min",0,0,0,0,0
"6027/391.191mz/8.28min",0,0,0,0,0
"6030/392.1939mz/8.3min",0,0,0,0,0
"6033/550.6282mz/8.33min",0,0,0,0,0
"6035/377.3202mz/8.33min",0,0,0,0,0
"6045/451.3187mz/8.34min",0,0,0,0,0
"6048/526.5192mz/8.34min",0,0,0,0,0
"6051/363.2505mz/8.35min",0,0,0,0,0
"6054/409.2008mz/8.3min",0,0,0,0,0
"6057/309.2424mz/8.35min",0,0,0,0,0
"6060/312.326mz/8.36min",0,0,0,0,0
"6068/441.3726mz/8.36min",0,0,0,0,0
"6069/463.3545mz/8.37min",0,0,0,0,0
"6075/423.362mz/8.37min",0,0,0,0,0
"6077/485.3623mz/8.37min",0,0,0,0,0
"6078/507.3442mz/8.37min",0,0,0,0,0
"6080/467.3517mz/8.37min",0,0,0,0,0
"6089/413.3414mz/8.35min",0,0,0,0,0
"6090/675.6758mz/8.4min",0,0,0,0,0
"6091/339.345mz/8.41min",0,0,0,0,0
"6093/338.3417mz/8.41min",0,0,0,0,0
"6111/425.3778mz/8.46min",0,0,0,0,0
"6113/411.3259mz/8.47min",0,0,0,0,0
"6115/924.2694mz/8.47min",0,0,0,0,0
"6124/521.1177mz/8.49min",0,0,0,0,0
"6125/538.1444mz/8.49min",0,0,0,0,0
"6129/541.1423mz/8.49min",0,0,0,0,0
"6132/392.3309mz/8.47min",0,0,0,0,0
"6139/896.7694mz/8.51min",0,0,0,0,0
"6145/409.3099mz/8.53min",0,0,0,0,0
"6147/144.9822mz/8.52min",0,0,0,0,0
"6150/146.9803mz/8.52min",0,0,0,0,0
"6153/688.1609mz/8.54min",0,0,0,0,0
"6154/689.1612mz/8.54min",0,0,0,0,0
"6161/476.3732mz/8.55min",0,0,0,0,0
"6162/391.2994mz/8.56min",0,0,0,0,0
"6169/375.3045mz/8.56min",0,0,0,0,0
"6170/702.2129mz/8.56min",0,0,0,0,0
"6175/526.5192mz/8.52min",0,0,0,0,0
"6176/439.3568mz/8.56min",0,0,0,0,0
"6177/540.5347mz/8.6min",0,0,0,0,0
"6181/816.6348mz/8.57min",0,0,0,0,0
"6194/980.2777mz/8.65min",0,0,0,0,0
"6195/981.2785mz/8.65min",0,0,0,0,0
"6203/689.1983mz/8.63min",0,0,0,0,0
"6210/688.1991mz/8.63min",0,0,0,0,0
"6213/377.3203mz/8.64min",0,0,0,0,0
"6215/684.2028mz/8.64min",0,0,0,0,0
"6216/686.2015mz/8.64min",0,0,0,0,0
"6217/687.201mz/8.64min",0,0,0,0,0
"6219/685.2035mz/8.64min",0,0,0,0,0
"6224/850.2503mz/8.66min",0,0,0,0,0
"6225/144.9822mz/8.68min",0,0,0,0,0
"6226/146.9803mz/8.68min",0,0,0,0,0
"6229/460.4146mz/8.7min",0,0,0,0,0
"6237/728.5668mz/8.72min",0,0,0,0,0
"6241/501.3572mz/8.73min",0,0,0,0,0
"6242/391.2994mz/8.74min",0,0,0,0,0
"6246/980.2777mz/8.74min",0,0,0,0,0
"6248/612.1632mz/8.77min",0,0,0,0,0
"6252/184.9855mz/8.74min",0,0,0,0,0
"6255/850.2708mz/8.79min",0,0,0,0,0
"6256/849.2717mz/8.8min",0,0,0,0,0
"6257/848.2708mz/8.8min",0,0,0,0,0
"6258/776.2316mz/8.8min",0,0,0,0,0
"6259/777.2325mz/8.8min",0,0,0,0,0
"6267/655.4908mz/8.82min",0,0,0,0,0
"6271/540.5347mz/8.8min",0,0,0,0,0
"6273/1072.3075mz/8.83min",0,0,0,0,0
"6276/1073.3081mz/8.83min",0,0,0,0,0
"6277/1074.3068mz/8.83min",0,0,0,0,0
"6279/394.3194mz/8.85min",0,0,0,0,0
"6280/393.3151mz/8.84min",0,0,0,0,0
"6284/516.4045mz/8.85min",0,0,0,0,0
"6285/908.2376mz/8.87min",0,0,0,0,0
"6289/378.3235mz/8.88min",0,0,0,0,-0.34307
"6290/408.3258mz/8.88min",0,0,0,0,0
"6291/776.564mz/8.89min",0,0,0,0,0
"6292/377.3201mz/8.88min",0,0,0,0,-0.12972
"6293/754.5822mz/8.91min",0,0,0,0,0
"6294/393.3151mz/8.9min",0,0,0,0,0
"6295/908.2376mz/8.92min",0,0,0,0,0
"6303/489.315mz/8.99min",0,0,0,0,0
"6305/408.3256mz/8.99min",0,0,0,0,0
"6307/540.5347mz/9.0min",0,0,0,0,0
"6315/764.5642mz/9.0min",0,0,0,0,0
"6316/395.3307mz/9.01min",0,0,0,0,0
"6317/776.564mz/8.99min",0,0,0,0,0
"6319/377.3201mz/9.0min",0,0,0,0,-0.39449
"6324/481.2921mz/9.03min",0,0,0,0,0
"6325/779.5829mz/9.04min",0,0,0,0,0
"6326/778.5793mz/9.04min",0,0,0,0,0
"6329/756.5978mz/9.14min",0,0,0,0,0
"6330/144.9822mz/9.22min",0,0,0,0,0
"6338/778.5797mz/9.18min",0,0,0,0,0
"6341/540.5347mz/9.21min",0,0,0,0,0
"6346/910.2562mz/9.29min",0,0,0,0,0
"6347/906.2586mz/9.3min",0,0,0,0,0
"6349/909.2571mz/9.3min",0,0,0,0,0
"6351/541.1203mz/9.33min",0,0,0,0,0
"6354/539.163mz/9.33min",0,0,0,0,0
"6355/536.1652mz/9.33min",0,0,0,0,0
"6356/537.166mz/9.33min",0,0,0,0,0
"6357/538.1633mz/9.33min",0,0,0,0,0
"6358/614.5116mz/9.39min",0,0,0,0,0
"6359/820.7383mz/9.41min",0,0,0,0,0
"6362/760.2004mz/9.42min",0,0,0,0,0
"6372/778.5797mz/9.4min",0,0,0,0,0
"6376/825.6937mz/9.45min",0,0,0,0,0
"6379/820.7383mz/9.53min",0,0,0,0,0
"6381/144.9822mz/9.57min",0,0,0,0,0
"6382/146.9803mz/9.56min",0,0,0,0,0
"6383/1128.3158mz/9.59min",0,0,0,0,0
"6384/1129.3165mz/9.59min",0,0,0,0,0
"6385/1130.3151mz/9.59min",0,0,0,0,0
"6388/594.5453mz/9.65min",0,0,0,0,0
"6389/616.5272mz/9.66min",0,0,0,0,0
"6392/825.6936mz/9.7min",0,0,0,0,0
"6398/1128.3158mz/9.7min",0,0,0,0,0
"6399/1129.3165mz/9.7min",0,0,0,0,0
"6400/1130.3151mz/9.7min",0,0,0,0,0
"6402/639.4956mz/9.74min",0,0,0,0,0
"6403/629.5225mz/9.74min",0,0,0,0,0
"6405/655.4687mz/9.76min",0,0,0,0,0
"6410/610.184mz/9.81min",0,0,0,0,0
"6413/613.182mz/9.81min",0,0,0,0,0
"6414/604.5274mz/9.8min",0,0,0,0,0
"6418/616.1397mz/9.81min",0,0,0.083805,0,0
"6420/615.139mz/9.82min",0,0,0.42378,0,0
"6422/537.3942mz/9.82min",0,0,0,0,0
"6423/631.1135mz/9.81min",0,0,0,0,0
"6428/825.6934mz/9.83min",0,0,0,0,0
"6429/1153.2791mz/9.85min",0,0,0,0,0
"6431/586.5161mz/9.86min",0,0,0,0,0
"6432/1152.2788mz/9.86min",0,0,0,0,0
"6437/1147.3268mz/9.88min",0,0,0,0,0
"6438/1148.3255mz/9.88min",0,0,0,0,0
"6439/1146.3259mz/9.88min",0,0,0,0,0
"6440/481.2922mz/9.88min",0,0,0,0,0
"6441/761.2197mz/9.88min",0,0,0,0,0
"6443/758.2212mz/9.88min",0,0,0,0,0
"6444/760.22mz/9.88min",0,0,0,0,0
"6445/762.2179mz/9.88min",0,0,0,0,0
"6446/759.2219mz/9.88min",0,0,0,0,0
"6450/851.7089mz/9.89min",0,0,0,0,0
"6451/784.2364mz/9.89min",0,0,0,0,0
"6452/836.237mz/9.95min",0,0,0,0,0
"6453/835.2389mz/9.95min",0,0,0,0,0
"6454/832.2399mz/9.95min",0,0,0,0,0
"6457/1130.315mz/9.98min",0,0,0,0,0
"6467/982.2567mz/10.03min",0,0,0,0,0
"6468/983.2574mz/10.04min",0,0,0,0,0
"6470/706.4955mz/10.07min",0,0,0,0,0
"6471/708.5102mz/10.07min",0,0,0,0,0
"6472/736.5423mz/10.08min",0,0,0,0,0
"6473/663.4534mz/10.08min",0,0,0,0,0
"6474/685.435mz/10.08min",0,0,0,0,0
"6475/680.4799mz/10.08min",0,0,0,0,0
"6479/1129.3165mz/10.13min",0,0,0,0,0
"6480/1130.315mz/10.13min",0,0,0,0,0
"6484/144.9822mz/10.16min",0,0,0,0,0
"6485/146.9803mz/10.16min",0,0,0,0,0
"6488/851.7091mz/10.18min",0,0,0,0,0
"6489/554.5504mz/10.19min",0,0,0,0,0
"6491/846.7537mz/10.19min",0,0,0,0,0
"6501/778.5796mz/10.25min",0,0,0,0,0
"6507/718.5325mz/10.29min",0,0,0,0,0
"6512/808.5826mz/10.27min",0,0,0,0,0
"6514/90.9766mz/10.28min",0,0,0,0,0
"6515/738.504mz/10.28min",0,0,0,0,0
"6517/226.9514mz/10.28min",0,0,0,0,0
"6518/804.5505mz/10.27min",0,0,0,0,0
"6520/859.5283mz/10.28min",0,0,0,0,0
"6532/820.5234mz/10.29min",0,0,0,0,0
"6536/780.5517mz/10.3min",0,0,0,0,0
"6541/782.5683mz/10.33min",0,0,0,0,0
"6547/760.5839mz/10.35min",0,0,0,0,0
"6548/554.5505mz/10.34min",0,0,0,0,0
"6549/786.6004mz/10.35min",0,0,0,0,0
"6551/742.5375mz/10.38min",0,0,0,0,0
"6557/761.586mz/10.35min",0,0,0,0,0
"6558/798.5642mz/10.4min",0,0,0,0,0
"6564/182.9851mz/10.38min",0,0,0,0,0
"6565/89.5066mz/10.38min",0,0,0,0,0
"6566/141.9586mz/10.38min",0,0,0,0,0
"6567/154.9902mz/10.38min",0,0,0,0,0
"6569/98.5119mz/10.38min",0,0,0,0,0
"6572/110.02mz/10.39min",0,0,0,0,0
"6574/113.9636mz/10.39min",0,0,0,0,0
"6578/610.184mz/10.4min",0,0,0,0,0
"6579/184.9855mz/10.43min",0,0,0,0,0
"6580/111.0201mz/10.44min",0,0,0,0,0
"6581/112.0179mz/10.44min",0,0,0,0,0
"6582/131.5335mz/10.43min",0,0,0,0,0
"6583/99.5121mz/10.44min",0,0,0,0,0
"6586/379.3358mz/10.47min",0,0,0,0,0
"6587/409.3827mz/10.48min",0,0,0,0,0
"6589/389.1746mz/10.49min",0,0,0,0,0
"6590/409.2008mz/10.49min",0,0,0,0,0
"6591/391.1908mz/10.49min",0,0,0,0,0
"6592/390.178mz/10.51min",0,0,0,0,0
"6597/154.9902mz/11.15min",0,0,0,0,0
"6598/89.5067mz/11.26min",0,0,0,0,0
