row ID,row m/z,row retention time,row ion mobility,row ion mobility unit,row CCS,correlation group ID,annotation network number,best ion,auto MS2 verify,identified by n=,partners,neutral M mass,2024_NEG_CC-NaB_3_Run57.mzML Peak area,2024_NEG_CC_2_Run48.mzML Peak area,2024_NEG_CC-NaB_1_Run30.mzML Peak area,2024_NEG_CC-NaB_2_Run51.mzML Peak area,2024_NEG_CC_3_Run62.mzML Peak area,2024_NEG_CC_1_Run21.mzML Peak area,
460,89.02441468632905,9.999088,,,,,,,,,,,935877.1,892748.0,3672272.5,1298313.5,1156765.0,916433.9,
31,89.02441691790318,0.42355773,,,,,,,,,,,461674.9,563997.0,431815.28,2319373.8,3184018.0,619632.3,
518,96.96012549997083,10.613551,,,,,,,,,,,2462305.5,1206118.5,8801987.0,8351439.5,2462330.2,8978525.0,
364,100.93365148243306,8.364878,,,,,,,,,,,773766.4,822099.0,588633.2,1155003.9,264724.84,840325.1,
375,100.93365160603577,8.446793,,,,,,,,,,,848350.3,810787.75,449063.53,584356.0,694925.1,599070.4,
471,100.93365203729583,10.215568,,,,,,,,,,,1299457.6,857878.56,1957545.4,807217.25,1153091.4,1177540.8,
333,100.93365255743566,8.22897,,,,,,,,,,,883564.5,895883.75,516294.12,489466.88,697654.06,1755621.1,
360,100.93365281007117,8.314325,,,,,,,,,,,1046975.8,916052.5,1999759.9,2149795.8,1675860.0,1122458.5,
338,100.93365356075147,8.267056,,,,,,,,,,,2775642.5,1220602.0,415007.16,2953570.8,2495451.2,805405.94,
296,100.93365369062207,7.8718204,,,,,,,,,,,1216062.0,967411.6,1452457.8,781496.8,2152338.0,661730.56,
316,100.93365431611231,7.947499,,,,,,,,,,,540073.5,1618283.8,666524.7,789548.3,1891711.1,1346549.8,
324,100.93365560383698,8.008413,,,,,,,,,,,1028151.25,664620.8,260757.25,811968.7,1140582.0,759258.7,
463,112.98567604897384,10.144362,,,,,,,,,,,687913.75,1020180.7,725741.5,935303.8,621565.06,709261.4,
9,112.98568119603219,0.3376706,,,,3,,,,,,,3742218.8,3591475.2,3971688.8,3378495.8,3492552.5,3645057.2,
477,112.9856807741603,10.272885,,,,15,,,,,,,3124404.8,2167654.2,3362506.5,2165145.2,2916501.5,2314974.2,
422,115.92075076245582,8.924727,,,,18,,,,,,,1170623.6,2873669.8,3437819.8,2916612.5,1032670.6,791375.9,
465,115.92075515135953,10.199653,,,,14,,,,,,,4018732.0,3960577.8,4389820.0,3601737.5,3447992.5,3631693.0,
348,115.92076057116458,8.2823,,,,6,,,,,,,9147909.0,1.1631265E7,1.0820416E7,9188457.0,1.0189245E7,1.5939919E7,
274,115.92076153493353,7.7016716,,,,,,,,,,,2217001.2,868638.5,1174557.8,688047.6,2500541.5,1454585.4,
282,115.92076447037743,7.8393846,,,,27,,,,,,,5003985.0,3592083.5,3319447.8,3329186.2,5494121.0,5156863.0,
314,115.92076527880567,7.9466968,,,,11,,,,,,,3356029.5,4280714.5,4667581.5,4090983.8,5161455.5,5215941.5,
466,116.92091013157717,10.205971,,,,14,,,,,,,454910.94,440937.75,480072.84,390198.84,161112.22,394905.2,
494,116.92856745287183,10.363328,,,,,,,,,,,1413725.9,1446841.0,1599636.9,1473448.8,1409579.6,1521580.0,
281,116.9285699552717,7.838369,,,,27,,,,,,,6383510.5,2341646.5,4566694.0,1754959.9,2326403.0,2649981.5,
234,116.92857290773615,7.2968287,,,,,,,,,,,944767.94,839607.25,771170.94,785323.25,425759.62,631202.44,
272,116.92857815598875,7.68313,,,,10,,,,,,,2012618.8,2529460.8,1704660.8,2653337.5,2993136.2,3511324.0,
34,117.01934764269389,0.6546417,,,,20,,,,,,,617315.75,631373.25,661999.3,1625695.4,2601133.2,3566065.5,
32,119.01713488116185,0.58762574,,,,,,,,,,,1174370.0,1181549.6,1245670.4,1157341.9,1165489.1,1138258.4,
33,121.03276225952618,0.6489406,,,,20,,,,,,,1943581.2,1982424.4,2019296.9,1953957.9,1873149.6,1837446.2,
269,122.97577625249993,7.680756,,,,,,,,,,,52401.066,86957.734,75479.01,88475.234,93194.33,129808.84,
428,122.97577792487603,9.004212,,,,,,,,,,,450499.66,360871.94,573260.94,380921.25,360409.03,470112.53,
288,122.97577811447127,7.8394036,,,,,,,,,,,123847.82,130429.98,125990.27,122638.055,159934.86,190800.8,
303,122.97578269018334,7.9457145,,,,,,,,,,,174558.02,188347.1,176180.78,161766.81,236951.31,259761.42,
353,122.97578643038177,8.285443,,,,,,,,,,,119829.67,171340.14,137771.42,139153.47,199805.2,277312.34,
16,123.04841717865236,0.37612128,,,,,,,,,,,321289.66,320551.72,352318.8,308715.1,314204.8,327268.28,
122,132.8678539359874,5.6487827,,,,,,,,,,,116781.58,178916.06,159414.53,293634.53,137159.48,215717.8,
497,132.86787099221146,10.467677,,,,,,,,,,,775301.0,616797.6,728482.06,656661.44,668216.25,690288.9,
470,132.867871660757,10.210832,,,,54,,,,,,,195195.86,151837.06,170398.97,158054.12,147972.39,170056.88,
235,134.89466574733288,7.311931,,,,,,,,,,,961672.8,532409.44,626305.3,693514.5,694814.2,950451.4,
261,134.89467557284942,7.5608883,,,,7,,,,,,,3116764.5,2061461.2,1953198.5,1985053.1,1914831.9,2355043.2,
277,134.89467807239996,7.695599,,,,10,,,,,,,2321104.0,2294143.8,2257247.8,2302350.0,2298602.8,2403186.8,
366,134.8946799772165,8.397447,,,,28,,,,,,,2072384.4,1840936.1,2021645.6,1981459.8,2364712.2,1913497.9,
294,134.89468005178426,7.8592186,,,,27,,,,,,,1395828.1,1313725.6,1487701.5,1327611.0,1422707.4,1313767.5,
355,134.89468125460024,8.287788,,,,6,,,,,,,4238221.5,3577977.2,3745663.0,3521686.5,5017768.0,5096363.0,
320,134.89468239016796,7.9619603,,,,11,,,,,,,2519575.8,2377956.5,2624081.8,2184257.5,2567694.0,2651161.5,
325,134.89468268392653,8.0604925,,,,19,,,,,,,1454292.5,1925549.8,1931445.6,1626235.8,1645648.4,1968338.2,
17,139.03241932720172,0.37340784,,,,24,,,,,,,2266508.2,2217412.5,2401471.0,2232330.2,2176526.2,2269139.2,
469,144.92346751851514,10.207914,,,,14,,,,,,,2305986.2,1938347.0,2363016.5,2162910.2,1990688.0,1824707.4,
285,144.92347332865629,7.8404045,,,,27,,,,,,,2585934.5,2571170.5,2082369.9,1980612.8,2811093.0,3223718.5,
352,144.92347356620124,8.283287,,,,6,,,,,,,8142428.5,7705497.0,8281410.5,4896636.5,7372342.0,8339973.0,
315,144.92347460835512,7.94771,,,,11,,,,,,,2471074.2,2621249.8,2577348.0,1965849.9,3623765.0,3009317.8,
498,160.8419827942711,10.472661,,,,16,,,,,,,279308.34,257094.9,316386.7,271807.7,296139.72,307263.28,
278,161.91357133289,7.70112,,,,10,,,,,,,526738.44,414419.94,406558.1,412833.2,730192.1,413790.38,
260,161.91357252163314,7.5532227,,,,,,,,,,,425968.06,455602.4,436266.3,450012.28,358223.8,571088.25,
368,161.91357448747843,8.409413,,,,28,,,,,,,1164573.4,1064480.1,1061684.8,1080013.0,1150611.6,902665.4,
289,161.91357545587644,7.8428745,,,,27,,,,,,,1191014.6,313101.78,349237.9,309248.94,322473.06,363944.34,
319,161.91357745188395,7.96196,,,,11,,,,,,,429068.3,360505.9,433114.1,351780.3,429453.44,431427.06,
359,161.9135782107005,8.298938,,,,6,,,,,,,1072558.6,905500.25,1263669.5,893113.9,1320749.2,1030833.75,
499,162.83904947821404,10.472661,,,,16,,,,,,,278733.4,258142.45,305003.0,272077.72,304972.44,309871.12,
480,180.972988400287,10.272542,,,,,,,,,,,119764.46,106157.85,124597.14,101247.01,94659.36,104904.79,
11,180.97300140574387,0.3394753,,,,,,,,,,,352403.12,298985.84,364541.5,312476.78,345973.62,357168.06,
429,180.9811934056637,9.010917,,,,,,,,,,,358740.97,348261.06,411414.75,349301.28,366183.97,262951.22,
304,180.98119533744284,7.9409413,,,,,,,,,,,212593.92,203267.44,272897.38,220541.53,295909.3,234355.89,
343,180.9812028697768,8.2834215,,,,,,,,,,,199155.23,195598.72,226590.9,177663.81,313835.38,221794.52,
15,185.07621927111063,0.3707204,,,,24,,,,,,,784243.1,765407.25,818700.06,735529.44,742511.3,714618.9,
403,186.90575246073539,8.747708,,,,23,,,,,,,5632620.5,4949710.0,5674587.5,4797910.0,4821247.0,5738327.5,
426,186.97061719882356,8.985668,,,,,,,,,,,794370.1,799944.06,838916.06,736141.0,779927.56,800297.25,
327,186.97063130183508,8.061756,,,,19,,,,,,,209265.19,285906.47,278028.9,222158.11,207863.12,318090.03,
367,186.97063689689523,8.397447,,,,28,,,,,,,502511.72,826025.6,1127420.2,1212514.1,486124.03,350417.66,
270,186.97063697151634,7.683066,,,,10,,,,,,,187935.72,228435.4,194232.38,250796.98,247537.62,264990.75,
286,186.97063836298153,7.8405204,,,,27,,,,,,,327714.47,355512.16,342965.66,334644.53,393394.06,395209.28,
312,186.9706419657888,7.9446297,,,,11,,,,,,,555069.94,546710.2,559606.7,517132.84,577833.9,578678.75,
350,186.97064469155293,8.282379,,,,6,,,,,,,967028.94,1402241.4,1139304.8,1229877.5,1461867.8,1379549.6,
12,187.09187695142484,0.36136484,,,,24,,,,,,,5407725.0,5221913.0,5549217.5,5133768.5,5100649.0,5284743.5,
112,187.8609248826065,5.259029,,,,,,,,,,,143077.94,5213.7744,30436.178,10796.093,60925.473,36745.223,
115,187.8609309533375,5.3092146,,,,,,,,,,,104498.945,47199.15,36969.64,10796.093,212259.11,111107.55,
119,187.86094277906528,5.64658,,,,,,,,,,,0,0,0,146467.36,0,0,
132,187.86094373768444,6.0258465,,,,,,,,,,,0,172636.62,23987.662,0,0,0,
104,187.8609587364599,5.091901,,,,,,,,,,,167930.55,0,0,0,0,0,
504,187.8609827452201,10.490793,,,,,,,,,,,710620.6,723687.06,852276.75,692895.56,820527.7,808752.9,
404,188.903947694551,8.748555,,,,23,,,,,,,2446195.0,2164254.5,2499414.8,2101942.5,2165871.5,2547669.5,
505,189.85796492547902,10.490793,,,,,,,,,,,346942.4,395141.28,514070.4,394935.9,415312.0,353458.25,
242,195.81087900363408,7.358714,,,,,,,,,,,0,0,0,0,212913.92,0,
502,195.81091771861023,10.475362,,,,16,,,,,,,394128.8,416430.03,439227.16,440106.44,462736.62,405695.72,
129,195.90598291356253,6.0226407,,,,,,,,,,,0,198852.66,36026.758,0,0,0,
512,195.90599751945192,10.542,,,,,,,,,,,457645.12,718314.7,622848.56,588925.4,611721.9,741965.9,
243,197.80790849253697,7.358714,,,,,,,,,,,0,0,0,0,278545.7,0,
503,197.80795300099297,10.475362,,,,16,,,,,,,515907.12,526991.1,588047.1,576558.75,618042.7,551406.5,
48,209.9992073584325,3.4141967,,,,,,,,,,,300687.7,325157.47,333843.72,328049.5,312197.7,360422.75,
45,212.03529127969713,3.3139877,,,,,,,,,,,3680574.5,3421620.8,2265289.5,2932752.0,8122291.5,2627980.0,
55,212.03530214322473,3.5408375,,,,42,,,,,,,1.7647606E7,1.7830688E7,1.711195E7,1.7553342E7,1.3307568E7,2.1804692E7,
54,213.03862086866275,3.540838,,,,42,,,,,,,1446453.6,2243994.8,1552998.4,2196506.0,1611549.4,2748449.2,
120,214.87992692111516,5.626707,,,,,,,,,,,49406.523,87065.72,99600.88,768785.8,129626.82,29718.564,
105,214.87992901279392,5.1100965,,,,,,,,,,,627140.2,19325.229,31303.984,23974.098,91470.87,30597.277,
130,214.87993181624188,5.969457,,,,,,,,,,,57006.07,777054.6,135896.03,71866.76,216166.8,16127.288,
506,214.87999566288144,10.516961,,,,0,,,,,,,2296175.0,2240876.0,2526983.0,2172729.8,2418514.0,2492331.0,
507,216.87679945577796,10.523542,,,,,,,,,,,547641.0,564068.44,592297.6,545020.4,602045.94,750248.9,
407,221.87461820674562,8.739554,,,,23,,,,,,,4878125.5,4302809.5,3983012.2,3814825.8,3934483.8,3821850.5,
14,223.06855407230856,0.36621574,,,,24,,,,,,,482953.53,480322.56,491436.0,491394.8,484886.84,493484.0,
409,223.87233485595019,8.756526,,,,23,,,,,,,3557516.8,3088502.2,2857756.0,2762840.2,2839537.0,2715464.5,
18,226.1027674996992,0.37520644,,,,24,,,,,,,393850.0,361107.12,397482.25,376000.53,380469.2,389183.2,
87,227.96659984310273,4.7430563,,,,36,,,,,,,5724825.0,5891523.0,6266872.5,5732866.5,5632661.0,6061078.0,
86,228.96988977980598,4.741955,,,,36,,,,,,,465204.6,455355.97,496645.5,455689.4,457055.28,494201.06,
88,229.96447731715625,4.7430563,,,,36,,,,,,,5685938.0,5972596.0,6187157.0,5661852.5,5573851.0,6014812.0,
89,230.96777835105888,4.743057,,,,36,,,,,,,453678.47,474965.25,503108.2,429720.8,443309.94,476722.94,
13,233.09734878523014,0.36136484,,,,24,,,,,,,679963.7,611313.3,669597.1,610586.44,650817.75,663811.25,
131,241.89891066654528,5.966472,,,,,,,,,,,278718.1,1409367.0,276116.66,292661.4,287083.3,262851.7,
121,241.89891140463484,5.6500344,,,,,,,,,,,212111.1,290462.4,138902.27,1426376.5,138125.84,129445.29,
106,241.89891392302823,5.105556,,,,,,,,,,,1506596.2,147350.61,259684.95,151588.06,128372.01,152191.55,
510,241.8989621944719,10.533372,,,,0,,,,,,,4516424.5,4663717.5,4985676.0,4327494.5,4596702.0,5041547.0,
72,242.17616712107807,4.4253817,,,,,,,,,,,451792.38,480038.28,503800.72,494728.4,483300.25,504428.47,
509,243.8992945092948,10.521377,,,,0,,,,,,,5986536.0,6553610.0,6977267.5,6594525.0,6755751.5,6564409.5,
400,243.8993277626029,8.736117,,,,23,,,,,,,1.9228128E7,1.4672924E7,1.5770487E7,1.3668284E7,1.3773033E7,1.5627318E7,
244,243.8995909336878,7.3114033,,,,,,,,,,,245189.94,42743.773,12774.424,15517.869,358852.88,123518.81,
241,245.89473443761406,7.3471894,,,,,,,,,,,49784.86,0,0,0,147436.88,12518.979,
508,245.89479366596765,10.520282,,,,0,,,,,,,2323465.2,2501461.5,2690319.8,2501437.2,2476471.0,2501359.0,
399,245.8948064403844,8.73388,,,,23,,,,,,,7395647.0,5680209.0,6098765.0,5240153.5,5271789.0,6012013.0,
410,248.8935774259791,8.7578945,,,,23,,,,,,,1.010404E7,8269600.5,8491283.0,7462098.5,5037829.0,7615335.5,
386,248.893581305815,8.649709,,,,,,,,,,,3476837.5,2268136.0,2214842.0,2559480.0,2358224.0,1983966.5,
461,248.96042137105556,10.137729,,,,,,,,,,,110938.414,112043.47,98211.39,92515.28,47797.504,41204.66,
483,248.960434727013,10.2755785,,,,15,,,,,,,461966.38,395372.56,411613.16,366989.38,352088.6,391951.1,
10,248.96045285104427,0.33765793,,,,3,,,,,,,984928.6,963279.6,1015380.06,887872.2,969359.3,1034036.3,
49,249.02269389784215,3.49247,,,,,,,,,,,6841276.0,5698965.0,5988741.5,6720423.0,5614002.0,6057187.0,
387,250.891678134827,8.66313,,,,,,,,,,,1536134.4,1136388.5,859091.4,986833.25,1028378.3,900798.0,
411,250.89168390945352,8.763796,,,,23,,,,,,,4504685.0,3645007.5,3762314.2,3307865.5,2225919.8,3392488.5,
520,255.82211997104255,10.633758,,,,,,,,,,,99106.445,60793.812,96848.55,41726.6,135194.53,36575.13,
500,255.8221691004619,10.473572,,,,16,,,,,,,280522.94,294965.47,287206.06,293291.72,309278.66,269882.94,
501,257.81917207181317,10.475361,,,,16,,,,,,,286371.56,290398.2,284901.78,279499.25,300644.62,259929.69,
20,262.07947385984085,0.37702176,,,,24,,,,,,,693686.5,659109.8,704621.3,740004.2,671318.6,723979.0,
69,263.0383458523451,4.26994,,,,,,,,,,,336552.4,334334.7,345575.0,336868.28,330672.06,347975.78,
42,265.017616257012,2.8402941,,,,,,,,,,,1762416.8,1788778.2,1932694.9,1795642.1,1767804.5,1947526.1,
44,265.0176235710761,3.177084,,,,,,,,,,,3360138.2,3243903.8,3379423.0,3317284.8,3214153.5,3461896.0,
134,265.1479067156949,6.0198407,,,,,,,,,,,221945.45,215177.77,318856.56,393433.62,434567.06,580032.0,
90,266.9888467307922,4.756838,,,,17,,,,,,,1411481.1,1532154.0,1616749.4,1404693.2,1368003.4,1691425.6,
91,268.985737550687,4.756838,,,,17,,,,,,,468650.2,515641.25,513746.97,446503.06,455835.0,568111.9,
35,271.0616357947016,0.8754867,,,,,,,,,,,4841055.0,4884772.0,5135920.5,4874879.0,4656125.0,5095256.5,
30,271.0616540427579,0.39721695,,,,,,,,,,,880302.4,924435.8,943911.25,896633.2,867526.25,925896.7,
196,271.22786095738047,7.0170636,,,,,,,,,,,50524.49,64508.71,71985.61,64954.08,98072.875,107667.586,
135,271.22787752933385,6.0580845,,,,,,,,,,,151817.56,179300.84,176760.89,186485.06,254945.56,326082.88,
223,271.2278812649677,7.2300415,,,,,,,,,,,17636.443,19309.414,58513.348,41194.508,44293.64,110824.055,
144,271.22788677483,6.389667,,,,,,,,,,,162023.67,202246.3,187235.42,188472.81,241514.03,311101.3,
19,272.10828477139603,0.37521675,,,,24,,,,,,,898334.3,841523.7,907263.9,836698.8,823041.8,845000.75,
305,281.2486130018022,7.941026,,,,,,,,,,,124865.73,137909.22,146471.19,95926.336,223156.5,400204.72,
71,282.983735610065,4.395375,,,,,,,,,,,359314.5,375756.44,371781.88,358447.03,353557.5,397801.0,
28,289.09847287235,0.3890994,,,,24,,,,,,,1147683.1,1153654.1,1172664.8,1062684.5,1065534.8,1145056.0,
171,295.2279078138551,6.768723,,,,,,,,,,,533932.94,420324.03,514429.7,474493.22,733403.8,635072.9,
150,297.243553962305,6.476566,,,,,,,,,,,106096.08,104478.22,113179.95,137559.4,140608.97,184996.92,
199,297.24355556151573,7.0477204,,,,,,,,,,,27690.318,32786.95,30335.96,30777.93,42907.766,56548.3,
179,297.24356176119505,6.826302,,,,,,,,,,,25093.248,36413.973,21540.432,32621.762,48204.07,64958.69,
155,297.24356665699764,6.608423,,,,50,,,,,,,534922.44,385062.38,536398.06,422983.16,588924.56,705437.75,
164,297.24356670919747,6.7059517,,,,44,,,,,,,234922.23,280110.88,246566.11,269635.5,388409.72,512959.03,
265,299.2592243820474,7.600254,,,,12,,,,,,,259153.98,297108.78,296999.3,278231.8,436065.16,517657.3,
184,299.259225191839,6.8995204,,,,,,,,,,,709340.4,789359.4,788969.56,843820.4,1129585.2,1381080.1,
279,299.2592288855321,7.777533,,,,,,,,,,,5905.4424,12159.191,46453.516,24604.572,20990.783,96527.62,
160,299.25923548056676,6.67499,,,,34,,,,,,,1821224.9,2094375.1,1976799.1,2149672.8,2726822.8,3388781.8,
161,300.2625829293377,6.67499,,,,34,,,,,,,347467.0,394256.47,360540.72,407917.66,537180.06,635136.06,
63,309.10141232349685,4.021435,,,,,,,,,,,418046.66,404056.2,463355.88,414757.38,392178.34,441297.62,
449,311.1686841823293,9.44417,,,,,,,,,,,137737.73,76428.63,142879.05,58941.8,211513.47,211164.33,
433,311.1687070049643,9.012044,,,,47,,,,,,,273602.9,224110.19,352391.4,245176.3,196495.12,225288.6,
467,311.16871080035264,10.208145,,,,54,,,,,,,190864.22,173285.05,192718.88,172398.94,191683.5,215316.81,
159,311.1687242157727,6.635857,,,,,,,,,,,708336.3,769201.5,747439.9,772662.6,845185.9,1119345.5,
153,311.1687246342129,6.528446,,,,,,,,,,,980286.0,996377.56,905627.8,922404.2,1040250.3,1737269.8,
38,312.98465992900964,2.348244,,,,,,,,,,,439749.6,561715.5,589704.5,435920.34,438103.03,218778.83,
39,312.9846616738679,2.44755,,,,,,,,,,,640348.1,670231.4,736831.06,590930.06,611823.4,634447.7,
127,315.2541145957806,5.798214,,,,,,,,,,,62806.71,66822.36,71328.48,77723.06,104149.8,116824.41,
137,315.25413081306664,6.138206,,,,,,,,,,,218285.06,236347.86,241074.61,260775.67,343795.9,427414.44,
133,315.25416207345273,6.015262,,,,,,,,,,,74720.4,74739.94,84629.27,91900.66,107926.07,115011.51,
478,316.94794702725693,10.273989,,,,15,,,,,,,423607.03,344075.06,376522.6,319375.97,326094.44,350349.56,
462,316.9479601679962,10.154287,,,,,,,,,,,78313.43,51434.29,77543.3,38248.01,7159.04,5503.085,
8,316.9479617451812,0.33496353,,,,3,,,,,,,1001481.0,982255.5,1045654.2,907907.0,1006210.8,1074152.4,
448,325.1843231731707,9.442542,,,,,,,,,,,37588.086,26891.41,47763.695,80224.83,62154.918,101063.88,
432,325.1843511670793,9.010648,,,,,,,,,,,171706.36,159171.53,203810.25,152137.7,111838.32,143837.53,
468,325.1843608540856,10.210709,,,,,,,,,,,167642.81,154833.58,158964.73,119023.24,174655.28,181915.69,
226,325.18438410456207,7.2287946,,,,,,,,,,,423728.53,352694.9,436347.78,403840.78,488249.25,771818.06,
210,325.18438650595823,7.1202273,,,,,,,,,,,458283.66,300243.38,332178.97,292952.56,597151.1,1551514.4,
232,327.1270368523013,7.298181,,,,,,,,,,,501534.53,428707.94,359020.47,391316.12,579598.2,684717.25,
513,328.9795687701665,10.590331,,,,1,,,,,,,495957.0,442171.1,462668.03,484448.38,457513.5,548118.2,
37,328.97959201583734,2.1280034,,,,37,,,,,,,1246689.5,1454756.1,1410444.1,1479411.9,1189924.5,1595063.4,
79,341.0486238563142,4.555927,,,,31,,,,,,,736069.7,701846.44,764977.0,700527.56,743425.94,816816.8,
26,353.1488747129497,0.3833951,,,,24,,,,,,,378140.78,369728.75,412465.25,355647.16,353553.8,383708.66,
284,355.1579412264052,7.8393884,,,,27,,,,,,,3313731.0,2858076.0,2818026.2,2150178.2,3674641.2,5181977.5,
41,370.9898066535798,2.8007338,,,,,,,,,,,816393.44,805295.6,906032.7,836526.1,803970.94,919898.0,
40,373.00550049735256,2.7060785,,,,,,,,,,,2113253.8,2072115.2,2275841.8,2113290.2,2000419.6,2257010.2,
311,379.1792290349272,7.9438744,,,,11,,,,,,,316312.75,316152.62,275943.84,250792.34,443947.94,614135.0,
313,381.17366445940706,7.944797,,,,11,,,,,,,6295863.0,6593789.0,6042865.0,4927954.0,8592809.0,1.2026891E7,
344,381.19485381309613,8.281483,,,,,,,,,,,109960.98,125091.016,119188.9,124734.95,198975.56,290946.12,
308,383.17774496257704,7.9428554,,,,11,,,,,,,220102.72,254442.86,245465.78,200458.56,327749.84,487479.2,
351,383.1893014820869,8.282378,,,,6,,,,,,,2421955.2,2595960.8,2579532.2,2522122.0,4178555.2,6036727.5,
485,384.9350652068497,10.277021,,,,15,,,,,,,250811.03,201405.95,228461.61,177932.94,186446.88,214829.25,
3,384.9351203835668,0.33406457,,,,3,,,,,,,670781.56,637488.6,708912.6,631940.0,701867.5,692712.7,
21,389.12568964369535,0.37794673,,,,24,,,,,,,548439.3,546580.4,603897.44,590099.5,575237.25,599286.75,
99,396.2154247210145,4.9893374,,,,51,,,,,,,386363.66,536284.44,413619.12,554173.7,775604.8,909457.56,
107,396.21542474153165,5.1005983,,,,,,,,,,,1376742.5,1713910.9,1493296.0,2140950.0,2769893.5,2768363.8,
43,397.0055041214593,3.142474,,,,,,,,,,,298219.56,283622.03,309042.06,302315.1,286838.56,328452.97,
108,397.21885219211,5.100812,,,,,,,,,,,250064.1,307468.3,279010.38,393839.5,516834.34,515677.44,
100,397.21895581593907,4.990726,,,,51,,,,,,,70443.47,94906.47,69805.15,91160.03,131348.61,152305.28,
24,398.15110362871457,0.38065886,,,,24,,,,,,,505077.75,482397.6,509460.25,462559.03,460573.9,486494.88,
25,399.1544558818694,0.38065886,,,,24,,,,,,,4832724.5,4643071.0,5054208.0,4622032.0,4525162.0,4903829.0,
81,404.0443648269756,4.557236,,,,31,,,,,,,444453.97,442972.72,469833.4,427036.66,416306.72,483724.84,
58,405.01066439117494,3.617995,,,,32,,,,,,,1.9005494E7,1.7732686E7,1.8939264E7,1.8653666E7,1.783768E7,1.8889106E7,
60,406.0137558780525,3.6179707,,,,,,,,,,,3778381.0,3233143.8,3559500.8,3395166.0,3651887.2,3620992.2,
57,407.0044431281538,3.6179945,,,,32,,,,,,,1274451.0,1193888.5,1318820.4,1265410.6,1229078.0,1335789.1,
29,416.1446617512772,0.38920406,,,,24,,,,,,,974935.06,857928.5,957189.06,940750.25,943294.25,1006542.1,
46,421.00553357770855,3.3099709,,,,,,,,,,,68146.52,91984.9,82516.1,79537.375,75894.35,92237.8,
62,421.0055484885002,3.8608382,,,,,,,,,,,504361.0,480279.0,617988.6,418723.28,452269.94,512986.97,
47,421.0055705719267,3.413077,,,,,,,,,,,2921239.5,2830852.0,3223245.0,3071674.0,2806243.8,3235767.2,
66,421.1866583633144,4.151501,,,,,,,,,,,852965.9,804098.2,966587.56,823795.06,977752.5,1159734.9,
221,421.22642315946615,7.218254,,,,,,,,,,,1418586.2,1348720.8,1623479.4,1431832.1,1459535.8,1746980.5,
80,422.9767884168207,4.5569873,,,,31,,,,,,,766498.94,751914.5,816906.9,716580.4,766555.3,861216.7,
109,424.2467676190763,5.1574903,,,,,,,,,,,84571.23,87859.62,91493.68,119554.25,134665.64,162407.5,
113,424.2468140865483,5.2088037,,,,,,,,,,,78900.84,83637.05,85216.22,120199.97,161953.9,174595.0,
116,424.24683785877573,5.551829,,,,,,,,,,,399479.22,500993.0,451677.3,572261.9,756293.56,804076.6,
123,424.2468460002797,5.662153,,,,,,,,,,,1729116.9,2058347.2,1945300.5,2410768.0,3118588.8,3059949.2,
97,426.96777770059475,4.9721665,,,,35,,,,,,,8787695.0,1.0561936E7,1.042001E7,9345799.0,9637257.0,1.0754062E7,
98,428.96242048728953,4.9732833,,,,35,,,,,,,337716.2,396905.7,378069.28,359279.66,366830.4,403793.75,
258,430.3172393687046,7.517713,,,,,,,,,,,167802.55,239915.45,182223.22,192489.67,319809.8,476947.94,
252,430.3172394201531,7.4578385,,,,,,,,,,,127432.95,269242.6,206779.61,215580.7,231416.16,272284.72,
68,447.02126524346755,4.2063527,,,,,,,,,,,334432.06,316512.9,337826.5,321581.75,332371.66,339719.78,
259,447.30744929408814,7.5308743,,,,,,,,,,,152884.22,214176.55,167681.38,109554.62,308145.88,421367.6,
249,447.3074602618179,7.47275,,,,,,,,,,,81165.375,111865.5,70957.3,64428.3,174851.34,169792.36,
139,452.27817896528745,6.2385297,,,,,,,,,,,3430071.0,3698379.8,3615541.0,4230384.0,5394294.0,5552533.5,
136,452.2781793451051,6.127777,,,,,,,,,,,603866.2,628842.3,631940.5,720364.44,912900.4,930154.94,
482,452.92261691393037,10.2754345,,,,15,,,,,,,203086.92,159320.69,178384.7,138238.72,149829.62,170887.42,
4,452.92267377199437,0.33406457,,,,3,,,,,,,646717.3,584415.06,663317.6,567548.44,660201.6,661190.7,
268,455.2105572876,7.6817355,,,,10,,,,,,,531721.8,546547.8,400288.8,605209.2,801581.94,1022370.25,
431,465.26762251461747,9.009795,,,,47,,,,,,,758569.25,692886.8,891237.1,700579.5,640698.25,799605.2,
23,467.14203041425657,0.37885758,,,,24,,,,,,,963075.94,939862.0,1005615.1,898260.8,876873.7,935687.5,
447,467.2832593809319,9.441678,,,,,,,,,,,231059.22,285434.88,570572.6,421385.28,336049.3,772931.6,
141,478.29390167606704,6.3016605,,,,38,,,,,,,1341503.8,1575212.0,1405576.1,1946785.1,2638266.0,3028820.2,
146,478.29391226413526,6.406652,,,,,,,,,,,5389555.5,6233555.0,5758294.0,7966998.5,1.0607851E7,1.110154E7,
142,480.2989889372441,6.2995477,,,,,,,,,,,42494.676,53516.062,42418.973,64790.133,92865.33,110371.08,
147,480.29910444577393,6.405747,,,,,,,,,,,193828.14,241661.5,210522.16,302933.66,375621.4,410062.38,
166,480.30955973967747,6.7094035,,,,44,,,,,,,169974.58,170661.86,172200.8,193494.06,255503.1,286617.2,
177,480.309568385525,6.824738,,,,45,,,,,,,1079940.9,1111156.0,1148479.2,1263849.1,1604569.0,1841383.1,
95,481.0420989977165,4.920261,,,,57,,,,,,,4430029.5,4070791.8,4868160.0,4310170.5,5142831.0,3987698.8,
178,481.3129160010413,6.8223643,,,,,,,,,,,254573.64,273035.9,276955.6,314632.5,376125.8,435096.6,
167,481.31296725245534,6.7072983,,,,,,,,,,,32120.197,29706.723,35353.85,40402.32,54680.31,64564.203,
101,484.2681152144739,5.0297227,,,,22,,,,,,,816751.3,797769.3,869349.44,998490.44,1249536.9,1311657.5,
110,484.26811689490114,5.1403728,,,,5,,,,,,,2933900.0,2537889.0,2977450.5,3560052.2,3780737.5,3616339.8,
264,484.3643671745672,7.5947824,,,,12,,,,,,,605260.6,590624.4,654084.8,644995.75,917544.1,1209560.2,
73,497.0370854972632,4.439729,,,,,,,,,,,983581.4,917589.7,971694.7,919047.44,1010404.8,1045720.06,
85,497.0370917804378,4.6708617,,,,,,,,,,,1647514.8,1395156.0,1624233.9,1415603.5,1874843.0,1315325.6,
391,499.37525501595354,8.638693,,,,,,,,,,,353122.25,435408.2,462579.88,495315.5,756183.06,902901.0,
102,501.25823956374796,5.0297227,,,,22,,,,,,,149543.58,156216.22,182458.16,190114.0,254273.72,270422.0,
111,501.25828630690916,5.1403728,,,,5,,,,,,,543810.44,487320.1,573688.4,697837.25,743505.94,690669.44,
446,501.35448294737415,9.419924,,,,,,,,,,,36397.89,44429.785,39903.24,31491.129,48119.17,66738.61,
263,501.3546339341926,7.5933995,,,,12,,,,,,,1219348.2,1496521.6,1612716.2,1661332.8,2334772.8,2889139.2,
189,506.3251687488155,6.951887,,,,,,,,,,,169146.81,155509.84,162139.31,228675.61,330003.3,350362.84,
154,506.32517219032775,6.5631995,,,,,,,,,,,41189.09,42075.996,50533.406,56612.605,93380.98,93383.7,
181,506.32524208806694,6.845297,,,,,,,,,,,31381.43,29290.664,26462.783,44380.51,67937.4,73450.65,
117,512.299425498523,5.5995927,,,,,,,,,,,91901.75,76161.95,87212.695,96482.79,122300.74,128773.26,
124,512.2994429476131,5.712464,,,,,,,,,,,444817.2,375007.28,462735.34,512985.34,535724.9,519598.2,
330,512.3956915244776,8.078641,,,,,,,,,,,266621.8,219883.14,287061.34,305568.5,325990.62,432822.66,
163,520.3045406001405,6.679405,,,,34,,,,,,,171737.27,116308.875,191426.25,328778.1,434940.44,619270.9,
476,520.9102401279985,10.272542,,,,15,,,,,,,127418.83,93001.99,109134.2,84826.15,86445.55,97404.24,
5,520.9102753427456,0.33406457,,,,3,,,,,,,488781.44,463503.2,527048.0,447306.4,495341.94,500453.53,
328,529.3859369349462,8.068291,,,,19,,,,,,,729872.1,752821.75,882312.56,917368.44,1209784.9,1635350.4,
22,535.1296568013811,0.37702176,,,,,,,,,,,331218.0,325089.12,369628.4,304020.28,299268.4,343427.5,
138,540.3308052504303,6.1864905,,,,,,,,,,,135912.81,98026.41,129443.984,136792.34,145578.94,141203.97,
140,540.3308615669692,6.299338,,,,38,,,,,,,911719.25,768470.1,914742.1,912333.4,1034304.5,962392.06,
96,544.0379282893908,4.92193,,,,57,,,,,,,1829063.2,1655809.9,1916585.6,1811902.1,2149699.5,1574437.8,
418,545.4536872353739,8.901244,,,,,,,,,,,904502.0,1087611.9,1123187.9,1007418.06,1925045.2,1887433.6,
442,556.4947863644217,9.312049,,,,53,,,,,,,653207.8,760710.94,850810.06,721275.3,940245.2,1175858.1,
74,560.9989837621446,4.506971,,,,,,,,,,,123700.09,100456.695,121777.75,52020.33,22223.762,86153.47,
53,560.9990257476169,3.5377982,,,,42,,,,,,,3854577.8,3811020.2,4230724.5,3732143.8,3745378.5,4224123.0,
517,560.9990678812514,10.608121,,,,4,,,,,,,75076.97,69895.4,77925.7,65727.445,65125.71,90768.02,
128,562.0038670302752,5.8286653,,,,,,,,,,,56024.137,56904.168,73927.06,57433.086,71395.22,59231.617,
204,565.2822440163214,7.0728626,,,,8,,,,,,,2761417.8,3070236.8,2463625.2,2700875.2,3672834.5,4275468.5,
176,565.287362167564,6.824738,,,,45,,,,,,,42463.117,40421.87,36889.387,46320.164,62948.715,63614.79,
143,566.34654734354,6.3669353,,,,,,,,,,,257849.55,244704.3,260387.1,297487.7,382524.7,405563.7,
149,566.3465814784485,6.471905,,,,,,,,,,,1493552.4,1302038.1,1449955.5,1666626.4,2015869.9,2011159.4,
299,567.4016722929431,7.9285297,,,,,,,,,,,359648.75,375720.56,406962.1,384446.38,402892.1,644376.44,
151,573.1293467806689,6.5028114,,,,43,,,,,,,244515.83,294492.62,336978.56,285444.66,291222.03,354637.03,
162,573.1293548292998,6.6765857,,,,34,,,,,,,525653.25,713468.5,550521.75,714269.0,713067.56,941699.8,
302,573.4122285871673,7.93223,,,,,,,,,,,274689.6,250649.98,310101.88,301494.78,288354.66,218183.5,
445,573.4849131004853,9.424236,,,,,,,,,,,61053.78,59993.105,61800.207,59203.508,72964.734,65062.6,
441,573.4850022075512,9.3057,,,,53,,,,,,,1028610.9,1153599.8,1398236.1,1144635.5,1560145.2,2120806.0,
287,578.3828801888228,7.839485,,,,,,,,,,,205142.52,281214.78,177047.58,221227.05,451221.06,537635.8,
50,582.9809783126725,3.5339353,,,,42,,,,,,,709973.0,682728.9,772332.06,709001.75,655657.0,787449.2,
379,583.4329909663176,8.509072,,,,2,,,,,,,316859.66,339381.62,404175.8,405924.97,489031.56,606330.1,
479,588.8978485073898,10.273989,,,,15,,,,,,,87637.26,68378.39,66316.766,47945.336,47522.773,69614.266,
7,588.8978831455123,0.33406457,,,,3,,,,,,,403537.47,392047.75,451322.4,371520.62,427487.0,440027.72,
152,590.11960717884,6.5038223,,,,43,,,,,,,572982.6,581986.1,590701.2,560019.7,543353.6,698235.94,
412,591.4381067623788,8.769103,,,,,,,,,,,394415.06,464032.3,504416.56,356279.84,453577.44,739451.3,
67,603.009970657867,4.1744046,,,,,,,,,,,353721.72,308302.4,347677.03,321617.53,342897.6,387478.75,
439,604.494963672003,9.207253,,,,26,,,,,,,863778.8,925126.75,928943.2,811225.8,974919.8,1165879.9,
64,605.025833955669,4.0724874,,,,,,,,,,,843047.44,670023.4,728316.1,691770.56,738648.9,890392.4,
491,606.4143518406129,10.292305,,,,,,,,,,,1505513.1,2085172.5,1376283.9,1630010.9,3214635.0,4827875.0,
424,607.4694890502925,8.961642,,,,,,,,,,,398159.97,557690.94,546549.7,336523.88,561870.75,694066.5,
443,618.5104842967369,9.3649235,,,,41,,,,,,,1809975.2,2199139.5,2038277.1,1631166.0,2239133.5,2906701.2,
438,621.4849960269477,9.205575,,,,26,,,,,,,1606028.2,1529012.5,2127412.0,1423476.6,1690155.2,2462108.0,
205,628.2778774839294,7.07337,,,,8,,,,,,,397752.0,399700.44,306406.25,356717.38,474629.47,541845.3,
455,632.5261590478685,9.6930485,,,,25,,,,,,,753706.0,752782.06,921501.1,715434.1,901870.6,1273757.9,
495,634.4454825859258,10.34975,,,,,,,,,,,272644.16,265387.6,38151.49,123023.37,417325.56,668663.6,
172,634.4455786781654,6.7725053,,,,,,,,,,,998888.75,495835.03,81939.46,96464.836,2177745.5,1044434.7,
157,634.445581338165,6.6603646,,,,,,,,,,,319240.94,1579137.0,1021441.75,1193717.6,377268.1,255797.17,
186,634.4456256997628,6.8745227,,,,,,,,,,,227441.42,367107.66,34508.02,170445.84,741169.1,2215181.0,
297,634.4456265048606,7.900503,,,,,,,,,,,8575131.0,9653180.0,7830998.5,8443714.0,1.4152182E7,1.7272704E7,
169,635.4488191185833,6.7192802,,,,,,,,,,,20218.049,481375.47,5906.5376,80216.8,798919.9,249874.19,
444,635.5007509873195,9.369568,,,,41,,,,,,,2017171.2,2225450.5,2469940.8,1732629.9,2079208.9,2906184.5,
92,637.0305352240877,4.7813945,,,,39,,,,,,,4664821.5,4042159.5,4475875.5,4136989.8,5572367.5,4013649.8,
194,637.1418375186627,7.010811,,,,21,,,,,,,244729.25,303270.38,467447.75,380657.78,297694.16,378073.94,
180,637.1418878165514,6.8399196,,,,52,,,,,,,700388.6,879505.8,1229435.1,985790.4,864786.06,1089877.2,
158,637.1418889218135,6.6346455,,,,,,,,,,,522450.47,601160.5,678277.2,575276.6,607186.3,742697.44,
458,646.5418917657985,9.899392,,,,49,,,,,,,2007395.8,2371206.0,2514394.5,1828386.6,2447901.5,3339945.8,
363,648.4606239726206,8.385724,,,,,,,,,,,110355.5,327589.84,319227.94,328014.16,405531.06,443367.1,
475,648.4612525125087,10.25636,,,,,,,,,,,259905.38,359858.78,281431.47,244647.72,598411.5,1655254.9,
454,649.5163656109016,9.688913,,,,25,,,,,,,560521.56,539713.06,870495.7,536884.8,762257.25,1325754.4,
346,650.5001595309303,8.281483,,,,,,,,,,,55651.594,66065.734,60669.582,54608.156,148996.69,374424.53,
398,651.495530212224,8.73173,,,,23,,,,,,,332344.5,458840.16,434531.5,352277.97,494360.16,607114.94,
331,652.5160208650572,8.079565,,,,,,,,,,,192551.78,153865.92,204334.72,194143.22,212090.19,322104.06,
376,652.5163290468195,8.482506,,,,,,,,,,,102362.23,74929.375,97541.13,99572.89,137143.22,184652.77,
103,653.0254574377379,5.0400767,,,,,,,,,,,62950.797,58481.97,66843.52,51662.08,78698.12,54784.625,
84,653.0254705172592,4.5702147,,,,56,,,,,,,715711.56,624998.6,653332.06,612946.2,842026.56,551684.56,
156,654.1321115804866,6.6166396,,,,50,,,,,,,462616.44,503467.03,471062.16,458588.5,456634.3,581853.06,
195,654.1321122786325,7.0148425,,,,21,,,,,,,435982.62,417368.72,387745.8,362277.88,394387.34,494623.3,
174,654.1321398268591,6.8095737,,,,52,,,,,,,1873215.4,1920280.2,1720236.9,1716424.6,1705146.6,2064544.8,
395,655.5634276264814,8.682351,,,,,,,,,,,2254731.8,2980280.8,2754349.8,2845386.2,4364645.5,5740539.5,
6,656.8853644695818,0.33316797,,,,3,,,,,,,224656.06,231489.42,278730.84,227617.92,271044.44,294596.12,
490,660.4613058842953,10.289801,,,,,,,,,,,279315.84,355051.9,182310.34,250610.0,634573.6,1012343.6,
332,660.4613300450902,8.101668,,,,,,,,,,,2903911.0,4180439.0,2969229.8,3418385.5,5830251.0,6925559.0,
488,661.4647356471594,10.317678,,,,,,,,,,,17131.293,75774.53,0,4916.4995,143267.97,338493.34,
430,662.4767152973367,9.008399,,,,,,,,,,,81791.836,193675.34,94420.3,125143.53,152641.75,190316.08,
451,662.4767869421057,9.505593,,,,,,,,,,,188333.14,120076.7,60862.004,185006.06,142361.53,850454.4,
472,662.4768849583921,10.237567,,,,,,,,,,,517329.66,600198.94,405542.12,189309.84,1793104.1,2839854.0,
459,663.5321162487456,9.901989,,,,49,,,,,,,875016.44,989504.7,1293983.6,758822.75,1046262.3,1717784.8,
380,665.4748422180072,8.472903,,,,2,,,,,,,266055.16,307513.88,357539.3,75410.91,90336.664,118517.43,
372,665.4749260732189,8.435509,,,,,,,,,,,276643.84,315234.78,368651.5,379614.1,430254.75,560801.0,
457,666.6044974171224,9.805485,,,,,,,,,,,512169.2,551415.06,676248.5,575805.0,759469.8,1034950.25,
369,667.4893802239992,8.409413,,,,28,,,,,,,64717.836,130336.23,175306.0,158874.44,237981.03,140776.92,
361,667.4906424007189,8.276118,,,,6,,,,,,,724158.2,913566.8,968671.2,929883.5,966859.6,1188587.5,
335,667.4909633526155,8.206454,,,,29,,,,,,,155272.98,165385.25,181553.95,170890.6,208250.97,287403.12,
307,668.5111492653749,7.942899,,,,,,,,,,,201410.78,173843.86,200542.94,140455.06,257369.77,517202.06,
329,669.5060746969491,8.073909,,,,19,,,,,,,299023.53,311647.12,342746.5,358618.44,449642.0,649242.75,
377,669.5063485558039,8.483612,,,,,,,,,,,848533.56,840940.1,1056223.6,1074027.0,1372063.6,1815548.1,
489,674.4016615633681,10.28094,,,,,,,,,,,167672.92,324789.34,207061.88,243349.03,448522.8,647736.8,
370,683.485172100799,8.412112,,,,,,,,,,,87855.57,107201.21,112245.32,130035.98,205609.45,170900.12,
334,683.4854042721864,8.178516,,,,,,,,,,,375951.6,440251.56,454240.75,479753.06,592989.5,891626.9,
357,683.4854481679198,8.290309,,,,6,,,,,,,222543.77,304177.78,273896.16,316396.25,341733.22,476523.2,
384,683.5216343175497,8.583242,,,,,,,,,,,123789.14,169439.0,206942.58,82203.53,366309.2,432212.72,
421,683.5217931967655,8.92357,,,,,,,,,,,150499.05,207491.06,198554.95,201954.94,395998.4,371122.66,
456,683.5945069514702,9.803774,,,,,,,,,,,396270.5,422051.44,585074.2,456162.25,648173.44,978145.5,
293,685.5010572642458,7.8558116,,,,,,,,,,,94811.65,118310.266,144200.56,116969.375,140590.67,196996.38,
301,685.5010736573164,7.93313,,,,11,,,,,,,1045244.5,1021663.5,1204848.0,1079487.9,1071591.6,1384855.6,
406,693.5061579225103,8.753573,,,,,,,,,,,529340.94,660783.75,691007.5,660928.7,785434.06,1649538.6,
251,694.4668732308756,7.4345875,,,,,,,,,,,8533705.0,8635586.0,8074356.5,8449156.0,1.5176437E7,1.7336508E7,
493,694.4681975075468,10.372947,,,,,,,,,,,5346.8506,58941.043,0,0,116028.77,204268.67,
408,694.5093570287568,8.754554,,,,,,,,,,,191641.67,264723.72,267059.4,249291.8,271715.28,697547.75,
405,695.5202695201989,8.748816,,,,,,,,,,,173420.61,218527.86,249651.3,243932.14,308606.53,571011.0,
389,695.5217909500419,8.615588,,,,,,,,,,,332970.72,577640.75,458776.5,627017.7,677596.1,1005657.6,
390,697.5366334039633,8.619892,,,,,,,,,,,325296.9,372323.44,455002.0,430744.22,529036.4,706354.06,
373,697.5373990867951,8.455098,,,,,,,,,,,348973.4,346648.7,400671.34,388978.75,445378.47,615398.6,
414,697.5375590386628,8.817168,,,,,,,,,,,1440119.2,1577013.2,1919821.2,1803052.4,2515630.8,3654560.5,
239,701.154363742225,7.3261847,,,,30,,,,,,,128080.5,165374.25,189483.2,168223.83,139067.83,192599.95,
206,701.1543967385772,7.0833383,,,,9,,,,,,,452471.2,594818.6,975767.6,744157.75,503871.22,633211.5,
165,701.154401840411,6.708412,,,,44,,,,,,,318534.84,379687.0,468033.4,369022.06,414025.75,494174.22,
187,701.1544215250318,6.9333606,,,,,,,,,,,836589.5,1087938.4,1524834.1,1280965.1,1153093.6,1460637.8,
290,703.5632263040701,7.8601227,,,,27,,,,,,,98181.76,126549.28,71495.8,79020.97,147436.88,204662.1,
318,703.5632530993313,7.955937,,,,11,,,,,,,200279.2,234166.16,225418.95,195222.64,306740.06,318556.75,
340,703.5633232525005,8.277553,,,,,,,,,,,1252552.8,1413211.8,649000.75,1097863.2,1662352.1,2041118.4,
118,705.3283261142187,5.6292915,,,,,,,,,,,259298.95,264946.7,257004.77,259098.39,327699.4,489167.97,
402,709.5011906876238,8.742389,,,,,,,,,,,169295.05,222327.19,221727.27,234297.17,272709.4,697393.6,
254,711.4569613362933,7.4421844,,,,,,,,,,,672490.75,744679.8,667592.0,666341.0,1987839.0,2306088.8,
371,711.4569783916328,8.422172,,,,,,,,,,,153068.94,289699.66,224169.83,198829.66,446058.9,418797.16,
401,711.5162239484838,8.737194,,,,23,,,,,,,134978.62,156473.5,154249.2,179369.44,209729.77,340811.53,
381,711.516700519542,8.539311,,,,,,,,,,,578226.5,655353.0,675400.0,654882.6,801634.9,1094673.4,
450,711.6259043736375,9.474126,,,,,,,,,,,161772.94,1023639.94,1766658.5,1175590.8,143445.05,0,
484,716.5237356706587,10.285059,,,,,,,,,,,5447.916,549673.5,390614.2,224478.78,59530.176,0,
227,716.5239057399242,7.2968216,,,,,,,,,,,0,1148305.2,5593404.5,2.0486838E7,81590.34,0,
215,716.5239254347943,7.219202,,,,,,,,,,,0,259792.55,2.9575774E7,4566670.0,206902.92,0,
273,716.5239270913944,7.6551914,,,,,,,,,,,0,1.1403737E7,4598716.5,3904190.0,111853.65,0,
225,717.5271400943432,7.263196,,,,,,,,,,,0,280351.88,1.2823616E7,8942630.0,5883.085,0,
397,717.5791376309002,8.720331,,,,,,,,,,,320607.8,883646.2,645651.06,244409.92,713159.9,1205468.6,
168,718.1445261416599,6.719438,,,,,,,,,,,488425.28,511589.5,413574.78,425501.6,432678.16,480480.12,
208,718.1445396231114,7.1051974,,,,9,,,,,,,968275.75,944577.1,847859.75,745624.3,920326.56,1018797.2,
185,718.1445994449506,6.9195952,,,,,,,,,,,1973696.6,1988720.1,1757859.0,1732850.9,1797253.2,2079944.8,
322,720.4822824106113,7.9604836,,,,,,,,,,,76678.17,6244.365,29921.719,5763.586,121732.8,80359.63,
280,720.4823904413012,7.793268,,,,,,,,,,,234408.67,565953.06,504059.22,548579.1,890286.0,601669.75,
425,735.550542133196,8.9583845,,,,,,,,,,,18027.98,19590.271,39629.414,16521.709,41078.19,64852.88,
416,735.5532883270898,8.858033,,,,,,,,,,,155959.73,153338.45,228389.28,184791.64,221369.4,388489.8,
486,742.5393937253529,10.2776,,,,,,,,,,,0,500408.16,444614.16,957187.94,50313.066,0,
323,742.5395080851449,8.064044,,,,,,,,,,,0,635966.8,5056232.5,3618215.0,0,0,
492,744.5539567585506,10.316956,,,,,,,,,,,712052.25,19160.38,2141569.5,247873.5,0,0,
271,744.5548846433319,7.656023,,,,,,,,,,,3572694.5,0,1230497.8,597742.94,7758.742,0,
216,744.5553198950469,7.2185016,,,,,,,,,,,240390.31,4821.8706,6718005.5,112665.01,0,0,
473,747.518645411071,10.245212,,,,,,,,,,,211184.73,122985.12,0,630676.94,311949.06,0,
222,750.529207625479,7.2007074,,,,,,,,,,,0,5020343.5,774035.6,5747680.5,55678.727,0,
192,750.5293165185369,7.0073595,,,,,,,,,,,0,646353.25,8419186.0,793190.3,7119.451,0,
437,751.5842759540824,9.069846,,,,,,,,,,,21814.863,9553.113,32335.64,40160.902,25838.979,46816.63,
440,751.5843129632317,9.238202,,,,,,,,,,,133183.31,147468.19,217121.17,208210.25,285917.28,417955.16,
415,751.5850971735872,8.818631,,,,,,,,,,,83101.53,102876.125,108040.13,95068.63,119608.805,179192.11,
245,765.1667786311035,7.3639717,,,,,,,,,,,222081.84,327568.9,367683.38,378958.53,251471.95,308910.38,
212,765.1668108822713,7.1470675,,,,33,,,,,,,486272.94,658899.6,1286296.2,957368.44,569113.25,842092.8,
188,765.1668421977778,6.9572124,,,,,,,,,,,724879.3,978850.2,1363107.1,1067980.6,1051485.1,1274761.0,
175,765.166983751605,6.8097034,,,,48,,,,,,,101458.414,148000.11,221444.86,166321.36,137694.28,172986.48,
114,779.3651367843048,5.292959,,,,,,,,,,,381667.28,432716.03,329039.44,350322.0,565327.4,772023.94,
173,782.1569557093768,6.8032355,,,,48,,,,,,,396708.28,453937.53,344436.16,376863.66,381696.1,445723.06,
211,782.1569946545677,7.1418934,,,,33,,,,,,,1244677.6,1154045.8,1064113.2,932804.4,1226037.1,1433329.9,
193,782.1570029276345,6.9910054,,,,,,,,,,,1485101.4,1502992.6,1237728.5,1194181.8,1321836.4,1539943.1,
246,782.1570229650839,7.365399,,,,,,,,,,,144611.0,117734.69,102207.52,92602.24,146332.42,182637.08,
77,793.018604700955,4.4906387,,,,46,,,,,,,793459.06,643447.2,824386.8,633956.0,961622.25,598263.5,
413,797.5535107794802,8.78715,,,,,,,,,,,366985.28,438320.84,429788.25,260561.5,474782.56,625299.4,
59,811.0291365422069,3.6179707,,,,32,,,,,,,327647.03,313384.12,344272.9,339962.06,323123.25,370601.94,
217,829.1793199026598,7.2348175,,,,,,,,,,,291786.34,810228.7,1179613.0,1005792.3,601849.06,712441.4,
201,829.1793201891664,7.055903,,,,40,,,,,,,395167.6,697226.44,981750.4,777357.5,516600.7,560772.94,
247,829.1793218428724,7.384394,,,,13,,,,,,,93347.33,332707.75,552593.8,376712.34,217189.1,359697.16,
200,846.1693245119823,7.050974,,,,40,,,,,,,1098174.5,1181344.4,913534.0,873602.44,1034757.06,1345833.6,
218,846.1693463103079,7.199045,,,,55,,,,,,,1056507.6,1027176.0,878907.6,859587.06,1102724.8,1189718.9,
183,846.1693515368776,6.890433,,,,,,,,,,,246424.81,259154.84,215558.0,207209.19,210270.86,264970.97,
248,846.1693927819236,7.397207,,,,13,,,,,,,204810.6,171629.27,142671.66,117613.66,204489.31,240288.77,
434,856.6885072021106,9.021317,,,,,,,,,,,285930.53,1042322.06,1212784.4,936225.75,1384980.5,601245.1,
435,873.6786626158618,9.067069,,,,,,,,,,,1053892.0,923472.4,1304004.0,862919.6,1279657.4,1609922.9,
255,893.1917274104215,7.441913,,,,,,,,,,,317432.1,463943.2,527647.4,452054.12,394202.44,486137.25,
228,893.1917726196283,7.2756906,,,,,,,,,,,755496.9,949905.25,1174105.0,995922.7,798476.25,959961.4,
207,893.191781975272,7.104214,,,,9,,,,,,,258480.42,359201.22,603946.0,447450.8,329077.0,406572.78,
190,893.1920519550146,6.9634438,,,,,,,,,,,56225.617,88092.734,145989.62,101942.09,101601.46,130107.67,
209,910.1819601293777,7.106788,,,,9,,,,,,,913057.5,970170.44,760655.7,767611.94,921434.94,1033536.75,
224,910.1819755092162,7.244471,,,,,,,,,,,672980.6,670823.94,603352.4,502491.4,695453.3,812440.2,
250,910.1820377437452,7.4267364,,,,,,,,,,,207337.52,194867.58,154160.22,128991.45,191937.72,245553.72,
266,957.2036913774032,7.62834,,,,,,,,,,,6068.6,47020.35,54886.426,19076.582,38138.668,46966.133,
256,957.2040292022972,7.4615035,,,,,,,,,,,379326.72,509992.34,547690.9,443600.25,492055.88,577123.25,
213,957.2040674636459,7.1549363,,,,33,,,,,,,122149.445,227653.95,376076.72,313898.56,191187.2,243276.08,
238,957.2040766679382,7.3137984,,,,,,,,,,,784646.3,949056.3,1079421.5,937114.56,790959.75,986759.4,
145,957.5953168077895,6.4046497,,,,,,,,,,,140272.75,162516.58,134511.19,279846.53,467697.62,480843.44,
253,974.1940670888486,7.423919,,,,,,,,,,,173014.39,147046.16,155220.34,96830.016,117270.92,148274.03,
231,974.1942143564715,7.2941318,,,,,,,,,,,177287.23,403348.22,270142.53,261630.72,248745.39,526122.8,
214,974.1942469741012,7.1522083,,,,,,,,,,,575800.6,544151.2,439712.62,446423.0,601519.94,637664.1,
198,974.1942634701568,7.0305324,,,,,,,,,,,96246.59,105920.06,78295.77,75111.875,79763.15,107611.22,
267,1021.2163694724537,7.650458,,,,,,,,,,,22505.979,49001.37,73163.59,30504.768,35558.46,64254.15,
219,1021.2164904669194,7.214262,,,,55,,,,,,,39218.453,126281.734,232983.23,186950.08,104691.37,94627.56,
240,1021.2165136842873,7.3273025,,,,30,,,,,,,524113.47,698108.94,789935.44,663758.0,589618.4,734050.25,
257,1021.2165391248054,7.481655,,,,,,,,,,,370944.12,440395.12,474708.94,437317.66,415731.0,537783.75,
383,1035.7314239444354,8.593468,,,,,,,,,,,738624.75,372446.47,734616.3,750637.1,1203093.2,1313194.6,
203,1131.5712678838036,7.0728626,,,,,,,,,,,189075.9,227956.94,142143.66,186160.98,306260.06,391379.3,
