row ID,row m/z,row retention time,row ion mobility,row ion mobility unit,row CCS,correlation group ID,annotation network number,best ion,auto MS2 verify,identified by n=,partners,neutral M mass,NEG_D5-227-C2-a_Run248.mzML Peak area,NEG_D5-227-C2-c_Run254.mzML Peak area,NEG_D5-227-C2-b_Run251.mzML Peak area,Yeast_HE_D5-Ctrl_a_neg_20190515_Run37.mzML Peak area,Yeast_HE_D5-Ctrl_b_neg_20190515_Run40.mzML Peak area,Yeast_HE_D5-Ctrl_c_neg_20190515_Run43.mzML Peak area,
705,80.94785059316085,10.182521,,,,,,,,,,,0,0,0,930464.2,849612.6,815978.7,
388,80.94789550624331,7.77153,,,,7,,,,,,,0,0,0,608120.56,878339.6,868997.2,
427,80.94789805124314,7.8716245,,,,40,,,,,,,0,0,0,554205.44,766733.0,662708.0,
296,80.94791555914604,7.374944,,,,5,,,,,,,0,0,0,453578.38,605250.75,696817.56,
817,81.52050967563817,10.492288,,,,38,,,,,,,0,0,0,2.9259034E7,2.7274882E7,2.7966768E7,
20,84.95978609001521,0.43599412,,,,,,,,,,,0,0,0,4203904.0,2880147.2,1.0379863E7,
35,89.05977239449372,2.7459037,,,,,,,,,,,0,0,0,1227202.5,462431.1,361792.6,
746,89.50665340911765,10.333573,,,,30,,,,,,,0,0,0,1.1433834E7,1.144064E7,1.2806039E7,
774,90.50668872766512,10.374984,,,,30,,,,,,,0,0,0,4638022.0,4709399.5,4725757.5,
822,90.52588585570722,10.506519,,,,38,,,,,,,0,0,0,4.135648E7,4.0922364E7,3.760239E7,
777,91.50438987445584,10.376733,,,,30,,,,,,,0,0,0,1763337.5,1792999.4,1804893.0,
799,94.04510039170087,10.450604,,,,,,,,,,,0,0,0,4939875.0,4974401.0,4732135.5,
21,96.96002113547678,0.4435142,,,,,,,,,,,553637.75,1496539.5,1355242.6,0,0,0,
836,96.96003667707235,11.133465,,,,,,,,,,,566025.4,1322989.6,1316940.6,0,0,0,
745,97.51440243356647,10.333434,,,,30,,,,,,,0,0,0,1388868.0,1307722.9,1278102.9,
591,97.93126421788482,8.908471,,,,,,,,,,,3383073.8,1092868.0,1095676.1,0,0,0,
825,97.99136005878262,10.527814,,,,38,,,,,,,0,0,0,9013835.0,9588389.0,9387882.0,
741,98.51203785799709,10.33183,,,,30,,,,,,,0,0,0,2.2551964E7,2.3580524E7,2.2928398E7,
606,99.92575339347405,8.919198,,,,9,,,,,,,7.294584E7,6.293424E7,7.358924E7,0,0,0,
632,101.98084089763802,8.963047,,,,9,,,,,,,4782231.0,4489729.0,4740610.5,0,0,0,
688,101.98084643232276,10.0153885,,,,,,,,,,,656924.3,630868.56,628662.6,0,0,0,
805,102.03386413707945,10.483439,,,,38,,,,,,,0,0,0,1.3853955E8,1.4028165E8,1.4515152E8,
806,102.53543267308315,10.485185,,,,38,,,,,,,0,0,0,1.1980027E7,1.2205041E7,1.2592613E7,
706,102.95676809867537,10.186867,,,,,,,,,,,1450196.0,1404647.0,1424935.2,0,0,0,
650,102.95677486615783,8.968267,,,,9,,,,,,,625171.8,672916.25,666574.44,0,0,0,
816,104.03021741467592,10.491948,,,,38,,,,,,,0,0,0,3202513.0,3615046.0,3703096.5,
141,105.03351278378553,5.675162,,,,4,,,,,,,0,0,0,1846915.0,2467678.5,2597630.5,
752,109.02244721824754,10.338952,,,,30,,,,,,,0,0,0,5669208.0,7381046.5,5644671.0,
791,109.52167766410908,10.41111,,,,30,,,,,,,0,0,0,4941068.0,5096003.0,5259094.5,
742,110.02006318968085,10.33183,,,,30,,,,,,,0,0,0,8.930242E7,9.046508E7,9.133548E7,
749,110.52174245747968,10.33548,,,,30,,,,,,,0,0,0,6615303.0,6168187.0,7821718.5,
778,111.02017824823547,10.376733,,,,30,,,,,,,0,0,0,7.915511E7,7.939425E7,8.0734264E7,
827,111.03900516687044,10.534823,,,,38,,,,,,,0,0,0,1.0615713E7,1.2155978E7,1.1574239E7,
771,111.51890979475267,10.373242,,,,30,,,,,,,0,0,0,1924844.1,2008572.1,2014142.6,
772,111.52175033211928,10.373242,,,,30,,,,,,,0,0,0,6691522.5,6787262.5,6880642.5,
779,112.01780929944148,10.376733,,,,30,,,,,,,0,0,0,3.0950596E7,3.1093494E7,3.1442178E7,
780,112.51954674807037,10.376733,,,,30,,,,,,,0,0,0,2166385.2,2206800.8,2212751.0,
710,112.9856252856631,10.2099085,,,,47,,,,,,,1.6344609E7,1.5979211E7,1.6416925E7,0,0,0,
781,113.0165646811618,10.376733,,,,30,,,,,,,0,0,0,4360230.5,4348225.0,4455318.5,
622,113.92624104878617,8.956049,,,,9,,,,,,,2.0582674E7,2.1484484E7,2.496487E7,0,0,0,
747,113.96356150237007,10.333573,,,,30,,,,,,,0,0,0,8225338.5,7057517.0,7176085.0,
5,113.96375415370755,0.036781892,,,,0,,,,,,,0,0,0,2728314.8,2782697.0,2835497.2,
11,113.9637673008137,0.3232884,,,,3,,,,,,,0,0,0,1645683.8,2057201.1,2389126.8,
769,114.01646631772753,10.371556,,,,30,,,,,,,0,0,0,1043150.6,1105818.0,1113333.8,
502,114.93405415323303,8.216621,,,,2,,,,,,,1188518.2,1295610.6,1363455.2,0,0,0,
419,114.93405427263009,7.8699994,,,,36,,,,,,,2144112.0,2136895.2,2115357.2,0,0,0,
368,114.9340675455182,7.767401,,,,54,,,,,,,1082009.4,1059188.5,1003542.2,0,0,0,
607,114.93407934717938,8.919198,,,,9,,,,,,,7531884.5,7624926.0,7287665.0,0,0,0,
637,115.92069638992056,8.96478,,,,9,,,,,,,4.480769E8,4.3657453E8,4.9514998E8,0,0,0,
788,115.96396473687366,10.383458,,,,30,,,,,,,0,0,0,2156360.2,2001137.5,2425267.5,
420,116.92843114945788,7.8699994,,,,36,,,,,,,4.0429196E7,4.039825E7,4.0990116E7,0,0,0,
369,116.92844361238622,7.767401,,,,54,,,,,,,2.0626762E7,2.0413756E7,1.9298634E7,0,0,0,
269,116.92848055251373,7.369503,,,,6,,,,,,,1.5312262E7,1.6152607E7,1.5003687E7,0,0,0,
13,116.97193839527108,0.32510504,,,,,,,,,,,0,0,0,593772.5,983248.2,930963.44,
22,117.01927311142809,0.68917483,,,,,,,,,,,1987037.2,2149106.5,2052212.4,0,0,0,
493,117.92852957423474,8.214875,,,,2,,,,,,,2895707.8,2880545.5,3373467.5,0,0,0,
429,117.92853556054354,7.8717513,,,,36,,,,,,,4607274.0,4715855.5,4811094.0,0,0,0,
363,117.92854904412734,7.765661,,,,54,,,,,,,2374020.8,2373489.0,2250918.8,0,0,0,
270,117.92857842251577,7.369503,,,,6,,,,,,,1758124.5,1843470.2,1745142.0,0,0,0,
142,118.06509208309906,5.675162,,,,4,,,,,,,0,0,0,832281.06,1088992.5,1140044.9,
748,118.92403814377631,10.335161,,,,,,,,,,,472699.78,485096.3,474839.34,0,0,0,
430,118.92404052946745,7.8717513,,,,36,,,,,,,1593166.1,1306741.6,1729081.1,0,0,0,
380,118.9240724214003,7.769193,,,,54,,,,,,,920878.0,1090333.1,1081924.0,0,0,0,
421,118.926685596283,7.8699994,,,,36,,,,,,,1171723.4,1149148.4,1291619.5,0,0,0,
494,118.92670039244545,8.214875,,,,2,,,,,,,839509.8,720244.6,732590.7,0,0,0,
370,118.9267022941663,7.767401,,,,54,,,,,,,605886.06,610664.3,570757.2,0,0,0,
619,118.92670763600712,8.94555,,,,9,,,,,,,3959891.8,3398209.8,4054383.0,0,0,0,
179,119.08557721730396,6.1017194,,,,10,,,,,,,0,0,0,1330526.4,2233152.8,1468033.6,
631,119.94681677391576,8.963032,,,,9,,,,,,,5983925.5,5688601.0,6480365.0,0,0,0,
39,120.04446351096698,2.8335507,,,,13,,,,,,,0,0,0,2561646.0,2504766.0,2225040.0,
33,121.0294297050653,2.6614695,,,,,,,,,,,767294.8,859847.4,720415.06,0,0,0,
795,123.90194376496186,10.420865,,,,43,,,,,,,2393898.8,2141530.8,2236528.2,0,0,0,
633,124.99671879496414,8.963047,,,,8,,,,,,,2232665.0,2157425.8,2264805.8,0,0,0,
819,125.98618990855489,10.497533,,,,38,,,,,,,0,0,0,2.3375738E7,2.1710632E7,2.2511954E7,
789,126.88090532839782,10.400937,,,,43,,,,,,,957506.8,981125.0,978511.1,0,0,0,
19,128.95081370508464,0.4231714,,,,,,,,,,,0,0,0,2388062.0,2565770.5,2683212.5,
639,129.97564972208747,8.964803,,,,8,,,,,,,4075635.0,3797229.8,4041054.2,0,0,0,
792,130.52164045572985,10.41111,,,,30,,,,,,,0,0,0,2379528.2,2255533.8,2290723.8,
41,131.07122293198935,2.9021595,,,,,,,,,,,116009.9,674920.94,933890.2,0,0,0,
773,131.53348820498582,10.373242,,,,30,,,,,,,0,0,0,6743107.5,6902001.0,7144073.5,
330,131.53357256762453,7.6078906,,,,,,,,,,,0,0,0,989279.8,2525547.2,2123222.5,
701,132.86774082502583,10.1672125,,,,,,,,,,,1089204.0,765567.25,751337.3,0,0,0,
624,132.867755913826,8.959538,,,,9,,,,,,,1660741.9,2829826.0,1774129.8,0,0,0,
796,132.86777520906443,10.420865,,,,43,,,,,,,5626953.0,5750220.0,5769571.0,0,0,0,
556,132.8677830468838,8.604434,,,,60,,,,,,,3245215.5,2734922.8,3205473.0,0,0,0,
490,132.90008818180362,8.213116,,,,2,,,,,,,607639.0,541198.3,555941.9,0,0,0,
465,132.9000994458452,7.894521,,,,36,,,,,,,366862.75,326522.9,334205.5,0,0,0,
616,132.90013060389904,8.943798,,,,9,,,,,,,3287545.5,2646020.2,3304059.2,0,0,0,
601,132.92336990129664,8.908325,,,,9,,,,,,,1.6827078E7,1.753063E7,1.5605457E7,0,0,0,
655,134.86498359794334,8.970019,,,,9,,,,,,,1344433.0,1262164.6,1044142.3,0,0,0,
554,134.8650343879133,8.597405,,,,60,,,,,,,1829567.4,1771086.4,1913386.2,0,0,0,
702,134.86506155026797,10.16721,,,,,,,,,,,494318.62,543803.8,493680.5,0,0,0,
798,134.8654067807117,10.426217,,,,43,,,,,,,5725393.0,5918948.5,5879536.5,0,0,0,
500,134.89455173373318,8.216607,,,,2,,,,,,,1.2099319E7,1.0666973E7,1.1305729E7,0,0,0,
473,134.8945613118743,7.9032435,,,,36,,,,,,,7299418.0,6441479.0,6848093.0,0,0,0,
617,134.89458367088554,8.943798,,,,9,,,,,,,7.524465E7,5.337429E7,6.5171456E7,0,0,0,
625,135.97084895690978,8.959555,,,,9,,,,,,,834895.94,917888.7,842030.94,0,0,0,
570,135.97086630718272,8.695614,,,,60,,,,,,,1466126.9,1359227.6,1506014.6,0,0,0,
539,136.02163129293106,8.420563,,,,,,,,,,,0,0,0,4908357.5,4750310.0,4705572.0,
28,136.03948262867405,1.7421871,,,,21,,,,,,,0,0,0,2348383.2,2152909.8,4251467.5,
797,136.86279054391198,10.424434,,,,43,,,,,,,1751813.1,1834727.9,1807982.5,0,0,0,
699,136.8629623683843,10.165453,,,,,,,,,,,197663.98,300382.88,210737.05,0,0,0,
40,138.05508238892745,2.8335507,,,,13,,,,,,,0,0,0,729429.0,699165.94,635383.44,
25,138.0550898729762,1.6896406,,,,,,,,,,,0,0,0,2169571.0,2189070.2,3493681.5,
743,138.99532350947152,10.33183,,,,30,,,,,,,0,0,0,4209994.0,4422416.5,4454389.5,
823,139.01789108739703,10.520473,,,,38,,,,,,,0,0,0,1.0097925E7,1.0482867E7,1.011755E7,
613,139.94442493503823,8.93685,,,,,,,,,,,7102813.5,6776835.5,6783019.5,0,0,0,
759,139.98787748072073,10.36626,,,,30,,,,,,,0,0,0,2.6880322E7,2.7495566E7,2.7274766E7,
728,140.0681798605458,10.248431,,,,,,,,,,,0,0,0,659295.6,560391.5,596098.6,
413,140.0682495941808,7.864448,,,,40,,,,,,,0,0,0,367544.5,387615.97,402318.38,
300,140.06827301154033,7.374965,,,,5,,,,,,,0,0,0,415988.38,469224.88,470809.44,
31,140.06828125057984,2.4381814,,,,,,,,,,,0,0,0,43240.918,86922.38,86683.18,
59,140.0682886495974,3.7444277,,,,,,,,,,,0,0,0,70989.58,104845.33,104798.42,
753,141.95852633580583,10.333577,,,,,,,,,,,0,0,0,1692146.6,2114861.0,1749764.6,
2,141.9587240582746,0.033175692,,,,0,,,,,,,0,0,0,1.1490568E7,8401688.0,1.0876501E7,
10,141.95873565848458,0.32146966,,,,3,,,,,,,0,0,0,8587854.0,1.4746755E7,5522232.0,
760,141.9833240192164,10.36626,,,,30,,,,,,,0,0,0,1.036238E7,1.0441034E7,1.0472705E7,
610,142.92884117955077,8.929245,,,,9,,,,,,,4009751.0,3806867.0,4122713.2,0,0,0,
7,143.9591174068542,0.31966695,,,,,,,,,,,0,0,0,283899.4,490633.8,840383.1,
1,143.95914080933593,0.034982607,,,,,,,,,,,0,0,0,221170.83,91169.72,248489.75,
762,143.9808681955501,10.368,,,,30,,,,,,,0,0,0,1370528.0,1370583.1,1361345.8,
600,144.92334123505353,8.901017,,,,9,,,,,,,9.005266E7,8.40934E7,1.0845118E8,0,0,0,
704,144.98217381918678,10.175268,,,,58,,,,,,,0,0,0,2.1425664E7,7507640.0,1.5264123E7,
834,145.03525844783022,10.941455,,,,,,,,,,,0,0,0,9211714.0,9413920.0,9322635.0,
598,145.9234949695294,8.899269,,,,9,,,,,,,9195912.0,1.0486931E7,8286340.5,0,0,0,
621,146.96581818338154,8.954293,,,,9,,,,,,,8148946.0,6859683.5,7302789.5,0,0,0,
571,146.96583938471213,8.6991005,,,,,,,,,,,4.161667E7,4.0946836E7,4.4552976E7,0,0,0,
703,146.9802866973623,10.167394,,,,58,,,,,,,0,0,0,9715590.0,3439236.0,3229767.8,
833,147.03088270169232,10.845202,,,,,,,,,,,0,0,0,5561993.0,5764449.0,5763578.5,
158,147.08046984462678,5.831631,,,,55,,,,,,,0,0,0,233216.47,295731.25,255060.53,
180,147.080530559483,6.1017194,,,,10,,,,,,,0,0,0,2.0449328E7,3.37832E7,2.2549684E7,
524,150.889402386934,8.33097,,,,,,,,,,,2263777.5,2166740.0,2436460.0,0,0,0,
615,150.8894055480176,8.942053,,,,9,,,,,,,2660066.2,2885859.8,2745503.5,0,0,0,
754,152.99488280379987,10.343906,,,,30,,,,,,,0,0,0,1670331.0,1759399.0,1536843.1,
820,154.0049389944828,10.497665,,,,38,,,,,,,0,0,0,2444328.2,2515498.2,2517970.5,
27,154.04996796111053,1.7421814,,,,21,,,,,,,0,0,0,1111081.8,1008220.44,2011934.6,
750,154.99016772150534,10.33548,,,,30,,,,,,,0,0,0,2.7373912E7,3.06347E7,2.9119792E7,
785,156.9906075590908,10.37848,,,,30,,,,,,,0,0,0,7797681.0,7892164.0,7868386.5,
717,158.96406228704416,10.230296,,,,26,,,,,,,0,0,0,2624077.2,1906315.6,1869687.1,
787,158.9860313455945,10.381978,,,,30,,,,,,,0,0,0,3042893.8,3095836.5,3145120.2,
3,159.96921900056975,0.034979135,,,,0,,,,,,,0,0,0,4641526.5,4326045.5,4479709.5,
8,159.96925114742473,0.31784475,,,,3,,,,,,,0,0,0,4084891.5,4295066.0,5161697.0,
802,160.84198904753228,10.478199,,,,14,,,,,,,3460049.8,3415611.0,3486700.5,0,0,0,
602,160.91825305905567,8.909862,,,,,,,,,,,3444529.5,3813960.5,3202049.8,0,0,0,
576,161.9135307818622,8.772304,,,,,,,,,,,5886610.5,5681554.0,6061714.5,0,0,0,
803,162.8390107902811,10.478199,,,,14,,,,,,,3227168.2,3180952.8,3246165.0,0,0,0,
739,163.99046213743654,10.328528,,,,30,,,,,,,0,0,0,3112184.2,3114640.2,2318191.0,
804,164.8359434306865,10.479973,,,,14,,,,,,,952907.5,941471.44,947887.0,0,0,0,
808,164.9271201822709,10.485307,,,,30,,,,,,,1292214.0,1245790.5,1219811.6,0,0,0,
44,165.0555656357753,3.0975008,,,,,,,,,,,677903.75,1132730.0,647364.3,0,0,0,
181,165.09111488084397,6.1017194,,,,10,,,,,,,0,0,0,1058426.0,1798361.6,1163049.0,
790,165.9829019781305,10.4041605,,,,30,,,,,,,0,0,0,2994280.8,2999492.8,2786776.0,
821,167.01279109961246,10.499281,,,,38,,,,,,,0,0,0,4.358381E7,4.570683E7,4.469897E7,
818,168.01607192002172,10.4940405,,,,38,,,,,,,0,0,0,2303669.5,2426957.2,2340229.5,
627,168.98623669384725,8.96478,,,,,,,,,,,719565.1,455551.78,438039.06,0,0,0,
740,169.97724299348775,10.328528,,,,30,,,,,,,0,0,0,2090951.4,2523196.0,2717459.5,
832,169.9773038008394,10.813591,,,,,,,,,,,0,0,0,1639406.1,4723972.0,1162215.4,
835,171.99293445464994,10.990345,,,,,,,,,,,0,0,0,5334411.0,5685771.0,5775479.0,
43,172.09788482420603,3.0340412,,,,,,,,,,,592831.2,722649.5,617411.94,0,0,0,
46,172.1332863110197,3.1901295,,,,24,,,,,,,0,0,0,1050209.2,1000862.06,1013033.6,
736,172.95630883965146,10.326571,,,,30,,,,,,,0,0,0,7769538.0,7586959.5,7882801.0,
18,172.9771650860481,0.39007828,,,,,,,,,,,0,0,0,1454416.0,1540978.1,1527799.4,
737,174.9532930730195,10.326571,,,,30,,,,,,,0,0,0,1219012.0,1189366.0,1864198.0,
794,174.95635645668006,10.419445,,,,30,,,,,,,1.5346891E7,1.5051111E7,1.3527078E7,2511086.8,2453941.5,2466169.5,
4,176.98454022260955,0.034979135,,,,0,,,,,,,0,0,0,1047339.4,1022336.06,1035003.7,
9,176.98454962692904,0.31965515,,,,3,,,,,,,0,0,0,913744.7,933284.5,407455.72,
726,180.97285911337272,10.2366905,,,,47,,,,,,,1822196.6,1854129.1,1810472.6,0,0,0,
432,180.97289823990596,7.8665047,,,,,,,,,,,692223.7,456398.75,791587.94,0,0,0,
364,180.97292233868924,7.765661,,,,54,,,,,,,280596.75,371804.56,337585.2,0,0,0,
285,180.97294489308624,7.373001,,,,6,,,,,,,547158.06,538946.2,537788.44,0,0,0,
767,181.01436325547766,10.369756,,,,30,,,,,,,0,0,0,4991951.5,5250397.0,5315389.0,
738,182.9851056286819,10.328315,,,,30,,,,,,,0,0,0,1.8995584E7,1.9318986E7,1.9853678E7,
765,183.00977404215914,10.369751,,,,30,,,,,,,0,0,0,1869142.9,1992402.0,1988661.4,
612,183.93417529847784,8.935117,,,,9,,,,,,,3.544251E7,3.670501E7,3.7069556E7,0,0,0,
830,184.002908729641,10.555592,,,,38,,,,,,,0,0,0,6884058.5,6825015.0,6564892.0,
766,184.98545751132562,10.369751,,,,30,,,,,,,0,0,0,8216978.5,8208764.0,8527034.0,
764,186.98088741042093,10.36975,,,,30,,,,,,,0,0,0,3141608.2,3197577.0,3281207.2,
16,186.98101435825677,0.32146966,,,,,,,,,,,0,0,0,177004.67,146788.0,190878.4,
14,190.9283262713466,0.32403484,,,,,,,,,,,571362.5,1109530.8,1066547.4,0,0,0,
793,190.92835223030283,10.415185,,,,,,,,,,,744895.8,1019148.56,889236.1,0,0,0,
829,191.94617356766935,10.553773,,,,,,,,,,,2462727.5,2323690.8,2834835.0,0,0,0,
755,192.92865404144302,10.344056,,,,,,,,,,,1029333.4,1031585.5,1032212.75,0,0,0,
319,192.92875595627183,7.5482235,,,,,,,,,,,171480.88,123629.766,307795.56,0,0,0,
333,192.92875646628508,7.6728435,,,,,,,,,,,291658.94,184893.23,183500.28,0,0,0,
258,192.9287718097743,7.3068013,,,,,,,,,,,208861.73,304670.8,102312.516,0,0,0,
47,194.11530587325248,3.1901295,,,,24,,,,,,,0,0,0,5550690.0,5608868.5,5752086.5,
422,194.9057008137887,7.8699994,,,,36,,,,,,,1083221.5,879397.3,720562.94,0,0,0,
376,194.9057415980495,7.7813945,,,,,,,,,,,302730.53,448948.4,418339.3,0,0,0,
273,194.90574273188108,7.369503,,,,6,,,,,,,332504.7,442383.0,394604.12,0,0,0,
137,195.10164424140734,5.6147423,,,,34,,,,,,,0,0,0,763165.75,753661.0,792258.3,
809,195.81078037386075,10.485307,,,,30,,,,,,,415513.66,392036.9,384028.2,0,0,0,
542,195.81078913725506,8.478148,,,,49,,,,,,,4840933.5,4307902.0,4389839.0,0,0,0,
751,196.01669460133292,10.33548,,,,30,,,,,,,0,0,0,1588109.5,1538541.5,1608647.9,
580,197.80772842826,8.770309,,,,,,,,,,,486817.44,106865.164,176820.25,0,0,0,
810,197.80782131636624,10.485307,,,,30,,,,,,,528951.94,492527.53,507616.28,0,0,0,
541,197.8078356829012,8.476387,,,,49,,,,,,,6019668.0,5385216.0,5898225.0,0,0,0,
811,199.80486879968328,10.485307,,,,30,,,,,,,233517.11,218456.77,222757.5,0,0,0,
543,199.80490094080122,8.478148,,,,49,,,,,,,2764088.0,2517123.5,2473641.8,0,0,0,
611,199.9291425782059,8.933378,,,,9,,,,,,,1931784.5,2073812.5,1986266.5,0,0,0,
664,200.85871797430136,9.057971,,,,28,,,,,,,731758.3,1240719.2,1338694.0,0,0,0,
590,200.85874648132574,8.871563,,,,9,,,,,,,3132237.5,3276424.8,3081092.0,0,0,0,
54,201.05962880800863,3.6546624,,,,,,,,,,,0,0,0,183206.77,150574.69,383144.03,
824,201.9756361012609,10.522572,,,,38,,,,,,,0,0,0,894870.0,910274.3,944537.5,
574,201.97567951600092,8.7248,,,,,,,,,,,0,0,0,1050704.6,1094939.9,1111101.2,
17,202.18023437985718,0.38639775,,,,,,,,,,,0,0,0,828940.25,965623.06,840620.8,
23,202.18024112306998,0.7063114,,,,,,,,,,,0,0,0,183787.23,221008.98,170202.81,
120,203.06203052001558,5.280399,,,,,,,,,,,0,0,0,368459.94,289328.8,399944.6,
72,203.06207471263846,3.9052315,,,,,,,,,,,0,0,0,159196.42,175056.88,221874.0,
735,205.0170545757708,10.323266,,,,30,,,,,,,0,0,0,6009908.0,6269994.5,6322871.5,
812,205.8395801893104,10.485307,,,,30,,,,,,,1486050.8,1445555.1,1442481.2,0,0,0,
757,207.0174361777268,10.362767,,,,30,,,,,,,0,0,0,5736909.5,5852630.0,5721414.5,
813,207.83660121617686,10.485307,,,,30,,,,,,,1395742.9,1364750.4,1365806.8,0,0,0,
814,208.03925482574527,10.485463,,,,38,,,,,,,0,0,0,2781455.0,2890163.0,2846321.0,
758,209.01285151800357,10.362767,,,,30,,,,,,,0,0,0,2168588.8,2227056.2,2182367.2,
148,211.07540240691048,5.67697,,,,4,,,,,,,0,0,0,1131671.8,1541299.8,1620104.2,
95,211.97068427871758,4.687585,,,,31,,,,,,,0,0,0,3885960.8,4098365.8,4073209.0,
734,213.9827467290967,10.323082,,,,30,,,,,,,0,0,0,2954334.5,3004029.2,2121385.2,
557,213.9828925733914,8.583336,,,,,,,,,,,0,0,0,1994470.4,1185502.4,997182.8,
415,213.9829245018706,7.873421,,,,,,,,,,,0,0,0,1919399.9,1027605.4,1473685.1,
783,215.9837084943381,10.376728,,,,30,,,,,,,0,0,0,1490980.4,1538013.6,1537714.2,
433,216.85360823323762,7.8699994,,,,,,,,,,,108274.82,225485.97,142407.08,0,0,0,
568,216.88034208634122,8.690391,,,,,,,,,,,1793044.1,944472.94,1868139.2,0,0,0,
709,216.92269153934384,10.203182,,,,26,,,,,,,0,0,0,3525483.2,2452230.2,1746166.8,
51,217.0421899557657,3.5244577,,,,,,,,,,,555026.06,515350.38,797769.3,0,0,0,
185,217.04225591300258,6.1033463,,,,,,,,,,,482537.25,484492.47,938352.1,0,0,0,
30,217.10472265837234,2.2417054,,,,,,,,,,,0,0,0,873157.44,1119584.6,874888.25,
37,217.10711657549123,2.7953131,,,,,,,,,,,0,0,0,302399.5,251867.11,562677.25,
55,217.1071308941927,3.6564722,,,,,,,,,,,0,0,0,123977.27,96024.46,165238.33,
63,217.10721273558502,3.8454866,,,,,,,,,,,0,0,0,77007.41,56348.49,150358.2,
589,217.90086026734204,8.852218,,,,,,,,,,,2544642.0,1025885.56,3282927.5,0,0,0,
700,218.98592801506445,10.1619425,,,,,,,,,,,342042.56,520304.34,499362.16,0,0,0,
564,218.98603872441848,8.658394,,,,60,,,,,,,2595749.8,2910178.0,2697650.0,0,0,0,
188,219.05700879860242,6.105232,,,,10,,,,,,,0,0,0,647338.25,1139331.4,737153.9,
50,219.05706279792415,3.5234516,,,,,,,,,,,0,0,0,472468.16,704063.7,571939.8,
209,220.11215041661774,6.3073406,,,,46,,,,,,,0,0,0,1028722.6,1579625.2,1622712.4,
393,221.17510545569192,7.7733307,,,,7,,,,,,,0,0,0,611463.44,323904.6,499227.66,
74,222.14644680556896,4.052981,,,,,,,,,,,0,0,0,555436.4,555364.0,540602.9,
593,222.84059399164667,8.899434,,,,,,,,,,,1172528.9,1349358.0,831618.1,0,0,0,
662,222.84062968079795,9.051018,,,,,,,,,,,870992.94,567316.75,440216.06,0,0,0,
732,223.98820929510302,10.313156,,,,30,,,,,,,0,0,0,4378309.0,4126823.8,4118898.0,
828,225.0293618553117,10.545257,,,,38,,,,,,,0,0,0,2080563.0,2297900.0,2227100.2,
143,225.09101887918735,5.675162,,,,4,,,,,,,0,0,0,1899133.2,2506728.2,2575933.2,
79,226.1801232543065,4.3745365,,,,20,,,,,,,0,0,0,138396.81,117282.11,127039.375,
343,226.1801519495108,7.696942,,,,37,,,,,,,0,0,0,1075306.4,582207.6,849377.25,
394,226.18015990412798,7.7733307,,,,7,,,,,,,0,0,0,875251.06,477243.1,677584.6,
720,226.95139997858305,10.233948,,,,26,,,,,,,0,0,0,7775669.0,3827481.2,3718035.5,
683,226.95143402781298,9.937848,,,,,,,,,,,0,0,0,1343061.5,2297287.8,2240422.0,
91,227.96653572267147,4.6871524,,,,45,,,,,,,2112767.8,2114174.0,2075203.8,0,0,0,
395,228.19584833007806,7.7733307,,,,7,,,,,,,0,0,0,1119824.1,617810.2,886804.6,
106,228.19589444550067,4.81681,,,,56,,,,,,,0,0,0,216914.27,135601.77,210690.34,
587,229.90080684514695,8.863014,,,,9,,,,,,,8500752.0,8124001.5,1.1061226E7,0,0,0,
97,229.9812724527679,4.687585,,,,31,,,,,,,0,0,0,8713632.0,9201769.0,9118387.0,
100,230.98449513857088,4.687585,,,,,,,,,,,0,0,0,722326.3,755746.25,758790.56,
98,231.97908862055695,4.687585,,,,31,,,,,,,0,0,0,8553489.0,9007000.0,8944106.0,
99,232.98231905896486,4.687585,,,,31,,,,,,,0,0,0,706129.5,762901.06,750166.3,
76,233.0725841733212,4.361886,,,,,,,,,,,0,0,0,430908.72,316282.84,681919.6,
52,233.07260638344323,3.5542364,,,,,,,,,,,0,0,0,111962.734,61915.23,174515.22,
186,235.0712027471511,6.103478,,,,10,,,,,,,0,0,0,478825.16,755374.6,515278.03,
87,236.0805290459165,4.5446835,,,,53,,,,,,,0,0,0,2251770.5,2062183.1,3239293.5,
81,236.1620438374823,4.446989,,,,,,,,,,,0,0,0,82167.91,66461.484,77752.49,
398,236.16205193617088,7.775116,,,,,,,,,,,0,0,0,597995.0,325925.53,469060.94,
236,237.221258779756,6.9768314,,,,39,,,,,,,0,0,0,64129.83,143574.7,192841.34,
289,237.2212924967455,7.3731594,,,,5,,,,,,,0,0,0,859413.0,1070492.8,1270616.2,
49,239.08896620915345,3.3526402,,,,,,,,,,,0,0,0,585025.5,621064.56,785703.9,
801,242.94332721368355,10.474978,,,,30,,,,,,,2238399.0,2192604.5,2170111.5,0,0,0,
549,243.89916351037368,8.564209,,,,,,,,,,,2.2106704E7,2.1208698E7,2.2910926E7,0,0,0,
89,244.06669896737822,4.548229,,,,,,,,,,,0,0,0,392515.88,343792.88,535368.5,
182,244.0765672812528,6.101717,,,,10,,,,,,,0,0,0,497848.2,913132.8,605505.1,
396,244.19070288955425,7.7733307,,,,7,,,,,,,0,0,0,658246.4,340914.88,528462.7,
65,245.08584556411105,3.8454866,,,,59,,,,,,,0,0,0,520364.78,465661.06,900811.2,
555,245.8946686547655,8.600846,,,,,,,,,,,8845264.0,8427387.0,9098672.0,0,0,0,
102,247.08825450817008,4.703587,,,,,,,,,,,0,0,0,456514.1,474250.84,599881.7,
727,248.96025861423126,10.2366905,,,,47,,,,,,,3144729.5,3224223.0,3188032.8,0,0,0,
416,248.96027807138626,7.8682575,,,,36,,,,,,,763255.56,1002755.8,891849.4,0,0,0,
365,248.96032925982922,7.765661,,,,54,,,,,,,765123.5,1003689.5,898620.25,0,0,0,
271,248.96037309502228,7.3694916,,,,6,,,,,,,1785281.0,1734814.4,1420688.5,0,0,0,
531,250.1776496124239,8.352837,,,,,,,,,,,0,0,0,225416.72,282392.97,223699.14,
341,250.1776668614557,7.6951623,,,,37,,,,,,,0,0,0,436824.75,257014.73,324802.44,
400,250.17770642512164,7.775116,,,,7,,,,,,,0,0,0,1942089.2,1096949.4,1587470.6,
107,250.17774686979965,4.820448,,,,56,,,,,,,0,0,0,560718.4,393789.3,574866.4,
276,253.2172270535323,7.369503,,,,6,,,,,,,808659.4,864829.6,724617.44,0,0,0,
77,255.05444316250941,4.3636866,,,,,,,,,,,0,0,0,429370.25,324965.4,696547.7,
53,255.05448442180588,3.5542364,,,,,,,,,,,0,0,0,103437.08,40652.473,154486.44,
235,255.23178112118555,6.975016,,,,39,,,,,,,0,0,0,106372.5,163349.73,220949.2,
304,255.23184347532097,7.3767533,,,,5,,,,,,,0,0,0,1208793.4,1477349.6,1789242.0,
208,255.24302571109533,6.301983,,,,46,,,,,,,0,0,0,816054.1,1000481.7,987189.6,
187,255.584503761378,6.103478,,,,10,,,,,,,0,0,0,744731.94,1270634.2,886366.75,
122,256.2998104484058,5.4229693,,,,52,,,,,,,0,0,0,1.1307937E7,1.1312143E7,1.1063268E7,
38,257.0994670648419,2.7989674,,,,,,,,,,,0,0,0,635531.0,551323.1,1194898.0,
123,264.09200283377186,5.430351,,,,,,,,,,,0,0,0,458984.72,398626.7,472174.56,
586,265.1477091319477,8.8455925,,,,9,,,,,,,896346.1,943608.5,885969.75,0,0,0,
210,265.1478313545401,6.329483,,,,,,,,,,,464394.53,853187.44,543132.3,0,0,0,
316,265.2525018052758,7.515392,,,,12,,,,,,,0,0,0,119325.67,172764.45,186790.73,
452,265.25255240223777,7.87699,,,,40,,,,,,,0,0,0,550402.7,593038.0,659578.25,
78,266.1725618600971,4.372723,,,,20,,,,,,,0,0,0,88478.78,83416.31,90807.68,
401,266.17260264396606,7.775116,,,,7,,,,,,,0,0,0,955077.4,537600.0,786402.1,
561,268.98427471503754,8.634047,,,,60,,,,,,,2746090.5,2773802.0,2514795.0,0,0,0,
103,269.07013390637695,4.7071652,,,,,,,,,,,0,0,0,416761.0,436035.22,552757.1,
108,270.14640799716193,4.8533883,,,,,,,,,,,0,0,0,496937.72,353035.2,666895.4,
233,271.2278087973064,6.942611,,,,,,,,,,,72783.01,45130.69,77452.95,0,0,0,
217,271.22782579443486,6.513302,,,,,,,,,,,61146.535,89022.69,60304.805,0,0,0,
199,271.2278516148534,6.2005706,,,,,,,,,,,201396.95,239479.92,200149.56,0,0,0,
254,271.2278960770538,7.1511426,,,,,,,,,,,923610.2,887822.6,892992.25,0,0,0,
36,272.18546023457867,2.7495687,,,,,,,,,,,0,0,0,457010.9,316054.78,286595.44,
350,273.2575470502232,7.704123,,,,,,,,,,,0,0,0,305999.0,407141.72,301217.6,
215,275.08303484375625,6.376091,,,,33,,,,,,,0,0,0,1517280.0,1233435.2,1469369.2,
144,279.0991291656014,5.675162,,,,4,,,,,,,0,0,0,1.5139993E7,1.992936E7,2.0734506E7,
434,281.2481756578273,7.8722887,,,,36,,,,,,,2803137.2,1806012.9,2052365.4,0,0,3262.2358,
352,282.2215443449932,7.745294,,,,,,,,,,,0,0,0,1215580.5,1264124.4,1251248.1,
231,283.26297614414494,6.832587,,,,,,,,,,,0,0,0,113243.58,148907.88,127692.81,
314,283.26300387021894,7.5136065,,,,12,,,,,,,0,0,0,231364.78,335643.38,371229.06,
453,283.2630681675175,7.87699,,,,40,,,,,,,0,0,0,1038087.2,1192718.6,1254190.1,
129,284.29461175917686,5.480064,,,,64,,,,,,,0,0,0,122752.555,143970.66,93965.07,
152,284.2946424503052,5.7541313,,,,,,,,,,,0,0,0,577704.06,687102.5,558324.5,
480,284.2946682170517,7.98869,,,,17,,,,,,,0,0,0,505266.97,662740.4,595347.56,
124,284.6053157233576,5.430351,,,,52,,,,,,,0,0,0,601384.6,552727.4,640882.44,
164,291.0778416042975,5.94953,,,,44,,,,,,,0,0,0,478262.47,501012.03,493525.06,
458,293.17906611784537,7.8787446,,,,36,,,,,,,798956.2,1165931.9,779736.4,0,0,0,
93,295.95377630800687,4.6871524,,,,45,,,,,,,498217.1,484826.97,475658.84,0,0,0,
121,298.27386018761376,5.303703,,,,,,,,,,,0,0,0,593503.06,598996.5,555201.94,
224,298.273860953127,6.640774,,,,,,,,,,,0,0,0,121940.21,150057.56,97908.4,
349,299.2589958408678,7.707565,,,,,,,,,,,555949.0,516454.56,511322.75,0,0,0,
226,299.2590316427479,6.770647,,,,,,,,,,,84971.14,87220.07,241529.08,0,0,0,
317,299.25903910161554,7.5233006,,,,,,,,,,,125388.98,88964.89,117453.32,0,0,0,
229,299.2590414527488,6.827638,,,,,,,,,,,325832.4,308453.3,415663.5,0,0,0,
222,299.2591103788729,6.6134315,,,,,,,,,,,48655.07,98175.82,48519.254,0,0,0,
70,300.1146593775986,3.899828,,,,22,,,,,,,0,0,0,959815.4,733447.1,1374672.9,
241,300.28949446614456,7.0762973,,,,,,,,,,,0,0,0,140802.33,199502.31,130383.89,
135,300.2895897262544,5.578916,,,,11,,,,,,,0,0,0,2.32872E7,2.5048578E7,1.767537E7,
225,301.14082387382695,6.6533446,,,,,,,,,,,0,0,0,1792187.2,1599049.6,1671074.6,
61,302.13036775785685,3.7997048,,,,62,,,,,,,0,0,0,955356.5,634986.25,1293005.6,
130,302.3051618108729,5.480064,,,,64,,,,,,,0,0,0,4338535.0,4959930.0,3558313.5,
131,303.3085037112751,5.481837,,,,,,,,,,,0,0,0,842388.94,950029.44,679248.75,
128,304.2996675545426,5.456983,,,,,,,,,,,0,0,0,420237.8,1600779.4,781189.0,
708,306.91883374868513,10.202768,,,,47,,,,,,,948283.75,956738.94,956083.9,0,0,0,
605,311.1684342622437,8.911458,,,,,,,,,,,337929.38,567764.7,686298.7,0,0,0,
238,311.16859271802224,6.989639,,,,,,,,,,,791600.4,740740.2,873089.7,0,0,0,
253,311.16862492490077,7.140335,,,,,,,,,,,610353.0,597799.06,573658.2,0,0,0,
525,312.3256939768684,8.334435,,,,,,,,,,,0,0,0,271022.06,225806.31,239779.52,
540,312.3257695270332,8.434965,,,,,,,,,,,0,0,0,738204.8,1043701.44,812029.94,
194,312.32584586038814,6.1561847,,,,27,,,,,,,0,0,0,415140.75,454608.84,374668.06,
665,312.83598136218905,9.061471,,,,28,,,,,,,4076497.8,5265530.5,5310032.5,0,0,0,
594,312.835996457751,8.895947,,,,9,,,,,,,6979171.5,7337164.0,7119542.0,0,0,0,
196,313.23466875004954,6.18718,,,,,,,,,,,0,0,0,1839281.8,1805279.5,2191061.2,
154,314.3050759236066,5.7920604,,,,,,,,,,,0,0,0,476036.06,518330.34,406002.38,
32,316.21153069286146,2.5152671,,,,,,,,,,,0,0,0,378905.0,172567.9,192132.47,
34,316.21155842305666,2.6808603,,,,,,,,,,,0,0,0,483951.94,316461.5,108783.01,
723,316.94754743215145,10.234913,,,,47,,,,,,,2826702.5,2922209.5,2839120.2,0,0,0,
417,316.94758576088043,7.8682575,,,,36,,,,,,,587664.75,816658.1,708752.94,0,0,0,
360,316.94767432671597,7.7639003,,,,54,,,,,,,672290.8,841898.5,753499.75,0,0,0,
263,316.9476962284238,7.3642216,,,,6,,,,,,,1249012.8,1659698.6,1528652.8,0,0,0,
118,318.30002146564027,5.2391224,,,,18,,,,,,,0,0,0,2385896.0,2681978.2,2260510.0,
563,318.98130061592184,8.64443,,,,60,,,,,,,2777715.2,2579280.8,2605640.8,0,0,0,
145,320.12546178238836,5.675162,,,,4,,,,,,,0,0,0,1905326.9,2570896.2,2744408.2,
585,321.2102189475938,8.834767,,,,,,,,,,,439424.8,788375.56,397781.0,0,0,0,
526,321.314993021783,8.345171,,,,,,,,,,,0,0,0,278626.53,425720.4,345397.97,
71,322.0965328329624,3.899828,,,,22,,,,,,,0,0,0,789315.5,610660.44,1131831.0,
60,322.0965834706289,3.7671719,,,,,,,,,,,0,0,0,60915.984,55392.29,106577.98,
133,322.27127744587114,5.575388,,,,,,,,,,,0,0,0,458712.03,531342.1,355391.0,
290,323.21908934676077,7.3731594,,,,5,,,,,,,0,0,0,498740.75,697525.8,903897.06,
62,324.11228331150306,3.7997048,,,,62,,,,,,,0,0,0,2224620.2,1698226.6,3029360.2,
75,325.12545757021934,4.243707,,,,,,,,,,,0,0,0,856377.1,824488.94,809217.3,
596,325.1840491693485,8.897682,,,,9,,,,,,,799912.5,875782.94,737394.5,0,0,0,
485,325.1840671349551,8.204417,,,,,,,,,,,2293954.8,2260669.0,2403424.0,0,0,0,
426,325.18408021977797,7.870009,,,,36,,,,,,,1966369.4,1729683.6,2094329.2,0,0,0,
443,327.22684128001265,7.87522,,,,40,,,,,,,0,0,0,292771.03,401697.75,469093.34,
435,327.2538622813008,7.8734818,,,,36,,,,,,,500703.16,369913.84,438435.6,0,0,0,
167,328.3208380293113,5.987039,,,,50,,,,,,,0,0,0,1.216889E7,1.27578E7,1.0163997E7,
595,328.8307887507798,8.895947,,,,9,,,,,,,1742364.4,1798832.6,1816689.1,0,0,0,
661,328.8308393877738,9.0475235,,,,28,,,,,,,1146506.9,634198.4,767569.44,0,0,0,
161,330.3364239500841,5.891588,,,,,,,,,,,0,0,0,1416246.5,1549509.8,1088510.6,
160,332.3309550391543,5.8790526,,,,,,,,,,,0,0,0,179873.08,678632.56,343547.97,
218,335.12504561818173,6.5615373,,,,,,,,,,,0,0,0,550699.2,348793.7,378734.2,
482,336.32575520039353,8.041434,,,,,,,,,,,0,0,0,302088.5,532987.06,410842.88,
169,337.17124884958747,5.992369,,,,50,,,,,,,0,0,0,2623870.0,1889774.9,2594750.2,
212,337.17128387252217,6.3414035,,,,,,,,,,,0,0,0,136896.73,94422.586,135945.48,
558,337.2053598880229,8.613186,,,,,,,,,,,366425.94,895170.4,488699.12,0,0,0,
237,337.23463885008056,6.9768314,,,,,,,,,,,0,0,0,285232.38,402534.3,547119.1,
527,338.3415120569462,8.3469515,,,,,,,,,,,0,0,0,3.0027784E7,4.4236464E7,3.621617E7,
157,339.11177953595035,5.829843,,,,55,,,,,,,0,0,0,547895.56,725215.44,619556.4,
597,339.1995941965692,8.897682,,,,9,,,,,,,3524649.2,4964142.0,3570613.5,0,0,0,
552,339.19965951460875,8.595658,,,,,,,,,,,1817099.0,1090242.1,1972428.9,0,0,0,
567,340.3571351693065,8.675822,,,,19,,,,,,,0,0,0,360157.78,395351.1,360366.03,
245,341.26598297578977,7.092587,,,,,,,,,,,0,0,0,324116.12,538096.3,477364.78,
228,342.24249677830466,6.775207,,,,,,,,,,,0,0,0,441377.4,608914.44,399880.12,
114,344.13012382974097,5.233812,,,,18,,,,,,,0,0,0,716908.6,616682.4,1003180.8,
153,344.3156664161547,5.772309,,,,,,,,,,,0,0,0,676021.5,770903.5,717970.06,
136,344.3156699479184,5.6076393,,,,34,,,,,,,0,0,0,1565503.1,1719950.9,1235153.4,
45,345.1517968843686,3.1332304,,,,,,,,,,,0,0,0,252543.84,184725.34,539637.94,
58,345.1540798699904,3.6618612,,,,,,,,,,,0,0,0,50080.805,46512.25,134678.56,
267,345.2010702760135,7.373155,,,,,,,,,,,0,0,0,284878.1,385844.47,463968.84,
140,346.33133561784706,5.6575027,,,,,,,,,,,0,0,0,4567720.0,4998122.5,4014102.8,
139,347.33468590722214,5.6539474,,,,,,,,,,,0,0,0,972210.75,1045634.9,693086.06,
183,349.1350467098952,6.1017194,,,,10,,,,,,,0,0,0,5556000.0,9163973.0,6053599.0,
436,349.2357044715205,7.8734818,,,,36,,,,,,,556094.1,367215.03,394653.2,0,0,0,
292,350.1775076534841,7.3731804,,,,5,,,,,,,0,0,0,1576785.4,2165822.5,2274122.0,
286,351.1481477830211,7.3730006,,,,6,,,,,,,1255455.6,1357359.4,1274037.6,0,0,0,
437,351.21416148137087,7.8805995,,,,,,,,,,,0,0,0,347831.1,411891.94,446646.34,
459,351.250370680579,7.878798,,,,40,,,,,,,0,0,0,954807.4,1233496.9,1332614.5,
546,352.3391048522767,8.5336075,,,,,,,,,,,0,0,0,1.4913989E7,1.4001724E7,1.4051035E7,
666,352.33911887383033,9.086511,,,,,,,,,,,0,0,0,2237733.2,2067670.5,2068960.6,
460,352.33912954914126,7.878798,,,,40,,,,,,,0,0,0,1808270.0,1893316.8,2116893.0,
295,353.1425388964382,7.3747582,,,,6,,,,,,,2.5446962E7,2.7287702E7,2.5303616E7,0,0,0,
378,353.1637163864818,7.7691517,,,,54,,,,,,,1389431.6,1437319.4,1381333.2,0,0,0,
294,354.17321260024386,7.3731804,,,,,,,,,,,0,0,0,395623.88,497457.9,549678.2,
172,354.2847124587841,6.004847,,,,23,,,,,,,0,0,0,389500.53,460759.3,445157.3,
652,355.1580259012994,8.968285,,,,8,,,,,,,1214011.6,1123656.1,1025563.06,0,0,0,
379,355.15818644327766,7.7691517,,,,54,,,,,,,2.7204506E7,2.8518426E7,2.755372E7,0,0,0,
371,357.1627212826093,7.7674103,,,,54,,,,,,,724605.4,751503.94,744812.2,0,0,0,
201,357.26082731701945,6.2210746,,,,,,,,,,,0,0,0,1521307.1,2144841.0,2540760.8,
211,359.153185345682,6.3396087,,,,,,,,,,,0,0,0,75712.38,51562.074,72971.52,
170,359.1532037277162,5.9923797,,,,50,,,,,,,0,0,0,1600124.2,1198200.2,1627965.5,
173,359.24005994736746,6.004847,,,,23,,,,,,,0,0,0,775073.0,949466.8,942602.25,
57,361.15034430267815,3.6544619,,,,,,,,,,,602297.1,763117.1,584530.1,0,0,0,
392,362.30261942024237,7.77153,,,,,,,,,,,0,0,0,609177.06,268833.16,429664.03,
721,362.925923116353,10.233948,,,,26,,,,,,,0,0,0,506429.0,499602.03,484203.6,
481,365.2659558293919,7.98869,,,,17,,,,,,,0,0,0,449623.97,636855.8,447716.22,
315,365.26596238574274,7.5136065,,,,12,,,,,,,0,0,0,739440.5,1173794.8,1446709.9,
566,366.3727258162481,8.66827,,,,19,,,,,,,0,0,0,672036.06,682396.2,1274133.4,
256,368.25810229464486,7.214255,,,,,,,,,,,0,0,0,457054.9,593719.1,523944.75,
560,368.97853459414677,8.63055,,,,60,,,,,,,3019911.5,3132559.8,2882704.8,0,0,0,
310,369.1372037728427,7.4471397,,,,,,,,,,,1033973.25,1113635.5,1110714.6,0,0,0,
162,371.11674036207023,5.907772,,,,,,,,,,,0,0,0,120014.67,84054.51,121271.25,
189,371.11701493226525,6.105232,,,,10,,,,,,,0,0,0,2.6425906E7,3.8862788E7,2.9274146E7,
406,371.1528482421004,7.8181434,,,,,,,,,,,1291021.2,1543050.8,1488089.8,0,0,0,
275,372.11626569789524,7.3694897,,,,6,,,,,,,676329.9,687742.3,641506.4,0,0,0,
190,372.12022374791235,6.105232,,,,10,,,,,,,0,0,0,6319610.5,9259321.0,7032656.0,
175,372.34701615971204,6.0375175,,,,,,,,,,,0,0,0,3556494.8,3996401.8,2820518.8,
438,373.2323056621024,7.878798,,,,,,,,,,,0,0,0,288056.03,366857.03,393746.16,
362,374.13196965910583,7.767401,,,,,,,,,,,347151.97,294773.97,311450.34,0,0,0,
150,377.1662005091277,5.723812,,,,29,,,,,,,0,0,0,1376944.8,1170561.6,1339226.5,
582,377.31994635578326,8.819405,,,,,,,,,,,0,0,0,4158353.5,4752001.0,4635601.5,
628,377.32005454784303,8.961425,,,,63,,,,,,,0,0,0,4215079.5,4631715.0,4508707.0,
313,377.3201698788143,7.4714017,,,,57,,,,,,,0,0,0,682054.6,800180.3,753559.5,
454,378.2087541089561,7.87699,,,,40,,,,,,,0,0,0,1604780.8,1902974.9,1778196.0,
584,378.3232921228807,8.823003,,,,,,,,,,,0,0,0,1273558.2,707867.56,677691.2,
626,378.32337186996074,8.95964,,,,63,,,,,,,0,0,0,980374.0,1422119.9,1361969.6,
423,379.17934044373396,7.8699994,,,,36,,,,,,,2764749.0,2650652.2,2676527.5,0,0,0,
647,379.3357851357414,8.96684,,,,63,,,,,,,0,0,0,7193674.5,7445887.0,7377834.0,
414,380.18277323093463,7.8664994,,,,36,,,,,,,518179.66,503293.4,520660.84,0,0,0,
648,380.3389740540869,8.966847,,,,63,,,,,,,0,0,0,2094809.4,2213999.2,2171573.5,
653,381.1736277033997,8.968284,,,,8,,,,,,,372580.3,309044.72,289543.88,0,0,0,
424,381.173784287592,7.8699994,,,,36,,,,,,,5.454417E7,5.332898E7,5.3421024E7,0,0,0,
492,381.1948697770463,8.213116,,,,2,,,,,,,926044.5,871193.5,865703.8,0,0,0,
418,382.17615884057017,7.8717513,,,,,,,,,,,1.6471174E7,1.5574901E7,1.6069517E7,0,0,0,
445,383.17761322885667,7.875229,,,,36,,,,,,,1893439.6,1875399.0,1902590.9,0,0,0,
679,383.1825444492394,9.6446905,,,,,,,,,,,0,0,0,337914.0,409138.06,545625.9,
644,383.1893261545385,8.966552,,,,9,,,,,,,934786.2,905003.56,795339.56,0,0,0,
495,383.18939084176054,8.214862,,,,2,,,,,,,1.871655E7,1.7872114E7,1.7590268E7,0,0,0,
718,384.9351076828172,10.23313,,,,47,,,,,,,1636647.1,1700862.5,1674181.5,0,0,0,
366,384.93520326715407,7.7656574,,,,54,,,,,,,301818.62,443679.28,368186.8,0,0,0,
277,384.93521870133236,7.36949,,,,6,,,,,,,761998.5,784477.4,849656.2,0,0,0,
207,385.1324046782573,6.2733216,,,,,,,,,,,0,0,0,214629.77,622317.56,215233.44,
56,385.1465150333377,3.6546624,,,,,,,,,,,0,0,0,311265.3,259329.77,648033.3,
504,385.193423698945,8.216621,,,,2,,,,,,,642089.4,602570.06,611335.94,0,0,0,
249,385.29208434759977,7.102635,,,,,,,,,,,0,0,0,316618.78,521795.2,446131.72,
733,385.7238181405327,10.316651,,,,30,,,,,,,0,0,0,1612527.0,1423636.9,1569184.5,
193,388.62153844027534,6.103478,,,,,,,,,,,0,0,0,101973.68,290964.75,143797.67,
533,391.2839493963017,8.377632,,,,41,,,,,,,0,0,0,953992.5,841100.75,846391.3,
381,393.21954881975597,7.7697563,,,,7,,,,,,,0,0,0,614467.4,751194.7,727603.44,
537,393.2971253740752,8.390148,,,,41,,,,,,,0,0,0,1295659.9,1391640.1,1666456.9,
575,394.3223043183876,8.749936,,,,,,,,,,,0,0,0,528430.2,637982.5,550920.1,
246,395.21895376463567,7.096205,,,,,,,,,,,0,0,0,234889.4,292170.84,298131.25,
405,395.330537245836,7.8036494,,,,,,,,,,,0,0,0,323279.38,625791.75,427536.22,
649,395.33055033993696,8.96685,,,,63,,,,,,,0,0,0,736489.9,797982.8,856263.4,
312,395.33055960274334,7.469616,,,,57,,,,,,,0,0,0,514446.0,694074.94,659403.7,
486,395.3307140339405,8.204643,,,,,,,,,,,0,0,0,184385.89,273674.53,233971.42,
478,397.1683744962511,7.9448433,,,,,,,,,,,3153963.2,3215982.2,3215996.2,0,0,0,
151,399.14816848946947,5.7255893,,,,29,,,,,,,0,0,0,3258261.8,2931925.0,3253686.2,
489,399.1839958880218,8.211391,,,,2,,,,,,,1689986.8,1647137.5,1706067.5,0,0,0,
456,400.1472009114647,7.8769875,,,,,,,,,,,447639.5,403529.44,416016.2,0,0,0,
168,400.17970115688144,5.992368,,,,,,,,,,,0,0,0,391462.44,288788.03,393096.47,
204,401.2869745543487,6.2443085,,,,,,,,,,,0,0,0,1438889.8,1517338.9,1878982.4,
496,402.1630534717613,8.214862,,,,2,,,,,,,319713.7,295105.38,291596.7,0,0,0,
155,402.357378294345,5.8101172,,,,,,,,,,,0,0,0,139989.27,311782.38,359235.12,
346,408.30811568539724,7.696942,,,,37,,,,,,,0,0,0,2298667.2,1346816.5,1779712.5,
397,408.3081543281192,7.7733307,,,,7,,,,,,,0,0,0,7784803.5,4527249.5,6539636.5,
220,409.1922933159255,6.6014366,,,,61,,,,,,,0,0,0,1062406.1,1023131.1,1065341.4,
520,409.204818149362,8.267335,,,,,,,,,,,403086.9,380079.56,341889.1,0,0,0,
407,409.2744041917715,7.8197155,,,,,,,,,,,0,0,0,474231.78,675851.94,595268.06,
332,410.30480100855306,7.62207,,,,,,,,,,,0,0,0,330351.22,440331.66,440792.5,
213,411.207953244408,6.3743043,,,,,,,,,,,0,0,0,455104.47,372749.9,456376.56,
672,411.3840921479952,9.352116,,,,,,,,,,,522223.78,528571.44,452497.75,0,0,0,
192,412.1433048428083,6.106993,,,,10,,,,,,,0,0,0,703571.25,1128885.2,852731.9,
534,413.2657387500981,8.377632,,,,41,,,,,,,0,0,0,3535303.8,3392231.8,3114337.2,
280,421.1298369413953,7.3712487,,,,6,,,,,,,672412.44,756421.1,685603.2,0,0,0,
324,421.1558214671233,7.5483365,,,,16,,,,,,,0,0,0,268314.06,274436.03,347455.12,
354,421.15586753064525,7.754172,,,,35,,,,,,,0,0,0,704944.6,652818.94,821900.8,
512,421.2507496030444,8.219026,,,,,,,,,,,0,0,0,254979.75,406899.88,329974.97,
569,421.28412687291757,8.693045,,,,,,,,,,,0,0,0,39503.242,0,544583.6,
372,423.1453819551951,7.7674103,,,,54,,,,,,,446054.28,513671.47,465190.9,0,0,0,
111,426.9676747739649,5.0888715,,,,,,,,,,,6073543.5,7635005.5,6951932.5,0,0,0,
515,427.23356176377564,8.218368,,,,,,,,,,,66901.32,266330.25,237820.94,0,0,0,
604,427.2336031360194,8.913203,,,,,,,,,,,594763.75,1401275.4,1669841.4,0,0,0,
667,427.233620322891,9.096234,,,,,,,,,,,711291.7,797256.06,791074.7,0,0,0,
250,429.31823230908395,7.108031,,,,,,,,,,,0,0,0,365406.06,680825.06,580839.56,
198,430.3885954258844,6.20488,,,,,,,,,,,0,0,0,127621.22,275812.16,356671.38,
722,430.91327198582803,10.233948,,,,26,,,,,,,0,0,0,441608.06,446381.62,441494.3,
219,431.174119288447,6.5996265,,,,61,,,,,,,0,0,0,599387.9,586587.75,612249.75,
216,431.17423949441564,6.4319158,,,,,,,,,,,0,0,0,415688.78,393628.0,444809.7,
214,433.1899803168144,6.37253,,,,33,,,,,,,0,0,0,4424338.0,3802599.0,4402694.0,
66,433.2064847430641,3.8454866,,,,59,,,,,,,0,0,0,140299.77,108370.22,256059.61,
84,433.20669779305877,4.542909,,,,53,,,,,,,0,0,0,5378270.0,4720300.0,8173895.5,
134,437.19300085214724,5.577152,,,,11,,,,,,,0,0,0,2009082.9,2349523.8,2140853.8,
303,438.1198937289635,7.3765244,,,,6,,,,,,,898236.6,1041272.5,947802.1,0,0,0,
623,439.2517631104094,8.95781,,,,9,,,,,,,1659028.1,1353119.5,1297717.5,0,0,0,
361,440.1354732245031,7.7639165,,,,54,,,,,,,862538.06,1076555.8,969220.44,0,0,0,
476,443.20459390134766,7.9039974,,,,,,,,,,,0,0,0,256284.84,784429.4,707211.6,
205,445.3131008038552,6.251475,,,,,,,,,,,0,0,0,618542.56,691050.0,1103891.2,
101,447.12698961510455,4.6893725,,,,31,,,,,,,0,0,0,489896.84,396407.16,514181.6,
110,448.2032237774849,4.898487,,,,,,,,,,,0,0,0,95138.88,83090.31,121074.984,
125,448.2033353178768,5.430351,,,,52,,,,,,,0,0,0,7044495.5,6236443.5,7188043.0,
455,449.1609358326002,7.8769875,,,,36,,,,,,,1146136.5,1245127.4,1224731.5,0,0,0,
165,449.1846940602289,5.94953,,,,44,,,,,,,0,0,0,517060.9,571628.44,560082.3,
69,449.2027145182369,3.846152,,,,,,,,,,,978547.5,1322133.9,1031412.56,0,0,0,
375,449.30206159809944,7.767971,,,,7,,,,,,,0,0,0,410327.8,550195.75,508390.44,
85,450.23345874910973,4.542909,,,,53,,,,,,,0,0,0,2713164.2,2280884.2,3885283.5,
67,451.2171169250726,3.8454866,,,,59,,,,,,,0,0,0,556432.06,477445.4,979511.1,
678,451.24509855621676,9.644704,,,,,,,,,,,0,0,0,319912.94,399314.78,530607.25,
385,452.9224122552685,7.7708907,,,,54,,,,,,,143200.92,218883.14,195202.33,0,0,0,
724,452.9224786342401,10.234913,,,,47,,,,,,,1265623.0,1313716.2,1299473.5,0,0,0,
682,452.9225971262035,9.921646,,,,,,,,,,,260699.38,292836.34,424075.12,0,0,0,
261,452.9226351959873,7.3607135,,,,6,,,,,,,415614.44,531366.6,319938.8,0,0,0,
86,455.188592764003,4.542909,,,,53,,,,,,,0,0,0,3.642624E7,3.3078956E7,4.625847E7,
347,457.34940056552404,7.7005534,,,,,,,,,,,0,0,0,201157.11,482692.44,401540.97,
671,463.33120125291947,9.191781,,,,,,,,,,,0,0,0,69743.04,11934.977,844327.6,
475,466.1510035999832,7.9032664,,,,36,,,,,,,1552411.8,1802576.5,1699329.6,0,0,0,
516,468.16779816878324,8.205381,,,,2,,,,,,,1742278.0,1760135.4,1765863.5,11681.255,0,7392.7344,
64,468.2437848061034,3.8454866,,,,,,,,,,,0,0,0,326846.06,266037.78,521222.72,
90,469.10898330404194,4.6893725,,,,,,,,,,,0,0,0,404024.0,341365.66,429135.84,
126,470.18532502944686,5.430351,,,,52,,,,,,,0,0,0,1.297684E7,1.1808889E7,1.3135237E7,
221,472.2007916766033,6.6014366,,,,61,,,,,,,0,0,0,411560.8,409901.12,430027.25,
68,473.19921182059187,3.8454866,,,,59,,,,,,,0,0,0,2087157.5,1775188.2,3451053.8,
251,473.34450386771044,7.1044426,,,,,,,,,,,0,0,0,316103.9,593680.44,494354.88,
255,478.2924105100431,7.170814,,,,,,,,,,,0,0,0,998251.8,825215.6,1032750.7,
257,478.2924205572122,7.309551,,,,,,,,,,,0,0,0,234498.33,188469.33,241368.23,
202,480.3080453366406,6.2210717,,,,,,,,,,,0,0,0,322152.88,407095.1,475879.5,
327,481.29202934588255,7.5733485,,,,,,,,,,,0,0,0,631849.1,775738.56,662007.1,
656,481.29213463581254,8.970444,,,,63,,,,,,,0,0,0,3224580.5,3402445.5,3630187.8,
311,481.29218006126894,7.4571185,,,,,,,,,,,0,0,0,2157188.5,2751083.0,2623370.0,
545,488.1501888293605,8.529278,,,,42,,,,,,,1879903.9,1251936.0,1865767.2,0,0,0,
548,490.14704062230294,8.557199,,,,42,,,,,,,1749910.4,1750605.2,1735879.9,0,0,0,
112,494.9551724001354,5.0888715,,,,,,,,,,,320100.28,415047.6,375645.12,0,0,0,
646,495.25702657487926,8.966552,,,,8,,,,,,,2874733.8,2650605.0,2339322.2,0,0,0,
686,495.31454044140446,10.011861,,,,15,,,,,,,1250534.6,1397297.2,1239125.8,0,0,0,
687,496.317169828599,10.011864,,,,15,,,,,,,453145.56,505498.2,456056.47,0,0,0,
338,501.3756984359947,7.693373,,,,,,,,,,,0,0,0,156947.27,396286.84,331307.38,
156,517.251751806575,5.8064632,,,,,,,,,,,0,0,0,538624.25,740317.6,575078.3,
248,517.3707715809243,7.100826,,,,,,,,,,,0,0,0,284214.75,526698.3,470688.94,
725,520.909760767741,10.234913,,,,47,,,,,,,861080.6,922914.5,898878.2,0,0,0,
636,523.3456458105094,8.963059,,,,9,,,,,,,389625.34,391771.1,235419.1,0,0,0,
195,532.2584329986673,6.1633296,,,,27,,,,,,,0,0,0,607117.8,405210.72,584279.44,
176,532.2585436549965,6.0697036,,,,,,,,,,,0,0,0,517858.97,339406.1,506841.6,
146,535.2087518594177,5.675162,,,,4,,,,,,,0,0,0,541581.44,869413.3,919714.56,
680,537.3945416316805,9.792009,,,,,,,,,,,0,0,0,400313.9,347149.06,513985.62,
339,545.4019988972664,7.6873593,,,,,,,,,,,0,0,0,117346.766,310210.44,267886.2,
572,546.4303041562645,8.706692,,,,,,,,,,,0,0,0,2547870.2,3230274.2,2132130.0,
325,557.2811631256553,7.5483365,,,,16,,,,,,,0,0,0,396491.6,395436.16,506449.12,
355,557.2811796480471,7.754172,,,,35,,,,,,,0,0,0,601270.94,558752.3,676706.5,
73,561.2514435068175,3.9994957,,,,,,,,,,,0,0,0,252184.88,131366.05,417414.56,
247,561.3969075903484,7.0983253,,,,,,,,,,,0,0,0,262653.78,500088.03,461249.0,
551,562.4250970434375,8.597819,,,,,,,,,,,0,0,0,238766.05,306745.84,392646.94,
174,563.2381371360522,6.0069594,,,,,,,,,,,0,0,0,384757.25,374614.94,464846.44,
104,568.2962966602694,4.726814,,,,48,,,,,,,0,0,0,768481.94,756033.0,653115.9,
105,573.2517296466691,4.730375,,,,48,,,,,,,0,0,0,4522530.0,4588901.5,4186200.5,
232,577.3608798935921,6.8606095,,,,,,,,,,,0,0,0,1099165.6,798815.75,1054404.8,
471,579.2631320410602,7.902227,,,,40,,,,,,,0,0,0,866906.25,837409.8,983598.94,
353,579.2632261968623,7.7524066,,,,35,,,,,,,0,0,0,3367377.5,3199290.0,3899239.5,
321,579.2632567690429,7.544756,,,,16,,,,,,,0,0,0,2684396.0,2711241.5,3485227.0,
675,587.4643569184577,9.619409,,,,25,,,,,,,0,0,0,1608323.6,1162991.4,818069.2,
719,588.8974292725702,10.233125,,,,47,,,,,,,587673.56,600509.8,589687.2,0,0,0,
707,589.4798003164696,10.201351,,,,26,,,,,,,0,0,0,3322679.2,3077128.5,2157884.0,
281,590.3645236940177,7.3712487,,,,6,,,,,,,489896.06,477032.03,438765.03,0,0,0,
244,605.4230168118698,7.088964,,,,,,,,,,,0,0,0,216554.72,424936.44,397836.62,
676,613.422513290181,9.624803,,,,25,,,,,,,0,0,0,8090862.0,6477231.0,7746319.0,
712,615.4952123864641,10.212185,,,,26,,,,,,,0,0,0,847147.75,914513.8,969591.4,
521,617.417030894228,8.292018,,,,,,,,,,,0,0,0,240920.62,285782.78,367754.25,
171,629.3108983350176,5.9906135,,,,,,,,,,,0,0,0,434086.2,271733.2,435374.4,
203,629.3109194068344,6.2443423,,,,,,,,,,,0,0,0,411784.16,248855.86,408828.3,
159,631.3265839461789,5.879051,,,,,,,,,,,0,0,0,1050586.8,821282.8,1042287.9,
115,649.3063315016407,5.233812,,,,18,,,,,,,0,0,0,1071198.9,881551.06,1451975.6,
243,649.4492591009998,7.087152,,,,,,,,,,,0,0,0,162212.48,329316.28,313677.72,
694,663.4534509872902,10.094956,,,,51,,,,,,,0,0,0,1568897.5,1552794.9,1554554.9,
116,666.333021191805,5.233812,,,,18,,,,,,,0,0,0,998123.44,802883.44,1186714.6,
403,668.6181854932619,7.7964935,,,,,,,,,,,0,0,0,131048.17,325896.25,400592.38,
206,671.2879214941253,6.2532525,,,,,,,,,,,0,0,0,219836.03,233972.44,249598.16,
117,671.2884327471825,5.235589,,,,18,,,,,,,0,0,0,1.0904982E7,9207097.0,1.3314125E7,
530,675.675410754002,8.348712,,,,,,,,,,,0,0,0,199077.45,422496.22,288511.2,
695,685.4354246886459,10.094956,,,,51,,,,,,,0,0,0,1.5361326E7,1.411675E7,1.3868548E7,
730,686.4767864655088,10.279831,,,,,,,,,,,427706.66,652779.75,428066.38,0,0,0,
522,686.4769400279774,8.290105,,,,,,,,,,,1608758.0,2270339.5,1411375.2,0,0,0,
83,689.2987457687535,4.503069,,,,,,,,,,,0,0,0,553162.1,431136.62,874201.06,
715,690.5060326357994,10.226673,,,,,,,,,,,0,0,0,366437.78,355409.12,380627.47,
487,690.5064403516354,8.207577,,,,,,,,,,,0,0,0,3554107.8,1408355.6,1716797.9,
670,693.4406460123272,9.164762,,,,32,,,,,,,945630.75,931039.44,864924.0,0,0,0,
184,697.2628922420736,6.1017194,,,,10,,,,,,,0,0,0,882939.06,2269270.2,1110335.6,
559,698.9111078940256,8.6288185,,,,,,,,,,,1069075.4,1064144.4,1119045.2,0,0,0,
696,708.5107988655681,10.094956,,,,51,,,,,,,0,0,0,764150.0,797242.3,780993.2,
497,712.4884094890966,8.22265,,,,,,,,,,,0,0,0,1524847.8,185058.81,564535.9,
308,716.5220917223219,7.371391,,,,,,,,,,,0,0,0,258066.17,1509334.6,262936.12,
729,716.5228673200357,10.261215,,,,26,,,,,,,609026.3,624212.3,607074.8,2931099.2,2491337.8,1060819.6,
535,716.5230051923976,8.338057,,,,,,,,,,,167436.3,250751.69,298667.56,2342433.8,242027.98,439808.1,
483,716.5239944091014,8.080907,,,,,,,,,,,3904846.5,2610561.0,2967649.0,0,0,0,
191,719.2449798451248,6.105232,,,,10,,,,,,,0,0,0,5666258.0,1.0464346E7,6753778.5,
697,726.4615888554732,10.094956,,,,51,,,,,,,0,0,0,1458831.4,1490331.4,1479277.5,
464,730.5377010511397,7.944832,,,,,,,,,,,0,0,0,2663547.5,204582.55,203609.03,
693,736.5418309796329,10.093154,,,,,,,,,,,0,0,0,445496.5,484503.8,489708.22,
538,738.5037781420932,8.40622,,,,,,,,,,,0,0,0,1407809.5,189471.67,333868.6,
713,738.5037846431045,10.215806,,,,26,,,,,,,0,0,0,1247813.9,990230.25,1094689.1,
410,740.4044308812496,7.8347497,,,,,,,,,,,0,0,0,519320.3,163949.23,534845.44,
351,740.40447341953,7.741695,,,,,,,,,,,0,0,0,656183.7,376628.03,731991.75,
692,743.615602587645,10.035182,,,,,,,,,,,0,0,0,1837562.8,1158102.0,1080965.8,
506,752.519673806771,8.21725,,,,1,,,,,,,0,0,0,664969.75,443000.44,639587.6,
468,752.5196827051897,7.8985553,,,,40,,,,,,,0,0,0,5045745.5,824222.5,733279.56,
690,771.6468139894628,10.027153,,,,,,,,,,,0,0,0,3348006.2,1932172.8,1818407.0,
446,780.5510345435047,7.875206,,,,40,,,,,,,0,0,0,524300.3,586630.3,463874.03,
301,780.5510667585621,7.3749623,,,,5,,,,,,,0,0,0,354461.75,497442.28,409024.62,
383,782.5660656482981,7.7697563,,,,7,,,,,,,0,0,0,267284.34,309090.8,405387.88,
461,782.5661152843063,7.878798,,,,40,,,,,,,0,0,0,663917.5,651856.5,836470.9,
306,782.5661703537693,7.3767514,,,,5,,,,,,,0,0,0,385619.3,462327.5,619732.06,
462,808.5823127003488,7.878798,,,,40,,,,,,,0,0,0,466998.12,482550.6,620544.4,
463,810.5971516480876,7.8734264,,,,,,,,,,,0,0,0,417331.88,667023.6,445068.88,
659,823.6788475798435,8.975835,,,,,,,,,,,0,0,0,1.984336E7,3.8034332E7,3.4571148E7,
498,825.693959513565,8.21544,,,,,,,,,,,0,0,0,503529.84,367237.78,443980.25,
640,827.7095621789636,8.964788,,,,,,,,,,,0,0,0,0,2831852.0,3174166.8,
511,851.7096907886804,8.21725,,,,1,,,,,,,0,0,0,1333924.0,1856737.5,2629098.2,
654,851.7097523173774,8.968651,,,,63,,,,,,,0,0,0,4.744277E7,3.584264E7,4.3310576E7,
689,853.722853979632,10.018025,,,,,,,,,,,0,0,0,50672.434,2.926701E7,3.1912024E7,
643,879.7404074441138,8.964788,,,,,,,,,,,0,0,0,0,1694077.5,2082753.4,
677,879.740791094875,9.633523,,,,,,,,,,,0,0,0,0,1.5525624E7,1.6684394E7,
149,887.38775648531,5.677178,,,,4,,,,,,,0,0,0,1196454.2,1040328.06,1421480.6,
127,917.3812784436769,5.430351,,,,52,,,,,,,0,0,0,682053.44,563541.94,722467.9,
