"","filter","Yeast_HE_D5-Ctrl_a_neg_20190515_Run37.mzML","Yeast_HE_D5-Ctrl_b_neg_20190515_Run40.mzML","Yeast_HE_D5-Ctrl_c_neg_20190515_Run43.mzML","NEG_D5-227-C2-a_Run248.mzML","NEG_D5-227-C2-b_Run251.mzML","NEG_D5-227-C2-c_Run254.mzML"
"30/217.1047mz/2.24min",523894.464,873157.44,1119584.6,874888.25,174631.488,174631.488,174631.488
"31/140.0683mz/2.44min",25944.5508,43240.918,86922.38,86683.18,8648.1836,8648.1836,8648.1836
"32/316.2115mz/2.52min",103540.74,378905,172567.9,192132.47,34513.58,34513.58,34513.58
"33/121.0294mz/2.66min",432249.036,144083.012,144083.012,144083.012,767294.8,720415.06,859847.4
"34/316.2116mz/2.68min",65269.806,483951.94,316461.5,108783.01,21756.602,21756.602,21756.602
"35/89.0598mz/2.75min",217075.56,1227202.5,462431.1,361792.6,72358.52,72358.52,72358.52
"36/272.1855mz/2.75min",171957.264,457010.9,316054.78,286595.44,57319.088,57319.088,57319.088
"37/217.1071mz/2.8min",151120.266,302399.5,251867.11,562677.25,50373.422,50373.422,50373.422
"38/257.0995mz/2.8min",330793.86,635531,551323.1,1194898,110264.62,110264.62,110264.62
"39/120.0445mz/2.83min",1335024,2561646,2504766,2225040,445008,445008,445008
"40/138.0551mz/2.83min",381230.064,729429,699165.94,635383.44,127076.688,127076.688,127076.688
"41/131.0712mz/2.9min",69605.94,23201.98,23201.98,23201.98,116009.9,933890.2,674920.94
"43/172.0979mz/3.03min",355698.72,118566.24,118566.24,118566.24,592831.2,617411.94,722649.5
"44/165.0556mz/3.1min",388418.58,129472.86,129472.86,129472.86,677903.75,647364.3,1132730
"45/345.1518mz/3.13min",110835.204,252543.84,184725.34,539637.94,36945.068,36945.068,36945.068
"46/172.1333mz/3.19min",600517.236,1050209.2,1000862.06,1013033.6,200172.412,200172.412,200172.412
"47/194.1153mz/3.19min",3330414,5550690,5608868.5,5752086.5,1110138,1110138,1110138
"49/239.089mz/3.35min",351015.3,585025.5,621064.56,785703.9,117005.1,117005.1,117005.1
"50/219.0571mz/3.52min",283480.896,472468.16,704063.7,571939.8,94493.632,94493.632,94493.632
"51/217.0422mz/3.52min",309210.228,103070.076,103070.076,103070.076,555026.06,797769.3,515350.38
"52/233.0726mz/3.55min",37149.138,111962.734,61915.23,174515.22,12383.046,12383.046,12383.046
"53/255.0545mz/3.55min",24391.4838,103437.08,40652.473,154486.44,8130.4946,8130.4946,8130.4946
"54/201.0596mz/3.65min",90344.814,183206.77,150574.69,383144.03,30114.938,30114.938,30114.938
"55/217.1071mz/3.66min",57614.676,123977.27,96024.46,165238.33,19204.892,19204.892,19204.892
"56/385.1465mz/3.65min",155597.862,311265.3,259329.77,648033.3,51865.954,51865.954,51865.954
"57/361.1503mz/3.65min",350718.06,116906.02,116906.02,116906.02,602297.1,584530.1,763117.1
"58/345.1541mz/3.66min",27907.35,50080.805,46512.25,134678.56,9302.45,9302.45,9302.45
"59/140.0683mz/3.74min",42593.748,70989.58,104845.33,104798.42,14197.916,14197.916,14197.916
"60/322.0966mz/3.77min",33235.374,60915.984,55392.29,106577.98,11078.458,11078.458,11078.458
"61/302.1304mz/3.8min",380991.75,955356.5,634986.25,1293005.6,126997.25,126997.25,126997.25
"62/324.1123mz/3.8min",1018935.96,2224620.2,1698226.6,3029360.2,339645.32,339645.32,339645.32
"63/217.1072mz/3.85min",33809.094,77007.41,56348.49,150358.2,11269.698,11269.698,11269.698
"64/468.2438mz/3.85min",159622.668,326846.06,266037.78,521222.72,53207.556,53207.556,53207.556
"65/245.0858mz/3.85min",279396.636,520364.78,465661.06,900811.2,93132.212,93132.212,93132.212
"66/433.2065mz/3.85min",65022.132,140299.77,108370.22,256059.61,21674.044,21674.044,21674.044
"67/451.2171mz/3.85min",286467.24,556432.06,477445.4,979511.1,95489.08,95489.08,95489.08
"68/473.1992mz/3.85min",1065112.92,2087157.5,1775188.2,3451053.8,355037.64,355037.64,355037.64
"69/449.2027mz/3.85min",587128.5,195709.5,195709.5,195709.5,978547.5,1031412.56,1322133.9
"70/300.1147mz/3.9min",440068.26,959815.4,733447.1,1374672.9,146689.42,146689.42,146689.42
"71/322.0965mz/3.9min",366396.264,789315.5,610660.44,1131831,122132.088,122132.088,122132.088
"72/203.0621mz/3.91min",95517.852,159196.42,175056.88,221874,31839.284,31839.284,31839.284
"73/561.2514mz/4.0min",78819.63,252184.88,131366.05,417414.56,26273.21,26273.21,26273.21
"74/222.1464mz/4.05min",324361.74,555436.4,555364,540602.9,108120.58,108120.58,108120.58
"75/325.1255mz/4.24min",485530.38,856377.1,824488.94,809217.3,161843.46,161843.46,161843.46
"76/233.0726mz/4.36min",189769.704,430908.72,316282.84,681919.6,63256.568,63256.568,63256.568
"77/255.0544mz/4.36min",194979.24,429370.25,324965.4,696547.7,64993.08,64993.08,64993.08
"78/266.1726mz/4.37min",50049.786,88478.78,83416.31,90807.68,16683.262,16683.262,16683.262
"79/226.1801mz/4.37min",70369.266,138396.81,117282.11,127039.375,23456.422,23456.422,23456.422
"81/236.162mz/4.45min",39876.8904,82167.91,66461.484,77752.49,13292.2968,13292.2968,13292.2968
"83/689.2987mz/4.5min",258681.972,553162.1,431136.62,874201.06,86227.324,86227.324,86227.324
"84/433.2067mz/4.54min",2832180,5378270,4720300,8173895.5,944060,944060,944060
"85/450.2335mz/4.54min",1368530.52,2713164.2,2280884.2,3885283.5,456176.84,456176.84,456176.84
"86/455.1886mz/4.54min",19847373.6,36426240,33078956,46258470,6615791.2,6615791.2,6615791.2
"87/236.0805mz/4.54min",1237309.86,2251770.5,2062183.1,3239293.5,412436.62,412436.62,412436.62
"89/244.0667mz/4.55min",206275.728,392515.88,343792.88,535368.5,68758.576,68758.576,68758.576
"90/469.109mz/4.69min",204819.396,404024,341365.66,429135.84,68273.132,68273.132,68273.132
"91/227.9665mz/4.69min",1245122.28,415040.76,415040.76,415040.76,2112767.8,2075203.8,2114174
"93/295.9538mz/4.69min",285395.304,95131.768,95131.768,95131.768,498217.1,475658.84,484826.97
"95/211.9707mz/4.69min",2331576.48,3885960.8,4098365.8,4073209,777192.16,777192.16,777192.16
"97/229.9813mz/4.69min",5228179.2,8713632,9201769,9118387,1742726.4,1742726.4,1742726.4
"98/231.9791mz/4.69min",5132093.4,8553489,9007000,8944106,1710697.8,1710697.8,1710697.8
"99/232.9823mz/4.69min",423677.7,706129.5,762901.06,750166.3,141225.9,141225.9,141225.9
"100/230.9845mz/4.69min",433395.78,722326.3,755746.25,758790.56,144465.26,144465.26,144465.26
"101/447.127mz/4.69min",237844.296,489896.84,396407.16,514181.6,79281.432,79281.432,79281.432
"102/247.0883mz/4.7min",273908.46,456514.1,474250.84,599881.7,91302.82,91302.82,91302.82
"103/269.0701mz/4.71min",250056.6,416761,436035.22,552757.1,83352.2,83352.2,83352.2
"104/568.2963mz/4.73min",391869.54,768481.94,756033,653115.9,130623.18,130623.18,130623.18
"105/573.2517mz/4.73min",2511720.3,4522530,4588901.5,4186200.5,837240.1,837240.1,837240.1
"106/228.1959mz/4.82min",81361.062,216914.27,135601.77,210690.34,27120.354,27120.354,27120.354
"107/250.1777mz/4.82min",236273.58,560718.4,393789.3,574866.4,78757.86,78757.86,78757.86
"108/270.1464mz/4.85min",211821.12,496937.72,353035.2,666895.4,70607.04,70607.04,70607.04
"110/448.2032mz/4.9min",49854.186,95138.88,83090.31,121074.984,16618.062,16618.062,16618.062
"111/426.9677mz/5.09min",3644126.1,1214708.7,1214708.7,1214708.7,6073543.5,6951932.5,7635005.5
"112/494.9552mz/5.09min",192060.168,64020.056,64020.056,64020.056,320100.28,375645.12,415047.6
"114/344.1301mz/5.23min",370009.44,716908.6,616682.4,1003180.8,123336.48,123336.48,123336.48
"115/649.3063mz/5.23min",528930.636,1071198.9,881551.06,1451975.6,176310.212,176310.212,176310.212
"116/666.333mz/5.23min",481730.064,998123.44,802883.44,1186714.6,160576.688,160576.688,160576.688
"117/671.2884mz/5.24min",5524258.2,10904982,9207097,13314125,1841419.4,1841419.4,1841419.4
"118/318.3mz/5.24min",1356306,2385896,2681978.2,2260510,452102,452102,452102
"120/203.062mz/5.28min",173597.28,368459.94,289328.8,399944.6,57865.76,57865.76,57865.76
"121/298.2739mz/5.3min",333121.164,593503.06,598996.5,555201.94,111040.388,111040.388,111040.388
"122/256.2998mz/5.42min",6637960.8,11307937,11312143,11063268,2212653.6,2212653.6,2212653.6
"123/264.092mz/5.43min",239176.02,458984.72,398626.7,472174.56,79725.34,79725.34,79725.34
"124/284.6053mz/5.43min",331636.44,601384.6,552727.4,640882.44,110545.48,110545.48,110545.48
"125/448.2033mz/5.43min",3741866.1,7044495.5,6236443.5,7188043,1247288.7,1247288.7,1247288.7
"126/470.1853mz/5.43min",7085333.4,12976840,11808889,13135237,2361777.8,2361777.8,2361777.8
"127/917.3813mz/5.43min",338125.164,682053.44,563541.94,722467.9,112708.388,112708.388,112708.388
"128/304.2997mz/5.46min",252142.68,420237.8,1600779.4,781189,84047.56,84047.56,84047.56
"129/284.2946mz/5.48min",56379.042,122752.555,143970.66,93965.07,18793.014,18793.014,18793.014
"130/302.3052mz/5.48min",2134988.1,4338535,4959930,3558313.5,711662.7,711662.7,711662.7
"131/303.3085mz/5.48min",407549.25,842388.94,950029.44,679248.75,135849.75,135849.75,135849.75
"133/322.2713mz/5.58min",213234.6,458712.03,531342.1,355391,71078.2,71078.2,71078.2
"134/437.193mz/5.58min",1205449.74,2009082.9,2349523.8,2140853.8,401816.58,401816.58,401816.58
"135/300.2896mz/5.58min",10605222,23287200,25048578,17675370,3535074,3535074,3535074
"136/344.3157mz/5.61min",741092.04,1565503.1,1719950.9,1235153.4,247030.68,247030.68,247030.68
"137/195.1016mz/5.61min",452196.6,763165.75,753661,792258.3,150732.2,150732.2,150732.2
"139/347.3347mz/5.65min",415851.636,972210.75,1045634.9,693086.06,138617.212,138617.212,138617.212
"140/346.3313mz/5.66min",2408461.68,4567720,4998122.5,4014102.8,802820.56,802820.56,802820.56
"141/105.0335mz/5.68min",1108149,1846915,2467678.5,2597630.5,369383,369383,369383
"142/118.0651mz/5.68min",499368.636,832281.06,1088992.5,1140044.9,166456.212,166456.212,166456.212
"143/225.091mz/5.68min",1139479.92,1899133.2,2506728.2,2575933.2,379826.64,379826.64,379826.64
"144/279.0991mz/5.68min",9083995.8,15139993,19929360,20734506,3027998.6,3027998.6,3027998.6
"145/320.1255mz/5.68min",1143196.14,1905326.9,2570896.2,2744408.2,381065.38,381065.38,381065.38
"146/535.2088mz/5.68min",324948.864,541581.44,869413.3,919714.56,108316.288,108316.288,108316.288
"148/211.0754mz/5.68min",679003.08,1131671.8,1541299.8,1620104.2,226334.36,226334.36,226334.36
"149/887.3878mz/5.68min",624196.836,1196454.2,1040328.06,1421480.6,208065.612,208065.612,208065.612
"150/377.1662mz/5.72min",702336.96,1376944.8,1170561.6,1339226.5,234112.32,234112.32,234112.32
"151/399.1482mz/5.73min",1759155,3258261.8,2931925,3253686.2,586385,586385,586385
"152/284.2946mz/5.75min",334994.7,577704.06,687102.5,558324.5,111664.9,111664.9,111664.9
"153/344.3157mz/5.77min",405612.9,676021.5,770903.5,717970.06,135204.3,135204.3,135204.3
"154/314.3051mz/5.79min",243601.428,476036.06,518330.34,406002.38,81200.476,81200.476,81200.476
"155/402.3574mz/5.81min",83993.562,139989.27,311782.38,359235.12,27997.854,27997.854,27997.854
"156/517.2518mz/5.81min",323174.55,538624.25,740317.6,575078.3,107724.85,107724.85,107724.85
"157/339.1118mz/5.83min",328737.336,547895.56,725215.44,619556.4,109579.112,109579.112,109579.112
"158/147.0805mz/5.83min",139929.882,233216.47,295731.25,255060.53,46643.294,46643.294,46643.294
"159/631.3266mz/5.88min",492769.68,1050586.8,821282.8,1042287.9,164256.56,164256.56,164256.56
"160/332.331mz/5.88min",107923.848,179873.08,678632.56,343547.97,35974.616,35974.616,35974.616
"161/330.3364mz/5.89min",653106.36,1416246.5,1549509.8,1088510.6,217702.12,217702.12,217702.12
"162/371.1167mz/5.91min",50432.706,120014.67,84054.51,121271.25,16810.902,16810.902,16810.902
"164/291.0778mz/5.95min",286957.482,478262.47,501012.03,493525.06,95652.494,95652.494,95652.494
"165/449.1847mz/5.95min",310236.54,517060.9,571628.44,560082.3,103412.18,103412.18,103412.18
"167/328.3208mz/5.99min",6098398.2,12168890,12757800,10163997,2032799.4,2032799.4,2032799.4
"168/400.1797mz/5.99min",173272.818,391462.44,288788.03,393096.47,57757.606,57757.606,57757.606
"169/337.1712mz/5.99min",1133864.94,2623870,1889774.9,2594750.2,377954.98,377954.98,377954.98
"170/359.1532mz/5.99min",718920.12,1600124.2,1198200.2,1627965.5,239640.04,239640.04,239640.04
"171/629.3109mz/5.99min",163039.92,434086.2,271733.2,435374.4,54346.64,54346.64,54346.64
"172/354.2847mz/6.0min",233700.318,389500.53,460759.3,445157.3,77900.106,77900.106,77900.106
"173/359.2401mz/6.0min",465043.8,775073,949466.8,942602.25,155014.6,155014.6,155014.6
"174/563.2381mz/6.01min",224768.964,384757.25,374614.94,464846.44,74922.988,74922.988,74922.988
"175/372.347mz/6.04min",1692311.28,3556494.8,3996401.8,2820518.8,564103.76,564103.76,564103.76
"176/532.2585mz/6.07min",203643.66,517858.97,339406.1,506841.6,67881.22,67881.22,67881.22
"179/119.0856mz/6.1min",798315.84,1330526.4,2233152.8,1468033.6,266105.28,266105.28,266105.28
"180/147.0805mz/6.1min",12269596.8,20449328,33783200,22549684,4089865.6,4089865.6,4089865.6
"181/165.0911mz/6.1min",635055.6,1058426,1798361.6,1163049,211685.2,211685.2,211685.2
"182/244.0766mz/6.1min",298708.92,497848.2,913132.8,605505.1,99569.64,99569.64,99569.64
"183/349.135mz/6.1min",3333600,5556000,9163973,6053599,1111200,1111200,1111200
"184/697.2629mz/6.1min",529763.436,882939.06,2269270.2,1110335.6,176587.812,176587.812,176587.812
"185/217.0423mz/6.1min",289522.35,96507.45,96507.45,96507.45,482537.25,938352.1,484492.47
"186/235.0712mz/6.1min",287295.096,478825.16,755374.6,515278.03,95765.032,95765.032,95765.032
"187/255.5845mz/6.1min",446839.164,744731.94,1270634.2,886366.75,148946.388,148946.388,148946.388
"188/219.057mz/6.11min",388402.95,647338.25,1139331.4,737153.9,129467.65,129467.65,129467.65
"189/371.117mz/6.11min",15855543.6,26425906,38862788,29274146,5285181.2,5285181.2,5285181.2
"190/372.1202mz/6.11min",3791766.3,6319610.5,9259321,7032656,1263922.1,1263922.1,1263922.1
"191/719.245mz/6.11min",3399754.8,5666258,10464346,6753778.5,1133251.6,1133251.6,1133251.6
"192/412.1433mz/6.11min",422142.75,703571.25,1128885.2,852731.9,140714.25,140714.25,140714.25
"193/388.6215mz/6.1min",61184.208,101973.68,290964.75,143797.67,20394.736,20394.736,20394.736
"194/312.3258mz/6.16min",224800.836,415140.75,454608.84,374668.06,74933.612,74933.612,74933.612
"195/532.2584mz/6.16min",243126.432,607117.8,405210.72,584279.44,81042.144,81042.144,81042.144
"196/313.2347mz/6.19min",1083167.7,1839281.8,1805279.5,2191061.2,361055.9,361055.9,361055.9
"198/430.3886mz/6.2min",76572.732,127621.22,275812.16,356671.38,25524.244,25524.244,25524.244
"199/271.2279mz/6.2min",120089.736,40029.912,40029.912,40029.912,201396.95,200149.56,239479.92
"201/357.2608mz/6.22min",912784.26,1521307.1,2144841,2540760.8,304261.42,304261.42,304261.42
"202/480.308mz/6.22min",193291.728,322152.88,407095.1,475879.5,64430.576,64430.576,64430.576
"203/629.3109mz/6.24min",149313.516,411784.16,248855.86,408828.3,49771.172,49771.172,49771.172
"204/401.287mz/6.24min",863333.88,1438889.8,1517338.9,1878982.4,287777.96,287777.96,287777.96
"205/445.3131mz/6.25min",371125.536,618542.56,691050,1103891.2,123708.512,123708.512,123708.512
"206/671.2879mz/6.25min",131901.618,219836.03,233972.44,249598.16,43967.206,43967.206,43967.206
"207/385.1324mz/6.27min",128777.862,214629.77,622317.56,215233.44,42925.954,42925.954,42925.954
"208/255.243mz/6.3min",489632.46,816054.1,1000481.7,987189.6,163210.82,163210.82,163210.82
"209/220.1122mz/6.31min",617233.56,1028722.6,1579625.2,1622712.4,205744.52,205744.52,205744.52
"210/265.1478mz/6.33min",278636.718,92878.906,92878.906,92878.906,464394.53,543132.3,853187.44
"211/359.1532mz/6.34min",30937.2444,75712.38,51562.074,72971.52,10312.4148,10312.4148,10312.4148
"212/337.1713mz/6.34min",56653.5516,136896.73,94422.586,135945.48,18884.5172,18884.5172,18884.5172
"213/411.208mz/6.37min",223649.94,455104.47,372749.9,456376.56,74549.98,74549.98,74549.98
"214/433.19mz/6.37min",2281559.4,4424338,3802599,4402694,760519.8,760519.8,760519.8
"215/275.083mz/6.38min",740061.12,1517280,1233435.2,1469369.2,246687.04,246687.04,246687.04
"216/431.1742mz/6.43min",236176.8,415688.78,393628,444809.7,78725.6,78725.6,78725.6
"217/271.2278mz/6.51min",36182.883,12060.961,12060.961,12060.961,61146.535,60304.805,89022.69
"218/335.125mz/6.56min",209276.22,550699.2,348793.7,378734.2,69758.74,69758.74,69758.74
"219/431.1741mz/6.6min",351952.65,599387.9,586587.75,612249.75,117317.55,117317.55,117317.55
"220/409.1923mz/6.6min",613878.66,1062406.1,1023131.1,1065341.4,204626.22,204626.22,204626.22
"221/472.2008mz/6.6min",245940.672,411560.8,409901.12,430027.25,81980.224,81980.224,81980.224
"222/299.2591mz/6.61min",29111.5524,9703.8508,9703.8508,9703.8508,48655.07,48519.254,98175.82
"224/298.2739mz/6.64min",58745.04,121940.21,150057.56,97908.4,19581.68,19581.68,19581.68
"225/301.1408mz/6.65min",959429.76,1792187.2,1599049.6,1671074.6,319809.92,319809.92,319809.92
"226/299.259mz/6.77min",50982.684,16994.228,16994.228,16994.228,84971.14,241529.08,87220.07
"228/342.2425mz/6.78min",239928.072,441377.4,608914.44,399880.12,79976.024,79976.024,79976.024
"229/299.259mz/6.83min",185071.98,61690.66,61690.66,61690.66,325832.4,415663.5,308453.3
"231/283.263mz/6.83min",67946.148,113243.58,148907.88,127692.81,22648.716,22648.716,22648.716
"232/577.3609mz/6.86min",479289.45,1099165.6,798815.75,1054404.8,159763.15,159763.15,159763.15
"233/271.2278mz/6.94min",27078.414,9026.138,9026.138,9026.138,72783.01,77452.95,45130.69
"235/255.2318mz/6.98min",63823.5,106372.5,163349.73,220949.2,21274.5,21274.5,21274.5
"236/237.2213mz/6.98min",38477.898,64129.83,143574.7,192841.34,12825.966,12825.966,12825.966
"237/337.2346mz/6.98min",171139.428,285232.38,402534.3,547119.1,57046.476,57046.476,57046.476
"238/311.1686mz/6.99min",444444.12,148148.04,148148.04,148148.04,791600.4,873089.7,740740.2
"241/300.2895mz/7.08min",78230.334,140802.33,199502.31,130383.89,26076.778,26076.778,26076.778
"243/649.4493mz/7.09min",97327.488,162212.48,329316.28,313677.72,32442.496,32442.496,32442.496
"244/605.423mz/7.09min",129932.832,216554.72,424936.44,397836.62,43310.944,43310.944,43310.944
"245/341.266mz/7.09min",194469.672,324116.12,538096.3,477364.78,64823.224,64823.224,64823.224
"246/395.219mz/7.1min",140933.64,234889.4,292170.84,298131.25,46977.88,46977.88,46977.88
"247/561.3969mz/7.1min",157592.268,262653.78,500088.03,461249,52530.756,52530.756,52530.756
"248/517.3708mz/7.1min",170528.85,284214.75,526698.3,470688.94,56842.95,56842.95,56842.95
"249/385.2921mz/7.1min",189971.268,316618.78,521795.2,446131.72,63323.756,63323.756,63323.756
"250/429.3182mz/7.11min",219243.636,365406.06,680825.06,580839.56,73081.212,73081.212,73081.212
"251/473.3445mz/7.1min",189662.34,316103.9,593680.44,494354.88,63220.78,63220.78,63220.78
"253/311.1686mz/7.14min",344194.92,114731.64,114731.64,114731.64,610353,573658.2,597799.06
"254/271.2279mz/7.15min",532693.56,177564.52,177564.52,177564.52,923610.2,892992.25,887822.6
"255/478.2924mz/7.17min",495129.36,998251.8,825215.6,1032750.7,165043.12,165043.12,165043.12
"256/368.2581mz/7.21min",274232.94,457054.9,593719.1,523944.75,91410.98,91410.98,91410.98
"257/478.2924mz/7.31min",113081.598,234498.33,188469.33,241368.23,37693.866,37693.866,37693.866
"258/192.9288mz/7.31min",61387.5096,20462.5032,20462.5032,20462.5032,208861.73,102312.516,304670.8
"261/452.9226mz/7.36min",191963.28,63987.76,63987.76,63987.76,415614.44,319938.8,531366.6
"263/316.9477mz/7.36min",749407.68,249802.56,249802.56,249802.56,1249012.8,1528652.8,1659698.6
"267/345.2011mz/7.37min",170926.86,284878.1,385844.47,463968.84,56975.62,56975.62,56975.62
"269/116.9285mz/7.37min",9002212.2,3000737.4,3000737.4,3000737.4,15312262,15003687,16152607
"270/117.9286mz/7.37min",1047085.2,349028.4,349028.4,349028.4,1758124.5,1745142,1843470.2
"271/248.9604mz/7.37min",852413.1,284137.7,284137.7,284137.7,1785281,1420688.5,1734814.4
"273/194.9057mz/7.37min",199502.82,66500.94,66500.94,66500.94,332504.7,394604.12,442383
"275/372.1163mz/7.37min",384903.84,128301.28,128301.28,128301.28,676329.9,641506.4,687742.3
"276/253.2172mz/7.37min",434770.464,144923.488,144923.488,144923.488,808659.4,724617.44,864829.6
"277/384.9352mz/7.37min",457199.1,152399.7,152399.7,152399.7,761998.5,849656.2,784477.4
"280/421.1298mz/7.37min",403447.464,134482.488,134482.488,134482.488,672412.44,685603.2,756421.1
"281/590.3645mz/7.37min",263259.018,87753.006,87753.006,87753.006,489896.06,438765.03,477032.03
"285/180.9729mz/7.37min",322673.064,107557.688,107557.688,107557.688,547158.06,537788.44,538946.2
"286/351.1481mz/7.37min",753273.36,251091.12,251091.12,251091.12,1255455.6,1274037.6,1357359.4
"289/237.2213mz/7.37min",515647.8,859413,1070492.8,1270616.2,171882.6,171882.6,171882.6
"290/323.2191mz/7.37min",299244.45,498740.75,697525.8,903897.06,99748.15,99748.15,99748.15
"292/350.1775mz/7.37min",946071.24,1576785.4,2165822.5,2274122,315357.08,315357.08,315357.08
"294/354.1732mz/7.37min",237374.328,395623.88,497457.9,549678.2,79124.776,79124.776,79124.776
"295/353.1425mz/7.37min",15182169.6,5060723.2,5060723.2,5060723.2,25446962,25303616,27287702
"296/80.9479mz/7.37min",272147.028,453578.38,605250.75,696817.56,90715.676,90715.676,90715.676
"300/140.0683mz/7.37min",249593.028,415988.38,469224.88,470809.44,83197.676,83197.676,83197.676
"301/780.5511mz/7.37min",212677.05,354461.75,497442.28,409024.62,70892.35,70892.35,70892.35
"303/438.1199mz/7.38min",538941.96,179647.32,179647.32,179647.32,898236.6,947802.1,1041272.5
"304/255.2318mz/7.38min",725276.04,1208793.4,1477349.6,1789242,241758.68,241758.68,241758.68
"306/782.5662mz/7.38min",231371.58,385619.3,462327.5,619732.06,77123.86,77123.86,77123.86
"308/716.5221mz/7.37min",154839.702,258066.17,1509334.6,262936.12,51613.234,51613.234,51613.234
"310/369.1372mz/7.45min",620383.95,206794.65,206794.65,206794.65,1033973.25,1110714.6,1113635.5
"311/481.2922mz/7.46min",1294313.1,2157188.5,2751083,2623370,431437.7,431437.7,431437.7
"312/395.3306mz/7.47min",308667.6,514446,694074.94,659403.7,102889.2,102889.2,102889.2
"313/377.3202mz/7.47min",409232.76,682054.6,800180.3,753559.5,136410.92,136410.92,136410.92
"314/283.263mz/7.51min",138818.868,231364.78,335643.38,371229.06,46272.956,46272.956,46272.956
"315/365.266mz/7.51min",443664.3,739440.5,1173794.8,1446709.9,147888.1,147888.1,147888.1
"316/265.2525mz/7.52min",71595.402,119325.67,172764.45,186790.73,23865.134,23865.134,23865.134
"317/299.259mz/7.52min",53378.934,17792.978,17792.978,17792.978,125388.98,117453.32,88964.89
"319/192.9288mz/7.55min",74177.8596,24725.9532,24725.9532,24725.9532,171480.88,307795.56,123629.766
"321/579.2633mz/7.54min",1610637.6,2684396,2711241.5,3485227,536879.2,536879.2,536879.2
"324/421.1558mz/7.55min",160988.436,268314.06,274436.03,347455.12,53662.812,53662.812,53662.812
"325/557.2812mz/7.55min",237261.696,396491.6,395436.16,506449.12,79087.232,79087.232,79087.232
"327/481.292mz/7.57min",379109.46,631849.1,775738.56,662007.1,126369.82,126369.82,126369.82
"330/131.5336mz/7.61min",593567.88,989279.8,2525547.2,2123222.5,197855.96,197855.96,197855.96
"332/410.3048mz/7.62min",198210.732,330351.22,440331.66,440792.5,66070.244,66070.244,66070.244
"333/192.9288mz/7.67min",110100.168,36700.056,36700.056,36700.056,291658.94,183500.28,184893.23
"338/501.3757mz/7.69min",94168.362,156947.27,396286.84,331307.38,31389.454,31389.454,31389.454
"339/545.402mz/7.69min",70408.0596,117346.766,310210.44,267886.2,23469.3532,23469.3532,23469.3532
"341/250.1777mz/7.7min",154208.838,436824.75,257014.73,324802.44,51402.946,51402.946,51402.946
"343/226.1802mz/7.7min",349324.56,1075306.4,582207.6,849377.25,116441.52,116441.52,116441.52
"346/408.3081mz/7.7min",808089.9,2298667.2,1346816.5,1779712.5,269363.3,269363.3,269363.3
"347/457.3494mz/7.7min",120694.266,201157.11,482692.44,401540.97,40231.422,40231.422,40231.422
"349/299.259mz/7.71min",306793.65,102264.55,102264.55,102264.55,555949,511322.75,516454.56
"350/273.2575mz/7.7min",180730.56,305999,407141.72,301217.6,60243.52,60243.52,60243.52
"351/740.4045mz/7.74min",225976.818,656183.7,376628.03,731991.75,75325.606,75325.606,75325.606
"352/282.2215mz/7.75min",729348.3,1215580.5,1264124.4,1251248.1,243116.1,243116.1,243116.1
"353/579.2632mz/7.75min",1919574,3367377.5,3199290,3899239.5,639858,639858,639858
"354/421.1559mz/7.75min",391691.364,704944.6,652818.94,821900.8,130563.788,130563.788,130563.788
"355/557.2812mz/7.75min",335251.38,601270.94,558752.3,676706.5,111750.46,111750.46,111750.46
"360/316.9477mz/7.76min",403374.48,134458.16,134458.16,134458.16,672290.8,753499.75,841898.5
"361/440.1355mz/7.76min",517522.836,172507.612,172507.612,172507.612,862538.06,969220.44,1076555.8
"362/374.132mz/7.77min",176864.382,58954.794,58954.794,58954.794,347151.97,311450.34,294773.97
"363/117.9285mz/7.77min",1350551.28,450183.76,450183.76,450183.76,2374020.8,2250918.8,2373489
"364/180.9729mz/7.77min",168358.05,56119.35,56119.35,56119.35,280596.75,337585.2,371804.56
"365/248.9603mz/7.77min",459074.1,153024.7,153024.7,153024.7,765123.5,898620.25,1003689.5
"366/384.9352mz/7.77min",181091.172,60363.724,60363.724,60363.724,301818.62,368186.8,443679.28
"368/114.9341mz/7.77min",602125.32,200708.44,200708.44,200708.44,1082009.4,1003542.2,1059188.5
"369/116.9284mz/7.77min",11579180.4,3859726.8,3859726.8,3859726.8,20626762,19298634,20413756
"370/118.9267mz/7.77min",342454.32,114151.44,114151.44,114151.44,605886.06,570757.2,610664.3
"371/357.1627mz/7.77min",434763.24,144921.08,144921.08,144921.08,724605.4,744812.2,751503.94
"372/423.1454mz/7.77min",267632.568,89210.856,89210.856,89210.856,446054.28,465190.9,513671.47
"375/449.3021mz/7.77min",246196.68,410327.8,550195.75,508390.44,82065.56,82065.56,82065.56
"376/194.9057mz/7.78min",181638.318,60546.106,60546.106,60546.106,302730.53,418339.3,448948.4
"378/353.1637mz/7.77min",828799.92,276266.64,276266.64,276266.64,1389431.6,1381333.2,1437319.4
"379/355.1582mz/7.77min",16322703.6,5440901.2,5440901.2,5440901.2,27204506,27553720,28518426
"380/118.9241mz/7.77min",552526.8,184175.6,184175.6,184175.6,920878,1081924,1090333.1
"381/393.2195mz/7.77min",368680.44,614467.4,751194.7,727603.44,122893.48,122893.48,122893.48
"383/782.5661mz/7.77min",160370.604,267284.34,309090.8,405387.88,53456.868,53456.868,53456.868
"385/452.9224mz/7.77min",85920.552,28640.184,28640.184,28640.184,143200.92,195202.33,218883.14
"388/80.9479mz/7.77min",364872.336,608120.56,878339.6,868997.2,121624.112,121624.112,121624.112
"392/362.3026mz/7.77min",161299.896,609177.06,268833.16,429664.03,53766.632,53766.632,53766.632
"393/221.1751mz/7.77min",194342.76,611463.44,323904.6,499227.66,64780.92,64780.92,64780.92
"394/226.1802mz/7.77min",286345.86,875251.06,477243.1,677584.6,95448.62,95448.62,95448.62
"395/228.1958mz/7.77min",370686.12,1119824.1,617810.2,886804.6,123562.04,123562.04,123562.04
"396/244.1907mz/7.77min",204548.928,658246.4,340914.88,528462.7,68182.976,68182.976,68182.976
"397/408.3082mz/7.77min",2716349.7,7784803.5,4527249.5,6539636.5,905449.9,905449.9,905449.9
"398/236.1621mz/7.78min",195555.318,597995,325925.53,469060.94,65185.106,65185.106,65185.106
"400/250.1777mz/7.78min",658169.64,1942089.2,1096949.4,1587470.6,219389.88,219389.88,219389.88
"401/266.1726mz/7.78min",322560,955077.4,537600,786402.1,107520,107520,107520
"403/668.6182mz/7.8min",78628.902,131048.17,325896.25,400592.38,26209.634,26209.634,26209.634
"405/395.3305mz/7.8min",193967.628,323279.38,625791.75,427536.22,64655.876,64655.876,64655.876
"406/371.1528mz/7.82min",774612.72,258204.24,258204.24,258204.24,1291021.2,1488089.8,1543050.8
"407/409.2744mz/7.82min",284539.068,474231.78,675851.94,595268.06,94846.356,94846.356,94846.356
"410/740.4044mz/7.83min",98369.538,519320.3,163949.23,534845.44,32789.846,32789.846,32789.846
"413/140.0682mz/7.86min",220526.7,367544.5,387615.97,402318.38,73508.9,73508.9,73508.9
"414/380.1828mz/7.87min",301976.04,100658.68,100658.68,100658.68,518179.66,520660.84,503293.4
"415/213.9829mz/7.87min",616563.24,1919399.9,1027605.4,1473685.1,205521.08,205521.08,205521.08
"416/248.9603mz/7.87min",457953.336,152651.112,152651.112,152651.112,763255.56,891849.4,1002755.8
"417/316.9476mz/7.87min",352598.85,117532.95,117532.95,117532.95,587664.75,708752.94,816658.1
"418/382.1762mz/7.87min",9344940.6,3114980.2,3114980.2,3114980.2,16471174,16069517,15574901
"419/114.9341mz/7.87min",1269214.32,423071.44,423071.44,423071.44,2144112,2115357.2,2136895.2
"420/116.9284mz/7.87min",24238950,8079650,8079650,8079650,40429196,40990116,40398250
"421/118.9267mz/7.87min",689489.04,229829.68,229829.68,229829.68,1171723.4,1291619.5,1149148.4
"422/194.9057mz/7.87min",432337.764,144112.588,144112.588,144112.588,1083221.5,720562.94,879397.3
"423/379.1793mz/7.87min",1590391.32,530130.44,530130.44,530130.44,2764749,2676527.5,2650652.2
"424/381.1738mz/7.87min",31997388,10665796,10665796,10665796,54544170,53421024,53328980
"426/325.1841mz/7.87min",1037810.16,345936.72,345936.72,345936.72,1966369.4,2094329.2,1729683.6
"427/80.9479mz/7.87min",332523.264,554205.44,766733,662708,110841.088,110841.088,110841.088
"429/117.9285mz/7.87min",2764364.4,921454.8,921454.8,921454.8,4607274,4811094,4715855.5
"430/118.924mz/7.87min",784044.96,261348.32,261348.32,261348.32,1593166.1,1729081.1,1306741.6
"432/180.9729mz/7.87min",273839.25,91279.75,91279.75,91279.75,692223.7,791587.94,456398.75
"433/216.8536mz/7.87min",64964.892,21654.964,21654.964,21654.964,108274.82,142407.08,225485.97
"434/281.2482mz/7.87min",904637.5679,652.44716,652.44716,3262.2358,2803137.2,2052365.4,1806012.9
"435/327.2539mz/7.87min",221948.304,73982.768,73982.768,73982.768,500703.16,438435.6,369913.84
"436/349.2357mz/7.87min",220329.018,73443.006,73443.006,73443.006,556094.1,394653.2,367215.03
"437/351.2142mz/7.88min",208698.66,347831.1,411891.94,446646.34,69566.22,69566.22,69566.22
"438/373.2323mz/7.88min",172833.618,288056.03,366857.03,393746.16,57611.206,57611.206,57611.206
"443/327.2268mz/7.88min",175662.618,292771.03,401697.75,469093.34,58554.206,58554.206,58554.206
"445/383.1776mz/7.88min",1125239.4,375079.8,375079.8,375079.8,1893439.6,1902590.9,1875399
"446/780.551mz/7.88min",278324.418,524300.3,586630.3,463874.03,92774.806,92774.806,92774.806
"452/265.2526mz/7.88min",330241.62,550402.7,593038,659578.25,110080.54,110080.54,110080.54
"453/283.2631mz/7.88min",622852.32,1038087.2,1192718.6,1254190.1,207617.44,207617.44,207617.44
"454/378.2088mz/7.88min",962868.48,1604780.8,1902974.9,1778196,320956.16,320956.16,320956.16
"455/449.1609mz/7.88min",687681.9,229227.3,229227.3,229227.3,1146136.5,1224731.5,1245127.4
"456/400.1472mz/7.88min",242117.664,80705.888,80705.888,80705.888,447639.5,416016.2,403529.44
"458/293.1791mz/7.88min",467841.84,155947.28,155947.28,155947.28,798956.2,779736.4,1165931.9
"459/351.2504mz/7.88min",572884.44,954807.4,1233496.9,1332614.5,190961.48,190961.48,190961.48
"460/352.3391mz/7.88min",1084962,1808270,1893316.8,2116893,361654,361654,361654
"461/782.5661mz/7.88min",391113.9,663917.5,651856.5,836470.9,130371.3,130371.3,130371.3
"462/808.5823mz/7.88min",280198.872,466998.12,482550.6,620544.4,93399.624,93399.624,93399.624
"463/810.5972mz/7.87min",250399.128,417331.88,667023.6,445068.88,83466.376,83466.376,83466.376
"464/730.5377mz/7.94min",122165.418,2663547.5,204582.55,203609.03,40721.806,40721.806,40721.806
"465/132.9001mz/7.89min",195913.74,65304.58,65304.58,65304.58,366862.75,334205.5,326522.9
"468/752.5197mz/7.9min",439967.736,5045745.5,824222.5,733279.56,146655.912,146655.912,146655.912
"471/579.2631mz/7.9min",502445.88,866906.25,837409.8,983598.94,167481.96,167481.96,167481.96
"473/134.8946mz/7.9min",3864887.4,1288295.8,1288295.8,1288295.8,7299418,6848093,6441479
"475/466.151mz/7.9min",931447.08,310482.36,310482.36,310482.36,1552411.8,1699329.6,1802576.5
"476/443.2046mz/7.9min",153770.904,256284.84,784429.4,707211.6,51256.968,51256.968,51256.968
"478/397.1684mz/7.94min",1892377.92,630792.64,630792.64,630792.64,3153963.2,3215996.2,3215982.2
"480/284.2947mz/7.99min",303160.182,505266.97,662740.4,595347.56,101053.394,101053.394,101053.394
"481/365.266mz/7.99min",268629.732,449623.97,636855.8,447716.22,89543.244,89543.244,89543.244
"482/336.3258mz/8.04min",181253.1,302088.5,532987.06,410842.88,60417.7,60417.7,60417.7
"483/716.524mz/8.08min",1566336.6,522112.2,522112.2,522112.2,3904846.5,2967649,2610561
"485/325.1841mz/8.2min",1356401.4,452133.8,452133.8,452133.8,2293954.8,2403424,2260669
"486/395.3307mz/8.2min",110631.534,184385.89,273674.53,233971.42,36877.178,36877.178,36877.178
"487/690.5064mz/8.21min",845013.36,3554107.8,1408355.6,1716797.9,281671.12,281671.12,281671.12
"489/399.184mz/8.21min",988282.5,329427.5,329427.5,329427.5,1689986.8,1706067.5,1647137.5
"490/132.9001mz/8.21min",324718.98,108239.66,108239.66,108239.66,607639,555941.9,541198.3
"492/381.1949mz/8.21min",519422.28,173140.76,173140.76,173140.76,926044.5,865703.8,871193.5
"493/117.9285mz/8.21min",1728327.3,576109.1,576109.1,576109.1,2895707.8,3373467.5,2880545.5
"494/118.9267mz/8.21min",432146.76,144048.92,144048.92,144048.92,839509.8,732590.7,720244.6
"495/383.1894mz/8.21min",10554160.8,3518053.6,3518053.6,3518053.6,18716550,17590268,17872114
"496/402.1631mz/8.21min",174958.02,58319.34,58319.34,58319.34,319713.7,291596.7,295105.38
"497/712.4884mz/8.22min",111035.286,1524847.8,185058.81,564535.9,37011.762,37011.762,37011.762
"498/825.694mz/8.22min",220342.668,503529.84,367237.78,443980.25,73447.556,73447.556,73447.556
"500/134.8946mz/8.22min",6400183.8,2133394.6,2133394.6,2133394.6,12099319,11305729,10666973
"502/114.9341mz/8.22min",713110.92,237703.64,237703.64,237703.64,1188518.2,1363455.2,1295610.6
"504/385.1934mz/8.22min",361542.036,120514.012,120514.012,120514.012,642089.4,611335.94,602570.06
"506/752.5197mz/8.22min",265800.264,664969.75,443000.44,639587.6,88600.088,88600.088,88600.088
"511/851.7097mz/8.22min",800354.4,1333924,1856737.5,2629098.2,266784.8,266784.8,266784.8
"512/421.2507mz/8.22min",152987.85,254979.75,406899.88,329974.97,50995.95,50995.95,50995.95
"515/427.2336mz/8.22min",40140.792,13380.264,13380.264,13380.264,66901.32,237820.94,266330.25
"516/468.1678mz/8.21min",876979.6275,11681.255,1478.54688,7392.7344,1742278,1765863.5,1760135.4
"520/409.2048mz/8.27min",205133.46,68377.82,68377.82,68377.82,403086.9,341889.1,380079.56
"521/617.417mz/8.29min",144552.372,240920.62,285782.78,367754.25,48184.124,48184.124,48184.124
"522/686.4769mz/8.29min",846825.12,282275.04,282275.04,282275.04,1608758,1411375.2,2270339.5
"524/150.8894mz/8.33min",1300044,433348,433348,433348,2263777.5,2436460,2166740
"525/312.3257mz/8.33min",135483.786,271022.06,225806.31,239779.52,45161.262,45161.262,45161.262
"526/321.315mz/8.35min",167175.918,278626.53,425720.4,345397.97,55725.306,55725.306,55725.306
"527/338.3415mz/8.35min",18016670.4,30027784,44236464,36216170,6005556.8,6005556.8,6005556.8
"530/675.6754mz/8.35min",119446.47,199077.45,422496.22,288511.2,39815.49,39815.49,39815.49
"531/250.1776mz/8.35min",134219.484,225416.72,282392.97,223699.14,44739.828,44739.828,44739.828
"533/391.2839mz/8.38min",504660.45,953992.5,841100.75,846391.3,168220.15,168220.15,168220.15
"534/413.2657mz/8.38min",1868602.32,3535303.8,3392231.8,3114337.2,622867.44,622867.44,622867.44
"535/716.523mz/8.34min",274709.625,2342433.8,242027.98,439808.1,167436.3,298667.56,250751.69
"537/393.2971mz/8.39min",777395.94,1295659.9,1391640.1,1666456.9,259131.98,259131.98,259131.98
"538/738.5038mz/8.41min",113683.002,1407809.5,189471.67,333868.6,37894.334,37894.334,37894.334
"539/136.0216mz/8.42min",2823343.2,4908357.5,4750310,4705572,941114.4,941114.4,941114.4
"540/312.3258mz/8.43min",442922.88,738204.8,1043701.44,812029.94,147640.96,147640.96,147640.96
"541/197.8078mz/8.48min",3231129.6,1077043.2,1077043.2,1077043.2,6019668,5898225,5385216
"542/195.8108mz/8.48min",2584741.2,861580.4,861580.4,861580.4,4840933.5,4389839,4307902
"543/199.8049mz/8.48min",1484185.08,494728.36,494728.36,494728.36,2764088,2473641.8,2517123.5
"545/488.1502mz/8.53min",751161.6,250387.2,250387.2,250387.2,1879903.9,1865767.2,1251936
"546/352.3391mz/8.53min",8401034.4,14913989,14001724,14051035,2800344.8,2800344.8,2800344.8
"548/490.147mz/8.56min",1041527.94,347175.98,347175.98,347175.98,1749910.4,1735879.9,1750605.2
"549/243.8992mz/8.56min",12725218.8,4241739.6,4241739.6,4241739.6,22106704,22910926,21208698
"551/562.4251mz/8.6min",143259.63,238766.05,306745.84,392646.94,47753.21,47753.21,47753.21
"552/339.1997mz/8.6min",654145.26,218048.42,218048.42,218048.42,1817099,1972428.9,1090242.1
"554/134.865mz/8.6min",1062651.84,354217.28,354217.28,354217.28,1829567.4,1913386.2,1771086.4
"555/245.8947mz/8.6min",5056432.2,1685477.4,1685477.4,1685477.4,8845264,9098672,8427387
"556/132.8678mz/8.6min",1640953.68,546984.56,546984.56,546984.56,3245215.5,3205473,2734922.8
"557/213.9829mz/8.58min",598309.68,1994470.4,1185502.4,997182.8,199436.56,199436.56,199436.56
"558/337.2054mz/8.61min",219855.564,73285.188,73285.188,73285.188,366425.94,488699.12,895170.4
"559/698.9111mz/8.63min",638486.64,212828.88,212828.88,212828.88,1069075.4,1119045.2,1064144.4
"560/368.9785mz/8.63min",1729622.88,576540.96,576540.96,576540.96,3019911.5,2882704.8,3132559.8
"561/268.9843mz/8.63min",1508877,502959,502959,502959,2746090.5,2514795,2773802
"563/318.9813mz/8.64min",1547568.48,515856.16,515856.16,515856.16,2777715.2,2605640.8,2579280.8
"564/218.986mz/8.66min",1557449.88,519149.96,519149.96,519149.96,2595749.8,2697650,2910178
"566/366.3727mz/8.67min",403221.636,672036.06,682396.2,1274133.4,134407.212,134407.212,134407.212
"567/340.3571mz/8.68min",216094.668,360157.78,395351.1,360366.03,72031.556,72031.556,72031.556
"568/216.8803mz/8.69min",566683.764,188894.588,188894.588,188894.588,1793044.1,1868139.2,944472.94
"569/421.2841mz/8.69min",7900.6484,39503.242,7900.6484,544583.6,7900.6484,7900.6484,7900.6484
"570/135.9709mz/8.7min",815536.56,271845.52,271845.52,271845.52,1466126.9,1506014.6,1359227.6
"571/146.9658mz/8.7min",24568101.6,8189367.2,8189367.2,8189367.2,41616670,44552976,40946836
"572/546.4303mz/8.71min",1279278,2547870.2,3230274.2,2132130,426426,426426,426426
"574/201.9757mz/8.72min",630422.76,1050704.6,1094939.9,1111101.2,210140.92,210140.92,210140.92
"575/394.3223mz/8.75min",317058.12,528430.2,637982.5,550920.1,105686.04,105686.04,105686.04
"576/161.9135mz/8.77min",3408932.4,1136310.8,1136310.8,1136310.8,5886610.5,6061714.5,5681554
"580/197.8077mz/8.77min",64119.0984,21373.0328,21373.0328,21373.0328,486817.44,176820.25,106865.164
"582/377.3199mz/8.82min",2495012.1,4158353.5,4752001,4635601.5,831670.7,831670.7,831670.7
"584/378.3233mz/8.82min",406614.72,1273558.2,707867.56,677691.2,135538.24,135538.24,135538.24
"585/321.2102mz/8.83min",238668.6,79556.2,79556.2,79556.2,439424.8,397781,788375.56
"586/265.1477mz/8.85min",531581.85,177193.95,177193.95,177193.95,896346.1,885969.75,943608.5
"587/229.9008mz/8.86min",4874400.9,1624800.3,1624800.3,1624800.3,8500752,11061226,8124001.5
"589/217.9009mz/8.85min",615531.336,205177.112,205177.112,205177.112,2544642,3282927.5,1025885.56
"590/200.8587mz/8.87min",1848655.2,616218.4,616218.4,616218.4,3132237.5,3081092,3276424.8
"591/97.9313mz/8.91min",655720.8,218573.6,218573.6,218573.6,3383073.8,1095676.1,1092868
"593/222.8406mz/8.9min",498970.86,166323.62,166323.62,166323.62,1172528.9,831618.1,1349358
"594/312.836mz/8.9min",4187502.9,1395834.3,1395834.3,1395834.3,6979171.5,7119542,7337164
"595/328.8308mz/8.9min",1045418.64,348472.88,348472.88,348472.88,1742364.4,1816689.1,1798832.6
"596/325.184mz/8.9min",442436.7,147478.9,147478.9,147478.9,799912.5,737394.5,875782.94
"597/339.1996mz/8.9min",2114789.52,704929.84,704929.84,704929.84,3524649.2,3570613.5,4964142
"598/145.9235mz/8.9min",4971804.3,1657268.1,1657268.1,1657268.1,9195912,8286340.5,10486931
"600/144.9233mz/8.9min",50456040,16818680,16818680,16818680,90052660,108451180,84093400
"601/132.9234mz/8.91min",9363274.2,3121091.4,3121091.4,3121091.4,16827078,15605457,17530630
"602/160.9183mz/8.91min",1921229.88,640409.96,640409.96,640409.96,3444529.5,3202049.8,3813960.5
"604/427.2336mz/8.91min",356858.25,118952.75,118952.75,118952.75,594763.75,1669841.4,1401275.4
"605/311.1684mz/8.91min",202757.628,67585.876,67585.876,67585.876,337929.38,686298.7,567764.7
"606/99.9258mz/8.92min",37760544,12586848,12586848,12586848,72945840,73589240,62934240
"607/114.9341mz/8.92min",4372599,1457533,1457533,1457533,7531884.5,7287665,7624926
"610/142.9288mz/8.93min",2284120.2,761373.4,761373.4,761373.4,4009751,4122713.2,3806867
"611/199.9291mz/8.93min",1159070.7,386356.9,386356.9,386356.9,1931784.5,1986266.5,2073812.5
"612/183.9342mz/8.94min",21265506,7088502,7088502,7088502,35442510,37069556,36705010
"613/139.9444mz/8.94min",4066101.3,1355367.1,1355367.1,1355367.1,7102813.5,6783019.5,6776835.5
"615/150.8894mz/8.94min",1596039.72,532013.24,532013.24,532013.24,2660066.2,2745503.5,2885859.8
"616/132.9001mz/8.94min",1587612.12,529204.04,529204.04,529204.04,3287545.5,3304059.2,2646020.2
"617/134.8946mz/8.94min",32024574,10674858,10674858,10674858,75244650,65171456,53374290
"619/118.9267mz/8.95min",2038925.88,679641.96,679641.96,679641.96,3959891.8,4054383,3398209.8
"621/146.9658mz/8.95min",4115810.1,1371936.7,1371936.7,1371936.7,8148946,7302789.5,6859683.5
"622/113.9262mz/8.96min",12349604.4,4116534.8,4116534.8,4116534.8,20582674,24964870,21484484
"623/439.2518mz/8.96min",778630.5,259543.5,259543.5,259543.5,1659028.1,1297717.5,1353119.5
"624/132.8678mz/8.96min",996445.14,332148.38,332148.38,332148.38,1660741.9,1774129.8,2829826
"625/135.9708mz/8.96min",500937.564,166979.188,166979.188,166979.188,834895.94,842030.94,917888.7
"626/378.3234mz/8.96min",588224.4,980374,1422119.9,1361969.6,196074.8,196074.8,196074.8
"627/168.9862mz/8.96min",262823.436,87607.812,87607.812,87607.812,719565.1,438039.06,455551.78
"628/377.3201mz/8.96min",2529047.7,4215079.5,4631715,4508707,843015.9,843015.9,843015.9
"631/119.9468mz/8.96min",3413160.6,1137720.2,1137720.2,1137720.2,5983925.5,6480365,5688601
"632/101.9808mz/8.96min",2693837.4,897945.8,897945.8,897945.8,4782231,4740610.5,4489729
"633/124.9967mz/8.96min",1294455.48,431485.16,431485.16,431485.16,2232665,2264805.8,2157425.8
"636/523.3456mz/8.96min",141251.46,47083.82,47083.82,47083.82,389625.34,235419.1,391771.1
"637/115.9207mz/8.96min",261944718,87314906,87314906,87314906,448076900,495149980,436574530
"639/129.9756mz/8.96min",2278337.88,759445.96,759445.96,759445.96,4075635,4041054.2,3797229.8
"640/827.7096mz/8.96min",566370.4,566370.4,2831852,3174166.8,566370.4,566370.4,566370.4
"643/879.7404mz/8.96min",338815.5,338815.5,1694077.5,2082753.4,338815.5,338815.5,338815.5
"644/383.1893mz/8.97min",477203.736,159067.912,159067.912,159067.912,934786.2,795339.56,905003.56
"646/495.257mz/8.97min",1403593.32,467864.44,467864.44,467864.44,2874733.8,2339322.2,2650605
"647/379.3358mz/8.97min",4316204.7,7193674.5,7445887,7377834,1438734.9,1438734.9,1438734.9
"648/380.339mz/8.97min",1256885.64,2094809.4,2213999.2,2171573.5,418961.88,418961.88,418961.88
"649/395.3306mz/8.97min",441893.94,736489.9,797982.8,856263.4,147297.98,147297.98,147297.98
"650/102.9568mz/8.97min",375103.08,125034.36,125034.36,125034.36,625171.8,666574.44,672916.25
"652/355.158mz/8.97min",615337.836,205112.612,205112.612,205112.612,1214011.6,1025563.06,1123656.1
"653/381.1736mz/8.97min",173726.328,57908.776,57908.776,57908.776,372580.3,289543.88,309044.72
"654/851.7098mz/8.97min",21505584,47442770,35842640,43310576,7168528,7168528,7168528
"655/134.865mz/8.97min",626485.38,208828.46,208828.46,208828.46,1344433,1044142.3,1262164.6
"656/481.2921mz/8.97min",1934748.3,3224580.5,3402445.5,3630187.8,644916.1,644916.1,644916.1
"659/823.6788mz/8.98min",11906016,19843360,38034332,34571148,3968672,3968672,3968672
"661/328.8308mz/9.05min",380519.04,126839.68,126839.68,126839.68,1146506.9,767569.44,634198.4
"662/222.8406mz/9.05min",264129.636,88043.212,88043.212,88043.212,870992.94,440216.06,567316.75
"664/200.8587mz/9.06min",439054.98,146351.66,146351.66,146351.66,731758.3,1338694,1240719.2
"665/312.836mz/9.06min",2445898.68,815299.56,815299.56,815299.56,4076497.8,5310032.5,5265530.5
"666/352.3391mz/9.09min",1240602.3,2237733.2,2067670.5,2068960.6,413534.1,413534.1,413534.1
"667/427.2336mz/9.1min",426775.02,142258.34,142258.34,142258.34,711291.7,791074.7,797256.06
"670/693.4406mz/9.16min",518954.4,172984.8,172984.8,172984.8,945630.75,864924,931039.44
"671/463.3312mz/9.19min",7160.9862,69743.04,11934.977,844327.6,2386.9954,2386.9954,2386.9954
"672/411.3841mz/9.35min",271498.65,90499.55,90499.55,90499.55,522223.78,452497.75,528571.44
"675/587.4644mz/9.62min",490841.52,1608323.6,1162991.4,818069.2,163613.84,163613.84,163613.84
"676/613.4225mz/9.62min",3886338.6,8090862,6477231,7746319,1295446.2,1295446.2,1295446.2
"677/879.7408mz/9.63min",3105124.8,3105124.8,15525624,16684394,3105124.8,3105124.8,3105124.8
"678/451.2451mz/9.64min",191947.764,319912.94,399314.78,530607.25,63982.588,63982.588,63982.588
"679/383.1825mz/9.64min",202748.4,337914,409138.06,545625.9,67582.8,67582.8,67582.8
"680/537.3945mz/9.79min",208289.436,400313.9,347149.06,513985.62,69429.812,69429.812,69429.812
"682/452.9226mz/9.92min",156419.628,52139.876,52139.876,52139.876,260699.38,424075.12,292836.34
"683/226.9514mz/9.94min",805836.9,1343061.5,2297287.8,2240422,268612.3,268612.3,268612.3
"686/495.3145mz/10.01min",743475.48,247825.16,247825.16,247825.16,1250534.6,1239125.8,1397297.2
"687/496.3172mz/10.01min",271887.336,90629.112,90629.112,90629.112,453145.56,456056.47,505498.2
"688/101.9808mz/10.02min",377197.56,125732.52,125732.52,125732.52,656924.3,628662.6,630868.56
"689/853.7229mz/10.02min",30403.4604,50672.434,29267010,31912024,10134.4868,10134.4868,10134.4868
"690/771.6468mz/10.03min",1091044.2,3348006.2,1932172.8,1818407,363681.4,363681.4,363681.4
"692/743.6156mz/10.04min",648579.48,1837562.8,1158102,1080965.8,216193.16,216193.16,216193.16
"693/736.5418mz/10.09min",267297.9,445496.5,484503.8,489708.22,89099.3,89099.3,89099.3
"694/663.4535mz/10.09min",931676.94,1568897.5,1552794.9,1554554.9,310558.98,310558.98,310558.98
"695/685.4354mz/10.09min",8321128.8,15361326,14116750,13868548,2773709.6,2773709.6,2773709.6
"696/708.5108mz/10.09min",458490,764150,797242.3,780993.2,152830,152830,152830
"697/726.4616mz/10.09min",875298.84,1458831.4,1490331.4,1479277.5,291766.28,291766.28,291766.28
"699/136.863mz/10.17min",118598.388,39532.796,39532.796,39532.796,197663.98,210737.05,300382.88
"700/218.9859mz/10.16min",205225.536,68408.512,68408.512,68408.512,342042.56,499362.16,520304.34
"701/132.8677mz/10.17min",450802.38,150267.46,150267.46,150267.46,1089204,751337.3,765567.25
"702/134.8651mz/10.17min",296208.3,98736.1,98736.1,98736.1,494318.62,493680.5,543803.8
"703/146.9803mz/10.17min",1937860.68,9715590,3439236,3229767.8,645953.56,645953.56,645953.56
"704/144.9822mz/10.18min",4504584,21425664,7507640,15264123,1501528,1501528,1501528
"705/80.9479mz/10.18min",489587.22,930464.2,849612.6,815978.7,163195.74,163195.74,163195.74
"706/102.9568mz/10.19min",842788.2,280929.4,280929.4,280929.4,1450196,1424935.2,1404647
"707/589.4798mz/10.2min",1294730.4,3322679.2,3077128.5,2157884,431576.8,431576.8,431576.8
"708/306.9188mz/10.2min",568970.25,189656.75,189656.75,189656.75,948283.75,956083.9,956738.94
"709/216.9227mz/10.2min",1047700.08,3525483.2,2452230.2,1746166.8,349233.36,349233.36,349233.36
"710/112.9856mz/10.21min",9587526.6,3195842.2,3195842.2,3195842.2,16344609,16416925,15979211
"712/615.4952mz/10.21min",508288.65,847147.75,914513.8,969591.4,169429.55,169429.55,169429.55
"713/738.5038mz/10.22min",594138.15,1247813.9,990230.25,1094689.1,198046.05,198046.05,198046.05
"715/690.506mz/10.23min",213245.472,366437.78,355409.12,380627.47,71081.824,71081.824,71081.824
"717/158.9641mz/10.23min",1121812.26,2624077.2,1906315.6,1869687.1,373937.42,373937.42,373937.42
"718/384.9351mz/10.23min",981988.26,327329.42,327329.42,327329.42,1636647.1,1674181.5,1700862.5
"719/588.8974mz/10.23min",352604.136,117534.712,117534.712,117534.712,587673.56,589687.2,600509.8
"720/226.9514mz/10.23min",2230821.3,7775669,3827481.2,3718035.5,743607.1,743607.1,743607.1
"721/362.9259mz/10.23min",290522.16,506429,499602.03,484203.6,96840.72,96840.72,96840.72
"722/430.9133mz/10.23min",264896.58,441608.06,446381.62,441494.3,88298.86,88298.86,88298.86
"723/316.9475mz/10.23min",1696021.5,565340.5,565340.5,565340.5,2826702.5,2839120.2,2922209.5
"724/452.9225mz/10.23min",759373.8,253124.6,253124.6,253124.6,1265623,1299473.5,1313716.2
"725/520.9098mz/10.23min",516648.36,172216.12,172216.12,172216.12,861080.6,898878.2,922914.5
"726/180.9729mz/10.24min",1086283.56,362094.52,362094.52,362094.52,1822196.6,1810472.6,1854129.1
"727/248.9603mz/10.24min",1886837.7,628945.9,628945.9,628945.9,3144729.5,3188032.8,3224223
"728/140.0682mz/10.25min",336234.9,659295.6,560391.5,596098.6,112078.3,112078.3,112078.3
"729/716.5229mz/10.26min",842515.95,2931099.2,2491337.8,1060819.6,609026.3,607074.8,624212.3
"730/686.4768mz/10.28min",256623.996,85541.332,85541.332,85541.332,427706.66,428066.38,652779.75
"732/223.9882mz/10.31min",2471338.8,4378309,4126823.8,4118898,823779.6,823779.6,823779.6
"733/385.7238mz/10.32min",854182.14,1612527,1423636.9,1569184.5,284727.38,284727.38,284727.38
"734/213.9827mz/10.32min",1272831.12,2954334.5,3004029.2,2121385.2,424277.04,424277.04,424277.04
"735/205.0171mz/10.32min",3605944.8,6009908,6269994.5,6322871.5,1201981.6,1201981.6,1201981.6
"736/172.9563mz/10.33min",4552175.7,7769538,7586959.5,7882801,1517391.9,1517391.9,1517391.9
"737/174.9533mz/10.33min",713619.6,1219012,1189366,1864198,237873.2,237873.2,237873.2
"738/182.9851mz/10.33min",11397350.4,18995584,19318986,19853678,3799116.8,3799116.8,3799116.8
"739/163.9905mz/10.33min",1390914.6,3112184.2,3114640.2,2318191,463638.2,463638.2,463638.2
"740/169.9772mz/10.33min",1254570.84,2090951.4,2523196,2717459.5,418190.28,418190.28,418190.28
"741/98.512mz/10.33min",13531178.4,22551964,23580524,22928398,4510392.8,4510392.8,4510392.8
"742/110.0201mz/10.33min",53581452,89302420,90465080,91335480,17860484,17860484,17860484
"743/138.9953mz/10.33min",2525996.4,4209994,4422416.5,4454389.5,841998.8,841998.8,841998.8
"745/97.5144mz/10.33min",766861.74,1388868,1307722.9,1278102.9,255620.58,255620.58,255620.58
"746/89.5067mz/10.33min",6860300.4,11433834,11440640,12806039,2286766.8,2286766.8,2286766.8
"747/113.9636mz/10.33min",4234510.2,8225338.5,7057517,7176085,1411503.4,1411503.4,1411503.4
"748/118.924mz/10.34min",283619.868,94539.956,94539.956,94539.956,472699.78,474839.34,485096.3
"749/110.5217mz/10.34min",3700912.2,6615303,6168187,7821718.5,1233637.4,1233637.4,1233637.4
"750/154.9902mz/10.34min",16424347.2,27373912,30634700,29119792,5474782.4,5474782.4,5474782.4
"751/196.0167mz/10.34min",923124.9,1588109.5,1538541.5,1608647.9,307708.3,307708.3,307708.3
"752/109.0224mz/10.34min",3386802.6,5669208,7381046.5,5644671,1128934.2,1128934.2,1128934.2
"753/141.9585mz/10.33min",1015287.96,1692146.6,2114861,1749764.6,338429.32,338429.32,338429.32
"754/152.9949mz/10.34min",922105.86,1670331,1759399,1536843.1,307368.62,307368.62,307368.62
"755/192.9287mz/10.34min",617600.04,205866.68,205866.68,205866.68,1029333.4,1032212.75,1031585.5
"757/207.0174mz/10.36min",3432848.7,5736909.5,5852630,5721414.5,1144282.9,1144282.9,1144282.9
"758/209.0129mz/10.36min",1301153.28,2168588.8,2227056.2,2182367.2,433717.76,433717.76,433717.76
"759/139.9879mz/10.37min",16128193.2,26880322,27495566,27274766,5376064.4,5376064.4,5376064.4
"760/141.9833mz/10.37min",6217428,10362380,10441034,10472705,2072476,2072476,2072476
"762/143.9809mz/10.37min",816807.48,1370528,1370583.1,1361345.8,272269.16,272269.16,272269.16
"764/186.9809mz/10.37min",1884964.92,3141608.2,3197577,3281207.2,628321.64,628321.64,628321.64
"765/183.0098mz/10.37min",1121485.74,1869142.9,1992402,1988661.4,373828.58,373828.58,373828.58
"766/184.9855mz/10.37min",4925258.4,8216978.5,8208764,8527034,1641752.8,1641752.8,1641752.8
"767/181.0144mz/10.37min",2995170.9,4991951.5,5250397,5315389,998390.3,998390.3,998390.3
"769/114.0165mz/10.37min",625890.36,1043150.6,1105818,1113333.8,208630.12,208630.12,208630.12
"771/111.5189mz/10.37min",1154906.46,1924844.1,2008572.1,2014142.6,384968.82,384968.82,384968.82
"772/111.5218mz/10.37min",4014913.5,6691522.5,6787262.5,6880642.5,1338304.5,1338304.5,1338304.5
"773/131.5335mz/10.37min",4045864.5,6743107.5,6902001,7144073.5,1348621.5,1348621.5,1348621.5
"774/90.5067mz/10.37min",2782813.2,4638022,4709399.5,4725757.5,927604.4,927604.4,927604.4
"777/91.5044mz/10.38min",1058002.5,1763337.5,1792999.4,1804893,352667.5,352667.5,352667.5
"778/111.0202mz/10.38min",47493066,79155110,79394250,80734264,15831022,15831022,15831022
"779/112.0178mz/10.38min",18570357.6,30950596,31093494,31442178,6190119.2,6190119.2,6190119.2
"780/112.5195mz/10.38min",1299831.12,2166385.2,2206800.8,2212751,433277.04,433277.04,433277.04
"781/113.0166mz/10.38min",2608935,4360230.5,4348225,4455318.5,869645,869645,869645
"783/215.9837mz/10.38min",894588.24,1490980.4,1538013.6,1537714.2,298196.08,298196.08,298196.08
"785/156.9906mz/10.38min",4678608.6,7797681,7892164,7868386.5,1559536.2,1559536.2,1559536.2
"787/158.986mz/10.38min",1825736.28,3042893.8,3095836.5,3145120.2,608578.76,608578.76,608578.76
"788/115.964mz/10.38min",1200682.5,2156360.2,2001137.5,2425267.5,400227.5,400227.5,400227.5
"789/126.8809mz/10.4min",574504.08,191501.36,191501.36,191501.36,957506.8,978511.1,981125
"790/165.9829mz/10.4min",1672065.6,2994280.8,2999492.8,2786776,557355.2,557355.2,557355.2
"791/109.5217mz/10.41min",2964640.8,4941068,5096003,5259094.5,988213.6,988213.6,988213.6
"792/130.5216mz/10.41min",1353320.28,2379528.2,2255533.8,2290723.8,451106.76,451106.76,451106.76
"793/190.9284mz/10.42min",446937.48,148979.16,148979.16,148979.16,744895.8,889236.1,1019148.56
"794/174.9564mz/10.42min",8019082.4,2511086.8,2453941.5,2466169.5,15346891,13527078,15051111
"795/123.9019mz/10.42min",1284918.48,428306.16,428306.16,428306.16,2393898.8,2236528.2,2141530.8
"796/132.8678mz/10.42min",3376171.8,1125390.6,1125390.6,1125390.6,5626953,5769571,5750220
"797/136.8628mz/10.42min",1051087.86,350362.62,350362.62,350362.62,1751813.1,1807982.5,1834727.9
"798/134.8654mz/10.43min",3435235.8,1145078.6,1145078.6,1145078.6,5725393,5879536.5,5918948.5
"799/94.0451mz/10.45min",2839281.3,4939875,4974401,4732135.5,946427.1,946427.1,946427.1
"801/242.9433mz/10.47min",1302066.9,434022.3,434022.3,434022.3,2238399,2170111.5,2192604.5
"802/160.842mz/10.48min",2049366.6,683122.2,683122.2,683122.2,3460049.8,3486700.5,3415611
"803/162.839mz/10.48min",1908571.68,636190.56,636190.56,636190.56,3227168.2,3246165,3180952.8
"804/164.8359mz/10.48min",564882.864,188294.288,188294.288,188294.288,952907.5,947887,941471.44
"805/102.0339mz/10.48min",83123730,138539550,140281650,145151520,27707910,27707910,27707910
"806/102.5354mz/10.49min",7188016.2,11980027,12205041,12592613,2396005.4,2396005.4,2396005.4
"808/164.9271mz/10.49min",731886.96,243962.32,243962.32,243962.32,1292214,1219811.6,1245790.5
"809/195.8108mz/10.49min",230416.92,76805.64,76805.64,76805.64,415513.66,384028.2,392036.9
"810/197.8078mz/10.49min",295516.518,98505.506,98505.506,98505.506,528951.94,507616.28,492527.53
"811/199.8049mz/10.49min",131074.062,43691.354,43691.354,43691.354,233517.11,222757.5,218456.77
"812/205.8396mz/10.49min",865488.72,288496.24,288496.24,288496.24,1486050.8,1442481.2,1445555.1
"813/207.8366mz/10.49min",818850.24,272950.08,272950.08,272950.08,1395742.9,1365806.8,1364750.4
"814/208.0393mz/10.49min",1668873,2781455,2890163,2846321,556291,556291,556291
"816/104.0302mz/10.49min",1921507.8,3202513,3615046,3703096.5,640502.6,640502.6,640502.6
"817/81.5205mz/10.49min",16364929.2,29259034,27274882,27966768,5454976.4,5454976.4,5454976.4
"818/168.0161mz/10.49min",1382201.7,2303669.5,2426957.2,2340229.5,460733.9,460733.9,460733.9
"819/125.9862mz/10.5min",13026379.2,23375738,21710632,22511954,4342126.4,4342126.4,4342126.4
"820/154.0049mz/10.5min",1466596.92,2444328.2,2515498.2,2517970.5,488865.64,488865.64,488865.64
"821/167.0128mz/10.5min",26150286,43583810,45706830,44698970,8716762,8716762,8716762
"822/90.5259mz/10.51min",22561434,41356480,40922364,37602390,7520478,7520478,7520478
"823/139.0179mz/10.52min",6058755,10097925,10482867,10117550,2019585,2019585,2019585
"824/201.9756mz/10.52min",536922,894870,910274.3,944537.5,178974,178974,178974
"825/97.9914mz/10.53min",5408301,9013835,9588389,9387882,1802767,1802767,1802767
"827/111.039mz/10.53min",6369427.8,10615713,12155978,11574239,2123142.6,2123142.6,2123142.6
"828/225.0294mz/10.55min",1248337.8,2080563,2297900,2227100.2,416112.6,416112.6,416112.6
"829/191.9462mz/10.55min",1394214.48,464738.16,464738.16,464738.16,2462727.5,2834835,2323690.8
"830/184.0029mz/10.56min",3938935.2,6884058.5,6825015,6564892,1312978.4,1312978.4,1312978.4
"832/169.9773mz/10.81min",697329.24,1639406.1,4723972,1162215.4,232443.08,232443.08,232443.08
"833/147.0309mz/10.85min",3337195.8,5561993,5764449,5763578.5,1112398.6,1112398.6,1112398.6
"834/145.0353mz/10.94min",5527028.4,9211714,9413920,9322635,1842342.8,1842342.8,1842342.8
"835/171.9929mz/10.99min",3200646.6,5334411,5685771,5775479,1066882.2,1066882.2,1066882.2
"836/96.96mz/11.13min",339615.24,113205.08,113205.08,113205.08,566025.4,1316940.6,1322989.6
