Filename,2024_NEG_Y-EV_1_CTRL_Run89.mzML,2024_NEG_Y-EV_2_CTRL_Run118.mzML,2024_NEG_Y-EV_3_CTRL_Run139.mzML,2024_NEG_Y-p10_1_Run104.mzML,2024_NEG_Y-p10_2_Run130.mzML,2024_NEG_Y-p10_3_Run145.mzML
Class,CTRL,CTRL,CTRL,EXP,EXP,EXP
132/175.0611mz/2.03min,33782.637,47234.715,59266.492,11619.33,0.0,0.0
134/156.0666mz/2.06min,1941036.9,2403060.0,2666349.5,565749.3,250227.64,287153.5
135/378.1338mz/2.1min,1795059.2,1754215.5,2076771.2,939960.9,250825.8,426132.3
136/328.9796mz/2.11min,1287814.6,1309428.2,1167734.8,1500483.8,1219356.5,1306137.5
138/117.0558mz/2.12min,2737682.0,3140698.2,5628634.0,2507972.2,3574398.0,2048397.6
139/288.0725mz/2.16min,422992.06,359066.75,1185276.6,584753.7,789507.3,484943.16
140/218.1033mz/2.18min,110960.44,124719.82,185921.55,450248.66,644040.44,288988.47
141/382.1002mz/2.22min,398466.06,451457.47,446013.1,678359.94,706918.94,319823.0
142/322.0603mz/2.29min,700599.56,390128.78,1830993.4,1302629.8,64588.395,489319.2
143/229.1557mz/2.31min,0.0,0.0,0.0,0.0,1205156.8,125785.57
144/290.0882mz/2.33min,2449404.8,2665860.8,6628149.5,3247564.5,3911776.2,2896271.2
145/272.0776mz/2.32min,101462.875,107388.11,341064.5,136815.14,183868.1,116251.234
146/223.0724mz/2.37min,315993.7,362429.84,352128.34,138768.97,0.0,155477.22
147/190.0547mz/2.41min,214606.98,147239.72,1032941.6,402188.62,228417.86,260568.53
148/175.0611mz/2.43min,150813.27,202875.27,370098.16,148289.78,193051.94,131625.56
149/129.0557mz/2.44min,821257.75,1109955.6,7938902.5,1757962.0,1368336.4,2223998.5
150/342.0874mz/2.44min,11200.791,14088.302,18971.152,61364.38,423850.34,12592.242
152/237.0881mz/2.52min,961308.0,972926.0,1005261.06,609584.6,31424.39,710735.44
153/229.1557mz/2.52min,0.0,0.0,0.0,0.0,92163.94,0.0
154/175.0612mz/2.52min,3410724.2,4025306.2,7878366.5,2563229.8,2934443.2,3246028.5
155/176.0645mz/2.52min,236457.88,277225.12,564928.94,181180.72,196377.5,227728.17
156/292.0463mz/2.54min,81182.52,86465.484,194920.5,88640.29,0.0,65923.984
157/407.1206mz/2.6min,1015384.1,1109963.1,1189438.8,819826.0,224387.78,805715.3
158/373.0055mz/2.7min,1937484.5,1870944.9,1873511.6,1876484.1,1900406.5,1885443.9
159/178.0509mz/2.71min,1336737.8,1310032.2,1272146.6,773825.9,9280.092,723803.94
160/298.0933mz/2.71min,2152100.8,2145004.0,2047585.8,1272178.0,39558.23,1160115.4
161/370.9898mz/2.78min,612054.4,340991.5,323894.2,365366.2,775774.2,425995.9
162/272.0776mz/2.74min,135736.58,148433.56,356803.3,172498.2,203774.94,149074.36
163/304.1038mz/2.76min,4091128.2,4297834.0,10568270.0,5138907.0,6075137.0,4344250.0
164/224.0928mz/2.77min,126442.28,176541.03,496896.03,216011.84,272545.12,175488.89
165/286.0932mz/2.77min,244878.42,277315.25,710545.56,354152.1,408901.28,256952.62
167/113.0609mz/2.8min,313835.66,351036.4,720924.5,172501.39,134219.78,279342.22
168/157.0506mz/2.8min,2776096.2,3133822.5,6316448.0,1562928.1,1206608.8,2482034.5
169/265.0176mz/2.83min,1650498.6,1697598.5,1611131.0,1692830.5,1725437.9,1657486.9
170/136.0404mz/2.83min,5554352.5,6091058.5,9360481.0,3943217.8,963261.25,3652392.8
171/178.0509mz/2.87min,70176.69,78352.37,93282.74,43216.176,0.0,84445.71
172/298.0933mz/2.87min,104070.305,134513.0,156303.84,78065.09,0.0,115821.18
173/180.0577mz/2.87min,194758.06,212220.14,311428.88,152792.83,32202.541,144517.77
175/131.0714mz/2.92min,4909828.0,5368762.5,8910363.0,4855076.5,5321027.0,3505393.2
177/389.1564mz/2.95min,591402.8,636973.7,1668351.4,765525.8,916262.5,649374.2
178/320.0776mz/2.98min,123456.59,128056.48,385347.88,164738.84,212037.8,148801.9
179/338.0883mz/2.98min,1273225.5,1359826.1,3427858.2,1710299.6,2035856.5,1425599.4
180/258.0772mz/2.98min,28898.996,38957.68,114398.67,47960.254,60936.633,32092.615
182/292.0463mz/3.0min,191136.42,216288.08,504699.72,221025.52,48621.656,194181.4
183/310.0569mz/3.0min,1837153.6,1906308.9,4493857.5,2097307.5,531490.6,1722318.9
184/229.1557mz/3.07min,335455.78,339752.78,821279.56,415219.2,474245.6,363381.1
185/172.0979mz/3.08min,298350.94,311800.25,640666.4,303441.56,277263.38,262601.3
186/165.0557mz/3.13min,1644299.8,1732001.9,2991095.5,1787820.9,2371256.5,1415576.8
187/189.0768mz/3.13min,532595.44,571095.8,1085541.8,236018.48,106298.586,397378.28
188/397.0055mz/3.13min,288246.78,298091.1,278670.6,294180.28,281258.25,290487.4
189/85.0659mz/3.13min,200423.47,234140.6,428468.75,87265.414,31060.836,177905.7
190/113.0608mz/3.13min,37502.145,41764.9,91464.484,5064.709,0.0,30893.566
191/164.0353mz/3.14min,1542885.9,1743191.1,3461248.5,1242292.2,701353.3,1311755.0
192/265.0176mz/3.17min,3220640.2,2998618.2,2735092.0,3132528.2,2879692.2,3178656.2
193/224.0928mz/3.24min,445819.62,411615.53,1179200.9,585384.7,698720.0,504736.72
194/286.0933mz/3.24min,676439.1,699600.5,1756810.0,885327.1,1039946.1,754643.25
195/403.172mz/3.27min,2711957.8,2815448.2,6745427.0,3385651.5,4346399.0,2796721.0
196/421.0056mz/3.3min,83364.69,70822.27,69917.45,87505.83,66002.43,81810.12
197/238.0721mz/3.34min,182107.0,196388.78,393158.6,123061.586,5009.09,160389.67
198/178.0509mz/3.36min,239134.67,320237.62,426447.7,217187.05,67039.21,162690.0
199/421.0056mz/3.4min,3074538.5,2818251.0,2790453.5,3191890.0,2919788.0,2999672.2
200/144.0455mz/3.39min,206891.5,207629.9,350988.0,204465.77,309918.56,171581.28
201/258.0771mz/3.4min,162731.03,163000.75,414691.03,216630.16,250892.92,182929.12
202/320.0777mz/3.4min,518614.5,525066.94,1321670.0,676668.94,806539.0,593697.06
203/292.0463mz/3.43min,45453.562,48407.527,124667.19,53113.11,0.0,43383.414
204/249.0227mz/3.48min,6407318.5,6707730.0,6543680.0,6275355.5,6511112.5,5746292.0
205/279.9958mz/3.52min,19185850.0,18329880.0,18195384.0,20258908.0,18590196.0,19953754.0
207/582.981mz/3.52min,692068.7,695000.56,639792.8,674470.44,681436.56,698389.8
208/560.9991mz/3.52min,3583817.2,3651039.8,3427484.0,3885702.0,3786017.0,3498216.2
209/403.172mz/3.54min,6695.3677,23232.672,137740.3,33174.445,72577.1,23352.049
210/417.1877mz/3.55min,649944.56,610076.2,1654156.2,809776.94,1068771.6,679395.0
211/405.0107mz/3.6min,18992736.0,19084708.0,16496108.0,18421976.0,18342016.0,18559228.0
212/407.0044mz/3.6min,1281045.5,1295570.2,1165651.9,1197433.1,1252177.4,1208046.9
213/811.0292mz/3.6min,319416.56,336302.72,282409.06,337374.6,318953.3,313141.38
214/406.0138mz/3.6min,3849010.0,3454241.5,3167832.8,3355958.8,3364453.0,3408981.8
216/421.0056mz/3.84min,470162.9,432973.6,526468.06,428232.12,498636.7,604044.4
217/309.1014mz/3.99min,401630.47,425955.4,425567.22,417834.7,412855.88,405122.53
218/271.9983mz/4.12min,165465.16,147111.36,158568.39,150819.84,159204.98,147193.95
219/419.0263mz/4.15min,300497.2,280903.5,293252.8,305788.34,300908.47,288185.47
220/603.01mz/4.15min,318339.25,303079.34,306254.62,324902.88,325206.34,329804.2
222/497.0371mz/4.41min,886725.5,852719.5,830051.6,855342.3,852333.1,843603.06
223/242.1762mz/4.42min,483586.22,444830.47,497085.88,491241.16,458520.2,470149.38
226/793.0186mz/4.43min,865492.7,947821.25,1099741.0,965423.25,937432.7,1021827.25
228/422.9768mz/4.52min,769498.75,752181.2,732330.94,760640.25,709861.8,729775.44
230/653.0255mz/4.54min,738599.8,787854.06,881052.6,785425.06,772209.44,804840.2
231/341.0486mz/4.56min,713415.0,724789.75,691402.25,740461.9,753151.25,705397.6
233/404.0444mz/4.56min,441468.97,450982.16,397570.47,468300.03,486186.44,447017.78
234/497.0371mz/4.67min,1529486.2,1528771.4,1537139.2,1554100.8,1462336.2,1553483.4
236/637.0305mz/4.74min,5148720.0,5728408.5,6099299.0,5943453.0,5198232.5,5370636.0
238/227.9666mz/4.74min,6044906.0,6444993.5,6507448.5,6530966.0,6221298.0,6227475.5
239/229.9645mz/4.74min,5962377.5,6257572.0,6281956.0,6414641.5,6100762.5,6156292.5
240/230.9678mz/4.74min,453998.22,476826.62,507543.5,507166.9,481247.88,501827.03
241/228.9699mz/4.74min,490618.6,506263.34,503694.16,507956.62,501137.47,507370.78
243/268.9857mz/4.76min,410500.8,464914.88,482757.22,499797.2,477244.66,478877.84
244/266.9888mz/4.76min,1341550.4,1477297.2,1509454.0,1558331.0,1426116.8,1488660.9
245/909.0177mz/4.92min,177093.1,647804.7,295000.0,458603.0,381777.0,320046.56
246/426.9678mz/4.92min,8612498.0,12882144.0,9713083.0,8206915.0,8863263.0,8157663.5
247/481.0421mz/4.92min,4716066.0,4431022.5,5408636.0,4784339.0,4557226.0,4442705.0
248/544.0379mz/4.92min,1927776.9,1844131.1,2129204.2,1863330.4,1758249.6,1763171.2
250/214.8799mz/4.91min,0.0,0.0,5011.2827,0.0,0.0,293878.3
251/241.8989mz/4.95min,59726.113,82980.7,61961.027,150606.97,77342.5,461890.78
253/653.0254mz/4.99min,71990.29,73287.63,87954.414,77881.38,83070.27,82744.016
254/242.1761mz/5.13min,72657.17,67048.016,180981.14,20075.363,6065.409,46951.4
255/241.8989mz/5.43min,202874.22,1288056.5,15654.265,130412.45,611985.5,83803.0
256/362.2909mz/5.45min,159824.86,142169.53,150321.39,184083.84,524622.0,89716.984
258/214.88mz/5.49min,1034369.3,153247.12,5249.3657,906536.7,855700.25,0.0
259/241.8989mz/5.49min,1765625.1,719349.6,25456.807,1451744.5,926238.3,17529.068
260/187.861mz/5.51min,258517.75,12625.705,0.0,224907.47,240736.22,0.0
261/569.2734mz/5.69min,318845.44,599113.3,436429.12,339140.2,324060.16,307264.12
262/494.2524mz/5.7min,156322.77,144326.42,96169.38,83706.336,116089.92,73957.164
264/450.2625mz/5.74min,1683228.9,1443856.4,1159980.8,1025432.94,1525477.2,976665.0
265/538.3152mz/5.79min,2747602.5,2403146.8,1591195.5,1293688.1,1349518.4,1258225.8
266/555.3053mz/5.79min,548359.25,456981.25,299621.47,250641.89,262121.9,247925.0
267/569.2734mz/5.81min,640074.7,423179.66,282660.5,282969.6,614154.75,290257.12
268/494.2524mz/5.83min,237967.02,255135.53,179662.44,262768.1,439472.06,229998.88
269/562.0039mz/5.83min,68394.65,57438.547,51688.758,48672.13,39924.547,59099.52
270/450.2625mz/5.85min,1762260.1,1478695.0,1120471.4,1295999.4,3265785.8,1422654.1
271/265.1479mz/5.87min,0.0,198893.11,322987.28,338303.3,753190.06,379377.66
272/538.3152mz/5.89min,2262575.5,1940860.0,1254277.1,1209782.5,1859955.1,1280456.5
273/214.8799mz/5.84min,12858.122,0.0,848842.7,10257.707,0.0,0.0
274/241.8989mz/5.87min,207070.92,26724.01,991451.3,164720.34,42991.457,48565.074
275/555.3053mz/5.88min,429407.53,356028.28,177070.75,228057.84,334105.2,237034.03
276/569.2733mz/5.86min,408909.06,390778.53,4567.683,216111.16,89072.58,287527.34
278/265.1479mz/5.91min,327532.84,198893.11,0.0,343322.78,633752.8,369262.88
279/132.8679mz/5.92min,178595.38,105897.945,638650.56,170422.39,165619.94,174595.78
280/720.1238mz/6.08min,127696.22,159711.03,166335.4,114473.74,120936.234,110728.32
281/452.2781mz/6.12min,90030.08,73919.84,49219.535,49588.594,90580.49,45969.742
282/571.2889mz/6.15min,12149.491,114593.5,78958.53,63162.824,63581.445,43298.926
284/656.1114mz/6.14min,537645.1,337164.56,606303.2,480550.9,364941.25,464415.66
285/540.3309mz/6.18min,302719.3,239334.4,136489.69,128894.195,105700.66,72473.14
286/557.3209mz/6.18min,43890.645,44186.14,11460.731,11280.348,11356.861,0.0
287/784.1362mz/6.22min,130373.875,115571.49,131785.25,86760.45,78268.1,75630.86
288/452.2782mz/6.24min,1604940.4,1446845.4,1132612.8,1257319.5,1843832.8,1073985.0
289/271.2279mz/6.26min,145200.8,139739.34,264470.62,225891.02,313910.0,135866.25
290/496.2681mz/6.26min,1316831.6,1195454.2,756255.0,744543.2,1657088.4,616869.8
291/311.1687mz/6.32min,175582.45,860628.3,1187996.6,980092.6,983211.5,916318.3
292/720.1238mz/6.28min,572064.0,574251.0,566434.44,426963.5,406906.62,431553.56
293/571.2891mz/6.29min,97504.51,3461764.5,2388800.5,2414046.0,2748404.5,2146413.2
294/540.3309mz/6.3min,2327327.8,1925540.4,1438008.6,1593512.2,2063819.6,1158572.1
295/265.1809mz/6.3min,779828.25,804351.8,995149.8,430081.16,110383.79,511009.53
296/478.2939mz/6.3min,2730147.0,2066201.2,1756986.8,1418149.9,1260868.8,1309707.8
297/557.321mz/6.3min,399340.1,328969.88,245813.8,259360.72,318341.38,200024.84
299/522.2838mz/6.32min,919418.4,763793.9,490750.5,457128.1,578390.44,351720.47
302/583.3367mz/6.36min,830090.44,659075.25,397502.34,381223.75,456328.34,306902.8
303/566.3466mz/6.36min,4988551.0,4053222.0,2509659.0,2301715.5,2820671.2,1698674.9
304/696.1426mz/6.4min,262528.25,177264.5,193064.08,150679.0,105286.43,111674.82
305/597.3048mz/6.37min,39150.008,1433355.4,880595.7,609789.75,381343.8,571879.44
306/784.1362mz/6.4min,518171.47,496557.3,464782.28,374307.88,362037.9,384627.16
307/478.2939mz/6.4min,1022420.94,850315.56,539887.3,615258.0,852697.06,603968.1
308/311.1687mz/6.42min,1013555.2,830203.5,668478.56,766818.1,729162.0,773744.56
309/571.2889mz/6.4min,4426674.5,61535.348,27328.402,19655.053,14833.394,0.0
310/720.1238mz/6.46min,324234.38,324907.66,291711.28,227311.86,220918.89,254563.44
311/566.3465mz/6.47min,1657019.2,1425127.4,734856.4,880444.4,1347803.2,693619.9
312/583.3367mz/6.47min,298116.0,241249.17,121198.9,140118.94,216738.89,113721.27
313/522.2839mz/6.47min,114812.22,90225.13,46831.914,57813.06,137025.67,32034.506
314/590.1196mz/6.5min,753082.44,762551.94,693075.3,559831.8,540497.94,585360.9
315/573.1293mz/6.5min,337159.75,442889.1,732384.9,425298.47,525739.8,361442.8
316/658.4457mz/6.55min,0.0,5297.0547,4827.0254,33301.17,7993031.5,208576.5
318/696.1426mz/6.52min,747734.6,818027.2,746774.9,308708.3,413184.66,473900.12
319/597.3048mz/6.55min,1637929.2,337744.28,198071.75,201186.19,266349.94,176568.72
320/784.1362mz/6.57min,352306.38,352835.53,283996.62,260533.2,252647.7,271837.84
321/311.1687mz/6.53min,1006255.06,41230.363,62962.875,115842.83,164354.94,68816.086
322/654.1321mz/6.61min,803863.5,856471.9,694922.5,571028.75,519536.53,647328.9
323/637.1419mz/6.62min,373913.62,515442.1,932459.44,516964.9,629351.9,421075.94
324/548.0646mz/6.64min,172924.17,536029.06,0.0,94870.64,0.0,26875.766
325/485.0687mz/6.65min,242018.06,1104102.2,65853.0,294930.3,28417.764,64081.695
326/325.1844mz/6.72min,61632.332,120502.33,905262.25,312493.38,416448.16,72810.4
327/573.1294mz/6.67min,435765.84,369878.94,580677.2,670504.75,450906.44,347293.62
328/299.2592mz/6.67min,217165.16,251367.44,298922.03,329988.38,57774.562,265013.38
329/590.1196mz/6.68min,331207.16,334874.88,255441.6,224754.4,205080.08,560573.0
331/701.1544mz/6.71min,220384.11,345496.44,730440.6,375680.84,485208.88,274266.62
332/718.1445mz/6.71min,680527.8,643900.6,452922.44,426706.56,387835.16,485228.34
333/597.3048mz/6.72min,386943.9,0.0,0.0,0.0,0.0,0.0
334/776.545mz/6.77min,0.0,0.0,128504.38,2462340.8,14939539.0,0.0
336/590.1196mz/6.73min,383900.94,367029.03,281122.06,264820.8,247477.73,305745.28
337/299.2592mz/6.81min,863758.6,869422.56,748208.0,1197953.5,514353.22,1000661.56
338/568.3622mz/6.79min,74914.25,53738.906,23529.664,10388.913,26916.818,0.0
339/654.1321mz/6.8min,2279394.8,2184351.2,1648955.5,1517512.1,1302624.5,1721157.1
340/782.1569mz/6.8min,515145.4,448070.1,300458.72,293569.72,216717.23,329602.5
341/325.1844mz/6.81min,167602.98,479567.56,557967.44,380086.5,336745.06,719764.5
342/765.1669mz/6.81min,125168.98,207725.62,429157.72,236656.67,348059.72,194292.14
344/637.1419mz/6.83min,816552.75,1275770.4,2528052.0,1517288.5,1932438.6,1232250.4
346/829.1796mz/6.89min,82584.17,135556.56,310842.78,188322.22,245472.27,124927.48
347/846.1694mz/6.9min,335415.7,279943.4,193672.34,156308.92,131656.98,202198.06
348/299.2592mz/6.9min,429637.3,421693.53,517147.3,799487.7,477717.38,434349.03
349/701.1544mz/6.91min,736709.6,1380501.6,2782409.2,1710597.5,2208078.0,1297106.6
350/568.3622mz/6.91min,1035367.9,830028.5,576461.9,565171.9,766397.06,428298.56
351/718.1446mz/6.92min,2563472.8,2403511.5,1640605.9,1457361.9,1255562.2,1766709.5
352/293.2123mz/6.92min,797518.7,900611.94,942030.5,639665.2,217920.77,771879.3
354/421.2264mz/6.9min,0.0,1359082.9,1422667.0,1479734.4,1486048.9,1496144.6
355/325.1844mz/6.93min,1086621.4,488986.3,27555.057,390817.72,335323.03,460440.9
356/910.1821mz/6.97min,210434.3,189128.56,148446.69,112197.67,92750.055,113813.72
357/893.1924mz/6.97min,12637.223,75728.35,160695.7,97682.51,130407.76,64879.996
358/765.1668mz/6.99min,538004.0,1086831.0,2039658.6,1268098.4,1571401.9,966142.06
359/782.157mz/6.99min,2064156.5,1913381.1,1305847.5,1188157.2,1162307.2,1429321.4
360/654.1321mz/7.01min,590259.25,587802.8,395267.7,396162.5,332765.2,468091.44
361/299.2592mz/7.02min,54202.168,64904.77,61993.23,38962.01,0.0,36488.23
362/637.1419mz/7.03min,220112.39,418421.94,837551.7,554294.06,633523.4,440490.16
364/974.1941mz/7.03min,125534.78,163389.36,48932.484,48681.285,53634.254,80127.73
365/829.1793mz/7.05min,347284.75,715131.2,1638869.2,926873.9,1127237.1,692373.94
366/846.1693mz/7.05min,1460922.4,1458623.5,911850.56,855432.2,776821.25,1003848.9
367/760.5136mz/7.06min,0.0,1432075.6,458073.56,935075.56,351492.9,11036440.0
369/701.1544mz/7.08min,443865.78,830867.44,1826127.5,1173215.0,1391079.2,963611.94
370/718.1445mz/7.08min,1314355.8,1300669.9,837015.4,826751.2,702549.0,1033302.1
371/1038.2067mz/7.08min,62863.637,66401.875,53177.4,34539.543,13025.637,46044.473
372/776.545mz/7.04min,0.0,0.0,872888.25,12647860.0,2739569.0,0.0
373/802.5606mz/7.15min,0.0,0.0,22262098.0,553248.9,3211855.5,0.0
374/893.1918mz/7.1min,222991.58,471607.62,1146312.0,657723.25,789204.44,485235.5
375/910.182mz/7.1min,981420.25,982499.3,600235.9,546015.8,540746.94,673100.75
376/717.5272mz/7.14min,0.0,0.0,6914794.0,329925.84,8228101.5,0.0
377/716.5238mz/7.16min,0.0,0.0,15762962.0,1397645.4,18583242.0,0.0
378/765.1668mz/7.14min,444783.8,883390.06,2202159.0,1374414.4,1594344.0,1136190.2
379/782.157mz/7.14min,1620650.6,1682981.0,1013296.6,979028.6,811704.6,1108887.2
380/421.2264mz/7.14min,1359465.2,0.0,0.0,0.0,0.0,0.0
381/325.1844mz/7.1min,668422.5,37521.62,0.0,34244.883,10902.73,27200.39
382/974.1942mz/7.15min,627665.0,812012.5,431277.22,383961.47,374729.47,473902.9
383/957.2041mz/7.15min,109972.35,293350.38,702193.1,430347.88,524337.4,301294.66
384/599.3205mz/7.22min,8711.318,0.0,1156092.4,804793.8,1098762.6,0.0
385/846.1693mz/7.19min,1438480.9,1516737.6,895763.6,829022.9,699760.7,962254.44
386/829.1793mz/7.19min,406564.38,909618.75,1997162.9,1331094.2,1531997.1,1091890.2
387/1038.2066mz/7.2min,384533.6,463423.8,270557.0,277988.16,203005.47,275484.38
388/1021.2166mz/7.19min,48366.273,173014.38,526584.06,274343.75,317087.72,199843.14
389/271.2279mz/7.22min,49573.793,55614.246,59730.758,39724.58,426567.16,42089.168
390/1085.2288mz/7.24min,14209.097,88616.125,345369.4,149846.98,203024.73,131174.88
391/910.1819mz/7.24min,1147151.9,1191039.4,774061.44,686613.9,602355.3,716682.56
392/684.4613mz/7.26min,0.0,0.0,0.0,0.0,2342327.0,0.0
393/893.1917mz/7.27min,354495.12,804185.25,1686354.0,1051277.5,1264690.9,905836.9
394/974.1941mz/7.29min,833985.3,868026.25,586151.25,512371.0,256952.31,531293.8
395/957.204mz/7.29min,287269.44,691311.4,1328739.5,788187.4,982093.56,765347.56
396/599.3205mz/7.27min,19149.56,2077303.2,14425.379,1334997.2,1024301.6,1224443.6
398/701.1543mz/7.32min,48831.75,118897.45,239925.19,158554.34,180204.75,167305.88
400/1021.2164mz/7.33min,176408.14,442072.97,983171.94,599822.9,716705.4,552625.94
401/716.5239mz/7.3min,0.0,0.0,1367164.8,6980555.5,3101477.2,0.0
402/447.0918mz/7.33min,774130.8,1824385.2,166565.94,2018812.4,75438.484,206183.19
404/401.0862mz/7.33min,104558.57,260244.34,15270.518,291383.16,0.0,21373.08
405/1038.2066mz/7.34min,543008.25,598302.0,237487.61,354112.66,326536.7,341295.16
406/802.5606mz/7.36min,0.0,0.0,1656036.6,1679831.4,17837792.0,0.0
407/782.1569mz/7.36min,226794.06,239391.53,145436.16,127891.67,110360.96,144308.08
408/765.1668mz/7.37min,64474.285,307430.72,486144.97,312844.1,352549.06,333497.38
410/830.5919mz/7.37min,0.0,274114.7,105706.26,52849.367,0.0,4993312.0
411/846.1694mz/7.4min,255463.03,271714.7,259695.1,176772.19,147103.7,191624.44
412/829.1793mz/7.41min,260535.6,404351.8,626604.94,420052.3,492518.6,442658.47
413/893.1917mz/7.42min,432675.56,557522.1,662909.8,510689.8,515129.8,527653.75
414/910.1819mz/7.43min,224523.94,200629.47,261815.9,142595.23,137936.38,136322.06
415/134.8947mz/7.44min,922817.9,1122907.0,651587.7,662779.1,642868.4,692702.06
416/974.1941mz/7.44min,179840.84,144822.64,222262.38,109744.47,115871.95,61024.582
417/353.1423mz/7.44min,576094.6,296982.38,187134.27,144273.02,142373.28,96443.76
418/957.204mz/7.46min,445433.6,550130.6,680608.25,518454.84,539653.94,538064.94
419/1021.2164mz/7.47min,316624.38,478672.38,562603.7,466610.38,434007.2,466841.6
420/1038.2065mz/7.49min,162543.33,152872.3,174765.0,112260.46,113220.695,117596.234
421/805.4883mz/7.49min,0.0,0.0,40479.562,124030.836,1425738.8,0.0
423/134.8947mz/7.53min,233570.0,785435.4,428367.53,542290.8,588020.3,376365.12
424/802.5606mz/7.53min,0.0,0.0,3242988.8,6357956.0,3812351.5,0.0
425/599.3205mz/7.59min,2331344.0,0.0,0.0,0.0,0.0,0.0
426/804.5754mz/7.6min,0.0,2538000.2,1058667.9,1523512.6,0.0,25901300.0
427/760.5135mz/7.55min,0.0,7524608.5,440994.97,694675.0,23171.807,806185.06
430/1021.2165mz/7.64min,0.0,53874.664,92325.38,61825.223,73106.234,66514.84
432/720.4824mz/7.67min,0.0,589869.7,806439.25,1145681.2,3870688.2,1395162.8
434/758.498mz/7.71min,0.0,0.0,3241736.2,0.0,0.0,0.0
435/732.4824mz/7.72min,0.0,0.0,208869.98,199530.25,2137862.2,0.0
436/100.9337mz/7.84min,1271478.2,1150849.9,453735.34,144373.16,131052.84,361888.0
437/115.9208mz/7.84min,2061448.5,1938771.2,2443409.5,1440256.1,1731579.0,883610.0
438/116.9286mz/7.84min,10945287.0,6527461.0,5038330.0,5442454.0,5118043.0,5480293.5
439/134.8947mz/7.84min,5039524.5,1353587.1,1363928.6,993206.56,1127299.9,1257594.0
440/186.9706mz/7.84min,158214.22,207601.62,173259.78,227232.77,133303.62,173506.1
442/161.9136mz/7.84min,1657096.5,325903.66,226290.42,248342.28,195019.92,163674.98
443/355.1579mz/7.84min,579718.25,84741.88,105062.82,40220.35,71422.75,16732.322
444/144.9235mz/7.85min,2206755.0,1481279.8,1402086.4,917722.94,848964.9,811942.8
445/557.1084mz/7.88min,370389.78,611533.9,282995.03,610661.3,122850.61,308760.66
446/513.0637mz/7.88min,233326.53,390487.47,174052.64,375022.56,76177.31,185100.88
447/485.0688mz/7.88min,776480.56,1228509.4,555348.1,1220730.4,244855.25,599897.94
448/603.1141mz/7.88min,315187.5,522505.2,216238.0,488134.22,101196.07,242854.19
449/746.4981mz/7.97min,0.0,18621.646,152147.39,110034.414,3022470.8,145925.6
450/100.9337mz/7.95min,639161.1,1072795.1,652849.2,558539.44,520577.38,547734.94
451/186.9706mz/7.94min,149128.28,245474.12,176463.62,189178.66,156971.2,225643.45
452/134.8947mz/7.94min,1670277.4,632510.6,1082014.0,756573.8,680203.9,588218.3
454/161.9136mz/7.94min,474334.8,224005.78,208435.12,220030.42,148805.86,202605.44
455/381.1736mz/7.94min,493932.72,58877.254,60497.83,29510.516,29580.34,20538.785
456/144.9235mz/7.96min,2586009.5,1176081.8,1021217.5,1048896.0,827740.8,1391997.4
457/115.9208mz/7.95min,2352779.5,1588231.2,2104493.5,2479707.8,1443195.0,3073781.0
458/804.5744mz/8.01min,0.0,3029611.0,950687.7,6601046.0,12875.199,3931870.5
459/100.9337mz/8.11min,1167684.6,315357.94,485824.72,530389.5,249109.33,340119.88
460/100.9337mz/8.15min,3975952.5,668905.4,479332.1,481282.66,403343.5,250972.97
461/144.9235mz/8.16min,9539415.0,1734851.9,1555028.6,1520064.8,1516145.8,1515230.1
462/833.5193mz/8.12min,0.0,0.0,208797.98,13936.463,0.0,0.0
463/115.9208mz/8.14min,15589761.0,2897094.8,2434756.0,1355811.6,758807.8,837968.3
464/660.4613mz/8.14min,945541.7,519551.62,543978.25,526364.4,1914313.1,659583.1
465/100.9337mz/8.26min,1087178.4,2047086.9,666276.5,1247894.8,686998.7,3872332.8
466/753.4558mz/8.17min,0.0,0.0,0.0,209071.77,112861.31,0.0
467/754.4637mz/8.24min,198487.38,77365.33,34776.16,245554.66,131241.14,70097.52
469/686.4768mz/8.27min,6603793.0,6302232.0,5540009.0,5681023.5,9486488.0,5636757.5
471/134.8947mz/8.28min,3362314.5,1365443.9,991368.3,1130604.4,1690923.8,1278134.6
472/186.9706mz/8.28min,584930.5,389556.44,366614.4,543612.3,449318.62,464209.2
473/144.9235mz/8.27min,2788523.2,2883870.5,2872249.8,6246870.0,2939198.2,3616496.5
474/115.9208mz/8.28min,1783379.1,10993412.0,2740897.8,4362651.5,5556432.5,5139023.5
475/161.9136mz/8.28min,1077415.6,196865.73,144753.62,283984.8,251938.72,288642.16
476/749.4724mz/8.38min,2876658.5,1986049.9,496903.16,552425.2,1089042.0,948853.5
477/186.9706mz/8.41min,1899462.2,553320.6,471908.03,1141025.4,616872.4,531026.75
478/134.8947mz/8.4min,2330416.0,1374920.5,583123.6,1758867.8,1596693.2,1471526.1
480/161.9136mz/8.41min,691550.6,425187.38,125479.01,407345.34,454355.16,361425.22
481/132.8679mz/8.47min,75139.33,142024.44,156024.1,126119.44,29773.676,130430.35
482/144.9235mz/8.41min,2331105.0,1792110.6,1171282.0,1971191.9,1836569.1,1690023.0
483/115.9208mz/8.44min,2218319.2,3183338.8,2199949.0,4207728.5,2288652.5,2400885.2
484/489.2774mz/8.46min,0.0,0.0,459246.28,0.0,194968.16,0.0
486/100.9337mz/8.45min,371033.4,313244.03,874049.56,1282970.0,732487.1,563141.5
487/100.9337mz/8.53min,259101.08,313244.03,452373.84,470506.16,658159.7,184782.64
488/489.2775mz/8.65min,193800.17,260265.17,313777.22,88591.28,91499.83,250680.05
490/245.8948mz/8.69min,3817627.5,718980.5,0.0,886942.6,549786.7,1207383.1
491/243.8993mz/8.7min,9907516.0,1905565.6,106486.266,2357598.0,1525361.1,3212506.2
492/223.8723mz/8.73min,2969693.2,1565024.5,222510.9,1898105.4,1494014.4,2400741.2
493/186.9057mz/8.74min,4199124.0,2605403.0,570348.25,2901965.2,2509057.8,3195644.2
494/221.8746mz/8.74min,4116407.2,2206743.2,316365.06,2620579.2,2104157.5,3278501.8
495/188.9039mz/8.74min,1836061.1,672659.0,340589.66,813645.4,678162.3,1377680.5
496/248.8936mz/8.73min,7127003.0,2598794.0,29714.27,3057705.0,2005781.2,3913374.2
497/146.9659mz/8.76min,8647813.0,6455144.5,2955383.0,7677465.0,6956642.0,8218398.5
498/250.8917mz/8.73min,3164954.8,626202.94,17483.238,798098.8,487872.97,1720702.1
499/100.9336mz/8.86min,721615.2,662212.06,2992499.5,429570.06,577303.75,707062.7
500/115.9208mz/8.84min,1795836.0,4090532.0,2208193.0,1631028.0,4526246.0,4516271.5
502/89.0244mz/8.97min,662958.06,1553249.5,1799351.2,1651220.1,768740.44,849722.5
503/186.9706mz/8.95min,469572.8,94405.53,9125.249,132395.23,87212.8,85411.6
504/146.9659mz/9.0min,1252229.8,693242.25,529836.2,933888.5,887905.3,975537.0
505/325.1843mz/9.02min,407907.78,153982.66,66758.04,118337.04,86119.93,145092.48
506/112.9857mz/9.03min,418583.78,472812.66,390934.75,391562.16,428124.16,262587.38
507/311.1687mz/9.02min,458654.62,474588.28,151949.39,427779.94,413428.2,480898.53
508/686.4768mz/9.02min,203047.94,139345.5,58732.035,60216.543,166540.23,86273.56
509/616.516mz/9.05min,146112.3,155445.28,236077.53,307901.62,241075.22,254813.89
511/544.4161mz/9.13min,1027976.94,1218720.8,909649.75,704819.2,198676.42,634983.25
512/544.4161mz/9.3min,30645.332,34050.973,21854.69,5843.591,0.0,11232.512
513/411.3841mz/9.38min,905600.5,1134214.9,698695.9,415158.75,353768.44,744954.6
514/89.0244mz/9.82min,5976888.0,1273390.0,1273370.5,1201088.8,1215316.5,6256896.5
515/89.0244mz/9.97min,1256348.4,6460971.5,6124960.5,6076271.5,6427031.0,1162043.1
516/134.8947mz/10.2min,199631.44,168424.02,116290.28,117721.71,128295.42,160938.05
517/100.9337mz/10.22min,1448070.4,333885.62,587081.5,345595.97,1337314.8,1132331.9
518/115.9208mz/10.21min,4106015.0,3961647.5,3673958.8,3720742.2,2913729.0,3917191.5
519/144.9235mz/10.21min,2468152.5,2186462.0,1817820.1,2032208.4,1735828.4,2209145.8
521/325.1844mz/10.23min,95049.414,90886.95,127244.08,134552.52,123785.98,140126.5
523/311.1687mz/10.23min,76688.695,157923.16,190894.34,169151.22,160872.83,168110.48
527/805.4875mz/10.26min,0.0,0.0,343018.16,315687.25,1966227.9,0.0
528/753.4561mz/10.25min,0.0,0.0,0.0,1965193.8,287180.72,0.0
529/835.5346mz/10.26min,0.0,5299835.0,5535818.5,4646557.5,5043029.5,7691126.0
530/807.5013mz/10.26min,0.0,49545.562,3862098.2,123819.76,163028.14,35586.29
531/833.519mz/10.26min,0.0,73217.055,1453205.1,148248.16,0.0,10573.645
532/863.5655mz/10.26min,0.0,2464543.0,487551.6,2304815.8,394697.22,1265114.4
533/686.4769mz/10.27min,6916424.0,1770916.9,1378323.1,1210575.5,2015237.5,1709503.0
534/754.4632mz/10.28min,966270.0,277298.9,66188.42,782287.25,165309.61,208371.6
536/112.9857mz/10.28min,3818942.2,3771856.0,1897721.2,3501965.0,2508784.8,3592693.5
537/758.4979mz/10.32min,0.0,0.0,815347.06,133548.4,619697.1,0.0
538/632.4299mz/10.37min,129954.58,146540.33,113179.336,203494.7,1916008.1,287996.8
539/116.9286mz/10.35min,1693864.1,1620666.6,1367544.5,1512783.0,1292745.8,1644137.8
540/776.545mz/10.43min,0.0,0.0,5069826.0,333760.47,6314046.0,0.0
541/732.4824mz/10.37min,0.0,0.0,573051.75,472604.94,2341699.2,0.0
542/760.5132mz/10.44min,0.0,1544486.2,1006365.7,2635270.8,322764.12,1317572.1
543/160.842mz/10.44min,282082.25,287790.3,161181.33,310703.94,236955.81,291835.66
544/162.839mz/10.44min,279924.75,285779.9,159814.95,304613.5,230746.56,294189.1
545/197.8079mz/10.44min,503374.1,589876.94,304198.44,500427.84,560487.9,657884.9
546/195.8109mz/10.44min,374551.5,424620.7,352871.8,380952.7,313453.1,467267.6
547/255.8222mz/10.44min,326901.88,294749.56,24761.066,228238.77,120071.836,281738.75
549/187.861mz/10.48min,454903.53,941019.0,289349.16,473270.5,322387.0,937593.25
550/243.8993mz/10.49min,7453913.0,8137977.0,7319117.0,7284292.5,7014591.0,7120966.5
551/245.8948mz/10.49min,2530920.2,3125082.0,2783030.5,2824030.2,2681892.5,2677935.2
552/241.899mz/10.52min,4835767.5,4514197.0,4094301.8,4450664.5,3940005.0,4102077.5
553/214.88mz/10.52min,2486789.5,2710750.2,3068332.2,2784071.5,2780630.0,2624901.2
554/132.8679mz/10.48min,781053.2,286843.28,1317733.0,363083.3,961680.9,282446.8
557/328.9796mz/10.55min,277631.22,225123.66,212243.66,258888.11,216379.56,280430.2
561/128.0353mz/10.62min,2201193.0,2937577.5,3250581.8,2685941.0,4147770.5,2326272.0
562/96.9601mz/10.62min,8486505.0,3694926.5,8677302.0,9076936.0,9064067.0,8171078.5
563/245.8947mz/11.28min,10950.416,80630.375,159997.28,6096.0605,154145.52,39722.074
