"MetaboAnalyst_ID","GF_MC_RCG_Ctrl_1_pos_20210511_Run67.mzML","GF_MC_RCG_Ctrl_2_pos_20210511_Run146.mzML","GF_MC_RCG_Ctrl_3_pos_20210511_Run158.mzML","GF_S4_MC_RCG_1_pos_20210511_Run70.mzML","GF_S4_MC_RCG_2_pos_20210511_Run90.mzML","GF_S4_MC_RCG_3_pos_20210511_Run170.mzML","shared_name"
"6972/623.34mz/4.02min",2.90967035926427,2.66731736361876,3.02702536689143,2.9818848457898,3.1454260419244,2.99726506517664,"6972"
"6974/385.7442mz/4.02min",0.929036811141066,0.122663296851714,0.167961753816863,2.6999784192083,2.60598415848444,2.62599135031566,"6974"
"6975/770.481mz/4.03min",1.66003181403739,1.57071602564717,1.65047928247245,2.51919613072556,2.48798392214084,2.46906014520157,"6975"
"6977/473.2757mz/4.03min",2.81398687667121,2.62877156147917,2.78455288635765,2.38581987179723,2.51645707679365,2.37201062413721,"6977"
"6988/376.1866mz/4.04min",2.13473070884778,1.9375256722203,2.12902780171998,2.28156168822176,2.27033899837382,2.21105711177348,"6988"
"6989/406.1947mz/4.04min",2.4937416548124,2.41989676724651,2.53584624748116,2.32628968043688,2.47292106726913,2.40148041053611,"6989"
"6990/747.3711mz/4.04min",3.15480360202502,2.95633826497504,3.16977552201976,3.34198616118703,3.36558435705495,3.28823589419725,"6990"
"6992/384.2127mz/4.04min",3.40517321465798,3.17661137608686,3.43359322062125,3.27886347460792,3.43130405322948,3.3159852509538,"6992"
"6995/385.2163mz/4.04min",2.65639242371392,2.43015284719475,2.69227590824985,2.52245574503942,2.67301323816841,2.56258009603426,"6995"
"6996/430.2002mz/4.04min",2.6568604375061,2.39254962499493,2.81704890802152,2.10670230070125,2.08956261918435,1.91351781772226,"6996"
"7004/339.7024mz/4.05min",2.86175847491814,2.56146290806495,2.71730746215574,2.87854017582602,2.88860252927524,2.63818498820349,"7004"
"7009/660.8815mz/4.07min",2.32792157668419,1.66754332651397,2.38766964856513,2.49651667317399,2.4890232955996,2.49379290686598,"7009"
"7015/501.2707mz/4.08min",2.09161368000572,1.82340549692062,2.0797305805822,2.83767912408871,2.9499568711543,2.72992244480567,"7015"
"7018/398.2284mz/4.08min",2.92021395808626,2.66488417753769,2.95274514863985,2.67473252904874,2.86932037478105,2.72699912439967,"7018"
"7021/550.3599mz/4.09min",2.52908600021044,2.26921799249832,2.56358803666347,2.07464585966013,2.27025957831453,1.8157308140585,"7021"
"7022/207.1381mz/4.09min",2.13300530492115,2.02523309723532,1.81438215582386,2.57311730918375,2.45897730552895,2.45714253450206,"7022"
"7039/360.1916mz/4.11min",2.70973095947001,2.4124298807461,2.64029196128121,3.08725677335631,3.03411281501855,2.98316080982487,"7039"
"7047/453.7576mz/4.13min",2.7668451040651,2.60893263415804,2.6384357841832,2.54410207104534,2.51767633936886,2.59987456780428,"7047"
"7051/230.1135mz/4.14min",2.66551985712191,2.4313589875156,2.69671647932189,2.61774620506975,2.70646044336363,2.60737703009536,"7051"
"7053/683.3607mz/4.14min",2.65321889062487,2.39215956979407,2.77864916566045,2.76918388434394,2.94240916203219,2.78220549743622,"7053"
"7054/752.9423mz/4.15min",2.00586969927476,1.75244502530532,1.53782746739443,2.54239186314463,2.51753964516716,2.52774106732531,"7054"
"7056/234.0219mz/4.15min",3.16965402485531,3.02182666850105,3.30931301712733,2.58837262221898,2.69078778764021,2.62774854597731,"7056"
"7057/364.2045mz/4.16min",2.67620650966945,2.50166215724566,2.68971044829623,2.40914440459861,2.4832617463878,2.55214847453958,"7057"
"7060/271.0712mz/4.16min",2.00201022426564,1.76940944675016,2.21668090109877,3.0992469613456,3.07442904204011,3.04125447779501,"7060"
"7063/515.2865mz/4.17min",2.21185360120283,1.90939608514523,2.1814806060882,2.37136353498227,2.49111260542743,2.30468773466397,"7063"
"7068/239.1025mz/4.18min",2.01595094190717,1.54535123099655,2.29183153101311,2.50048576903089,2.64829228552243,2.51980640229516,"7068"
"7071/376.2228mz/4.19min",2.91811321011148,2.7190601307118,2.92144859149358,2.30639161113779,2.48142801849144,2.28793417173017,"7071"
"7077/245.1132mz/4.2min",2.58504201447928,2.65619629821907,2.85536429915203,2.83048646821367,2.85935532255615,2.78726890786219,"7077"
"7078/987.0622mz/4.21min",2.41332105260038,2.19934577713982,2.39300564812317,2.04402598190132,2.43738704712103,2.18534418167825,"7078"
"7080/353.7283mz/4.21min",2.71862787399003,2.58347674698291,2.66752142728623,2.61856323193505,2.71456848742466,2.61450819730726,"7080"
"7081/717.3869mz/4.21min",2.31470742720416,2.17881457693814,2.29815234492743,2.59745903976274,2.58701530752254,2.55803859010442,"7081"
"7084/658.3771mz/4.21min",2.55456724841196,2.37228453140537,2.55370185418878,2.55068444549581,2.59925320618,2.61486037175953,"7084"
"7085/335.1388mz/4.21min",2.54011903910747,2.320397836763,2.62364248370961,0.849451556194424,1.35280119177587,1.13273606094893,"7085"
"7086/658.0429mz/4.21min",2.50730838239338,2.30286893092346,2.51656058178919,2.48451284775428,2.55090187217164,2.55026528512901,"7086"
"7092/342.2385mz/4.22min",2.25783583022884,2.10168569666041,2.24663541983933,2.43355438863587,2.52749930485575,2.42156507730023,"7092"
"7100/454.3103mz/4.23min",2.77604753153185,2.62437727340067,2.71943039079583,2.57204594505392,2.59535749935659,2.61254757762008,"7100"
"7101/331.081mz/4.23min",2.7472997002007,2.65798389922949,2.73774716752372,3.69732681177316,3.67317273778624,3.54774974024391,"7101"
"7104/453.3069mz/4.23min",3.39442951250117,3.24506091443184,3.33883708562959,3.19573380990918,3.21385571599531,3.22917017207018,"7104"
"7106/356.2541mz/4.24min",3.70729622468767,3.53334430665889,3.71213294169083,3.47610515917839,3.50230937097385,3.52957976584503,"7106"
"7114/511.2549mz/4.25min",2.38211145206972,2.26974424170924,2.19094485802476,3.01582860002522,2.98582372533961,2.90937308341402,"7114"
"7115/192.1383mz/4.25min",2.4601631571541,2.18451212938486,2.46136353936507,2.66515920779733,2.57227841538694,2.60256086960611,"7115"
"7133/614.3293mz/4.27min",2.60260026326225,2.47619221826052,2.735220222278,2.79512279911913,2.77616473579659,2.91669709942645,"7133"
"7134/473.2755mz/4.27min",2.88259191830993,2.7108785395892,2.83418058880356,2.39844325833856,2.5912102146066,2.47246377103104,"7134"
"7136/376.2228mz/4.27min",2.74919972301397,2.57076955410803,2.75190773187089,2.1503903926106,2.30461784525281,2.18120476265527,"7136"
"7140/250.1437mz/4.24min",3.13203930672324,2.93971985803637,3.20981869518423,1.6951967584091,1.87897314586682,1.69203277590574,"7140"
"7142/584.3445mz/4.32min",2.41880937746481,2.09758866598669,1.89941565870376,2.2051398530612,2.31642564380669,2.3979077650434,"7142"
"7148/526.2946mz/4.29min",2.94704688565789,2.78764953784908,2.99896276737842,2.50003780957495,2.6619549486475,2.57407648836631,"7148"
"7155/195.138mz/4.31min",2.22882315527003,2.05924617047683,2.20590037102249,2.61313720342195,2.56110227671962,2.52236378846994,"7155"
"7156/275.2004mz/4.31min",2.66436584827473,2.47070713238557,2.62314719124493,3.07391922331312,3.04065773117341,2.98153180073551,"7156"
"7157/293.2109mz/4.31min",2.65741681620874,2.48341701172085,2.64950382895342,3.09417065928546,3.05332604866874,2.99533863588648,"7157"
"7162/406.731mz/4.32min",2.37585745749939,2.23163950503701,2.40242955005732,2.20718284498727,2.3899687904815,2.29674120302074,"7162"
"7165/291.1952mz/4.32min",2.33815886971795,1.87709667603676,2.03051150232683,2.79070240323541,2.72541161461854,2.70541585402961,"7165"
"7169/149.1325mz/4.32min",1.89023175486391,1.73024824376353,1.92217247610024,2.48691254935877,2.44933416807771,2.40576316577235,"7169"
"7170/351.2142mz/4.32min",2.21064182679103,2.22938513279765,2.31310213945789,2.80608509338404,2.69470282528972,2.67006919134379,"7170"
"7174/691.4mz/4.32min",2.38441250900171,1.9899607666385,2.40211860997359,2.05205399328053,2.05762727342418,2.39242228730165,"7174"
"7179/370.2697mz/4.34min",2.83604989449794,2.6556887152031,2.84546120728141,1.50184808599264,1.56753696122807,1.50062726312564,"7179"
"7182/370.7204mz/4.35min",2.49281970366842,2.33597757038493,2.43587514450755,1.61656588416017,2.11964623797287,1.93018553763804,"7182"
"7184/226.1801mz/4.36min",2.62032046810692,2.47307104682797,2.61979830068526,2.88332442908867,2.81748500028259,2.66285848772638,"7184"
"7185/244.1906mz/4.36min",2.23441723623707,2.09836986184595,2.24532073809316,2.51466546861443,2.43484579752871,2.30362754927209,"7185"
"7187/766.9212mz/4.36min",2.42964967718609,2.26937811567644,2.42514248206093,2.66238089804797,2.6739026423368,2.60881725090382,"7187"
"7188/235.1691mz/4.36min",2.18042115094381,2.09375549457048,2.25722412208576,2.75746883977855,2.70760245074794,2.63315632605575,"7188"
"7193/284.128mz/4.38min",3.43978414550854,3.23846489027572,3.45790390464511,1.81216323524051,1.91037909580853,1.93775277836499,"7193"
"7195/364.2043mz/4.38min",2.41728722166892,2.25345586074897,2.45148034296344,2.14544028553775,2.20918031452408,2.32203451653444,"7195"
"7196/727.4022mz/4.38min",2.27412249160036,2.04746133470927,2.29114262015301,2.05276859039067,2.1397280361154,2.20931267399018,"7196"
"7201/210.1025mz/4.39min",2.39382821830956,1.87618535371328,2.21257859538203,2.93477448981495,3.06616133320177,2.95878280615966,"7201"
"7202/244.1291mz/4.39min",2.73136378194539,2.47599663195918,2.74592088205272,2.62826918149535,2.69797107931148,2.65257122638545,"7202"
"7203/651.3708mz/4.39min",2.8228650612234,2.55645132573843,2.87176593969554,2.82317770217698,2.93633347030796,2.8592021694989,"7203"
"7205/673.3527mz/4.39min",2.41712096195523,2.28749907616278,2.45853397244578,2.38524791117836,2.52155443845419,2.43415608850203,"7205"
"7206/479.3224mz/4.41min",2.94771857284031,2.7360757670232,2.88667595271585,2.82364296142542,2.81844438640978,2.93906964037787,"7206"
"7207/720.4649mz/4.41min",2.98009670148225,2.77879279160419,2.93269173745052,2.79917040801129,2.82748298096026,2.87454373898556,"7207"
"7208/360.736mz/4.41min",3.49835555114776,3.33063235065429,3.46569960009458,3.29798791437999,3.29866511928479,3.37908742870699,"7208"
"7213/509.144mz/4.42min",1.61238854171534,1.56576587640254,2.01312012105412,2.69646762990511,2.7075942656201,2.62278026295658,"7213"
"7215/584.3443mz/4.42min",2.88650294021277,2.51484937164502,2.94010289024516,2.82401373582868,2.96481967753054,2.81872047812621,"7215"
"7216/215.1178mz/4.43min",2.52360180801057,2.26325732222662,2.42837693307283,2.3671402181756,2.33911411845102,2.26353439873213,"7216"
"7228/757.3762mz/4.46min",2.21890621483783,1.98492948315995,2.33248111376241,1.96383351054821,2.33368431513782,2.19210709767559,"7228"
"7232/327.191mz/4.47min",2.73996077546283,2.50802961794968,2.78796088463098,1.35428089509088,1.42172256869812,1.18582330989688,"7232"
"7238/344.1811mz/4.43min",2.74832830230026,2.556758099913,2.75347285897358,2.04002310414725,2.03401238738017,2.06583546040833,"7238"
"7240/695.4122mz/4.48min",2.70794223436597,2.53676004260928,2.61205144245152,2.51428549783085,2.49424031874277,2.52056352300857,"7240"
"7246/413.7386mz/4.49min",3.11606692444544,2.98035950332726,3.1484100487522,2.84785450872903,2.93330807460796,2.98460610777723,"7246"
"7247/826.4704mz/4.49min",2.58096517475472,2.41743528741706,2.61749149264304,2.38176902539745,2.46100136348581,2.49981646973021,"7247"
"7249/575.8285mz/4.49min",2.96965597097469,2.8209184371159,3.04664513409719,2.09927259954308,2.53019519757357,2.39691896077211,"7249"
"7254/171.0916mz/4.49min",2.39687723962691,2.11327876583079,2.51408315318694,2.89721892442178,2.99735975306202,2.87432841198178,"7254"
"7256/309.2057mz/4.5min",2.66548421943862,2.41897150487333,2.62762921295198,3.06982676299995,3.04138058609656,2.98519657781283,"7256"
"7257/295.2265mz/4.5min",2.88042180759601,2.70821658821941,2.89746513961294,3.30895257205561,3.28376712458903,3.23365129790414,"7257"
"7259/291.1952mz/4.5min",2.77017317897968,2.69162246986736,2.85732301419823,3.11130982825242,3.13164020191883,3.04712588339185,"7259"
"7260/277.216mz/4.5min",2.45803272977024,2.28789952718576,2.47655710001659,2.90344476973913,2.89009954473353,2.84205651300966,"7260"
"7263/509.2966mz/4.5min",2.3935505598796,2.12494318633496,2.49435477801842,2.52780160925116,2.63473500706398,2.6300355229256,"7263"
"7264/348.2741mz/4.5min",2.12191491511274,1.28641215502085,1.44869051883008,2.54501055828415,2.47846262265006,2.26419703553929,"7264"
"7268/353.2296mz/4.5min",2.60738216334625,2.59865783040023,2.67014784622598,2.96002945966166,2.98053028147625,2.96689953869606,"7268"
"7269/390.2383mz/4.5min",3.084081662955,2.92467607252791,3.07298528095545,2.62372298808448,2.74409029309335,2.68660681228837,"7269"
"7270/195.1379mz/4.5min",2.82205535634142,2.64309020638536,2.82898410100115,3.22169340939201,3.20138779629409,3.15271843969877,"7270"
"7272/584.8231mz/4.51min",2.74680474882047,2.60090787928309,2.7642706851471,2.05771761273948,2.38626311435605,2.46564997868757,"7272"
"7275/396.2853mz/4.51min",2.63111100304747,2.44769340032766,2.59558189625918,1.95295245949345,1.96702133055165,1.93951923912772,"7275"
"7280/177.1273mz/4.51min",2.13411079836715,1.94167902909264,2.15920594449133,2.60131829572237,2.55779285283455,2.5097878454059,"7280"
"7281/149.1325mz/4.51min",2.50129112268963,2.32029828522033,2.55693552876676,2.97409192553998,2.96768450111089,2.90986290993145,"7281"
"7287/167.143mz/4.52min",2.09580200415966,1.84748293280091,2.24320302574748,2.72496791438611,2.75058372152177,2.67383543566882,"7287"
"7289/213.1485mz/4.52min",2.28571458719955,2.02465436912735,2.4190135850908,2.90217547802122,2.9241264097365,2.84924087659922,"7289"
"7291/109.1012mz/4.52min",2.33132538779139,2.14348986785371,2.35145886219285,2.67123052516412,2.63969447547912,2.59575127961461,"7291"
"7293/231.1591mz/4.52min",1.89992588945807,1.64062242059459,2.03009786292248,2.59305433433178,2.63991247292578,2.56755564297124,"7293"
"7300/293.2108mz/4.54min",2.8972070851703,2.5150825143058,2.68583404555925,3.13573316578844,3.08473464674776,3.17653305046855,"7300"
"7308/720.4649mz/4.56min",3.03777356737006,2.81903433073066,3.03078456672668,2.9124214381011,2.88644325870091,3.00613411863654,"7308"
"7310/360.736mz/4.56min",3.4544997984649,3.27954722167134,3.44155036041642,3.27649557605571,3.27493408365551,3.3862174582649,"7310"
"7317/230.175mz/4.56min",2.22918388920577,2.05132447307668,2.31472470353109,2.48986689782869,2.42595185760636,2.45683045522529,"7317"
"7329/356.254mz/4.59min",2.46510256979922,2.28520920169714,2.51224224339591,2.61526020678729,2.63790689577769,2.65443188395894,"7329"
"7330/311.2214mz/4.59min",2.73970023134417,2.51694088822215,2.72958506093793,3.15202371411656,3.08194659035729,3.03758535931561,"7330"
"7333/181.1223mz/4.6min",2.98091529238721,2.2425390456949,3.16122834260706,3.31550088398603,2.88837741240429,3.264192568187,"7333"
"7334/584.8232mz/4.57min",2.66675122669079,2.47744334024668,2.6413134679224,1.77097338928911,2.27170880221933,2.36206943241135,"7334"
"7339/346.1798mz/4.61min",2.56348536430489,2.41147711550353,2.38197774823256,2.09404539160465,2.00690301840869,2.25009899172779,"7339"
"7344/213.9684mz/4.61min",2.6772016426665,2.67156492063317,2.6582789904921,2.67088645163606,2.6747192465742,2.64801588022503,"7344"
"7346/211.9705mz/4.62min",2.69991257187163,2.69441045339088,2.68536886508571,2.68780992029035,2.69294199227453,2.67333343903781,"7346"
"7348/231.979mz/4.62min",2.99428873838945,2.99373722891291,2.99683896553385,2.99486608744426,2.99896318795697,2.98607080326139,"7348"
"7349/351.214mz/4.62min",2.49479927267964,2.39491100936395,2.52379865287352,3.07753860055747,2.95854760608391,3.05370289997244,"7349"
"7350/171.0916mz/4.6min",2.3657517179215,2.17746101416182,2.30912697959756,2.3376405432755,2.27711181424705,2.14632474881525,"7350"
"7356/264.1592mz/4.63min",2.64915230094712,2.44941662498193,2.67780668853521,2.88790513370566,2.84555258290089,2.86928049552611,"7356"
"7358/396.2855mz/4.65min",3.41171980571902,3.19286798199899,3.36821225927199,1.00883318932492,1.23778951733683,1.29308593664099,"7358"
"7363/353.7282mz/4.64min",2.80226313650473,2.63805810512638,2.80245440392667,2.83999163559391,2.94918654157583,2.85244880561526,"7363"
"7364/706.4493mz/4.64min",2.41131219886858,2.16020245494448,2.38260070785208,2.48537094304154,2.60796624076775,2.47211736628231,"7364"
"7367/559.3488mz/4.64min",2.57496300827442,2.3397804461445,2.56357635501009,2.37783395963008,2.34555341595027,2.58218803064006,"7367"
"7370/277.1795mz/4.65min",2.05660750008405,1.72641885631686,1.94505760204021,2.59654869668798,2.40322957344581,2.34738392291438,"7370"
"7377/229.1332mz/4.66min",2.87243096545947,2.6224553496902,2.75434061037921,1.13793208014568,1.67048752752442,1.26861437731734,"7377"
"7378/380.1641mz/4.66min",3.13966960168427,2.95203923780859,2.83342699802043,2.35427483913144,2.39075392199486,2.43162627027642,"7378"
"7380/336.1743mz/4.67min",3.11960422187252,2.94077086970593,2.7936149659195,2.2594363220532,2.26620180326318,2.35118784042875,"7380"
"7381/253.1181mz/4.67min",2.49309836930266,2.21587500791247,2.77529961675449,2.81484494100953,2.92872952281876,2.83695996481485,"7381"
"7389/826.4706mz/4.68min",2.56719463851245,2.31606567336917,2.55426511266461,2.36861787073093,2.42228363454683,2.5025925897568,"7389"
"7390/413.7387mz/4.68min",2.87400663287136,2.69318396222184,2.88690177383904,2.60875799832589,2.66927250751163,2.76976111503125,"7390"
"7404/181.1223mz/4.7min",2.77011895080499,2.46129413168507,2.78744673958165,2.97367336043467,2.84995546918994,2.94841141116974,"7404"
"7405/199.1328mz/4.7min",2.15701444672406,1.87503682443814,2.14120725038105,2.30039956698548,2.21551278952124,2.33961361164119,"7405"
"7411/697.4289mz/4.7min",1.03503482571296,1.32459465322238,1.13705004720969,2.71391510097395,2.79535816383933,2.72521157718245,"7411"
"7419/333.204mz/4.72min",2.22123470855632,2.13299188590095,2.1763530604689,2.71289969096773,2.62133316631481,2.64301095308889,"7419"
"7426/275.2004mz/4.73min",3.01038059299647,2.79900836685737,2.97503099079604,3.44357236184861,3.38339435015254,3.33783065889653,"7426"
"7427/541.3382mz/4.73min",3.06964465308395,2.87454730128904,2.99804601231375,3.02904927414495,2.98138989705705,3.06688998793826,"7427"
"7430/542.3416mz/4.73min",2.58046625950766,2.38671472634364,2.47174552943809,2.51179002236867,2.45422223395904,2.55228580375242,"7430"
"7432/211.0866mz/4.73min",2.35452563207868,2.07553985468538,2.39046109794517,2.68713270873524,2.64476481448581,2.65266156243674,"7432"
"7433/309.2057mz/4.74min",2.42065260032573,2.13304441907442,2.14121032806955,2.96207182571689,2.96776122178265,2.77268354750255,"7433"
"7443/195.138mz/4.75min",2.35250170537316,2.13099062415312,2.35578703153,2.70608277475998,2.65112382360232,2.64590456256766,"7443"
"7452/370.7204mz/4.76min",2.38164173653427,2.20119091750118,2.37265292405867,1.92901521601444,2.16180368279215,1.99018703944684,"7452"
"7458/552.3754mz/4.77min",2.57885205711912,2.37060839878464,2.5335514179285,2.63684880872864,2.61401533871052,2.71142083782438,"7458"
"7460/186.1488mz/4.77min",2.4816019273258,2.24677877731829,2.52636049039233,2.45781188971001,2.42762554651582,2.58355598701018,"7460"
"7461/299.2327mz/4.77min",2.75174095784081,2.52888499364572,2.81560708886967,2.75106651798428,2.71448828649705,2.87164118555732,"7461"
"7462/241.1256mz/4.78min",2.65270452583321,2.28338128339874,2.41748254029148,3.38954528124566,3.21531490119288,3.1589473710548,"7462"
"7463/263.1075mz/4.78min",1.96897169777921,1.87743292420674,1.91506328031477,2.72886615739046,2.61054071280677,2.65716111855192,"7463"
"7466/229.1332mz/4.79min",2.70656446948423,2.48500462761272,2.64595998880461,0.793281197620216,1.53235645344768,1.18013747284213,"7466"
"7471/381.1554mz/4.82min",2.31235873153736,1.99888441899643,2.33543508396721,2.82882493649535,3.00410542710918,2.86192500748366,"7471"
"7477/479.2755mz/4.83min",2.85173667807964,2.64078251219415,2.85544491167601,2.2211211517102,2.1794931075617,2.22526278969322,"7477"
"7479/195.1379mz/4.84min",2.10778908926882,1.88188680033754,2.09298983988674,2.44618548791515,2.39548616788378,2.37138394149109,"7479"
"7488/523.3123mz/4.84min",2.35325208686423,2.00170989362825,2.39305625665428,2.36355126887125,2.43404940911692,2.37771349607199,"7488"
"7489/353.2296mz/4.84min",2.95349684860779,2.67796612398807,3.02536246776159,3.31967353476815,3.27678484956677,3.32515012130925,"7489"
"7497/360.7359mz/4.86min",2.72150116453379,2.53451827632145,2.74469076524052,2.80804412661553,2.81921051539203,2.86616360775912,"7497"
"7499/720.4648mz/4.86min",2.26405375192918,2.00919596568195,2.28457017503799,2.43105316799705,2.38775317181688,2.46178377779506,"7499"
"7500/109.1012mz/4.85min",2.23911662549536,2.09904820320071,2.24482509302085,2.72802789118091,2.66929303617365,2.64216170216162,"7500"
"7506/635.307mz/4.88min",2.26618536917207,1.82341684480717,2.33493535557302,2.21749715714463,2.25788554030823,2.23145978917068,"7506"
"7508/291.1951mz/4.87min",2.19356864364002,1.93450950392254,2.01453310832416,2.81465193533155,2.62466969003276,2.62111868962056,"7508"
"7514/251.164mz/4.87min",1.97699100947574,1.69127911952197,1.93279423476176,2.63766415739671,2.51311065458679,2.35971552471696,"7514"
"7519/279.2316mz/4.88min",2.43342567956296,2.21676888234715,2.05450859068168,2.81605997331315,2.72001266163195,2.35406758811827,"7519"
"7522/313.2371mz/4.88min",2.77622044057225,2.33419808983876,2.7823624193396,3.20758933062469,3.04292070691667,3.131783825249,"7522"
"7525/592.4064mz/4.89min",2.57511944786686,2.34983733966736,2.55230214872735,2.46882899305772,2.41774073359036,2.51080046381103,"7525"
"7533/557.2967mz/4.91min",2.29253818094003,2.01067650557313,2.34124062392688,2.68421170086396,2.72042917944789,2.76672667567184,"7533"
"7538/495.3537mz/4.91min",2.43180817303579,2.19202566870717,2.40949720672636,2.17299854194546,2.20191270373169,2.30177007296266,"7538"
"7541/403.2012mz/4.92min",2.79906516545623,2.54508625876345,2.7594094422482,2.91203384295006,2.87872514272605,2.80693252024955,"7541"
"7543/425.183mz/4.92min",2.2594336155724,2.22673196027537,2.28264871903585,2.36158556636851,2.36368269559961,2.32829146132164,"7543"
"7548/479.2755mz/4.88min",2.54151829012983,2.35390121965409,2.5545778081714,2.06082559062541,1.99578027434989,1.94538248364808,"7548"
"7551/386.2069mz/4.94min",2.56149110297189,2.33476125372785,2.57097440647133,0.293618665892595,1.00664459016504,0.280186303779252,"7551"
"7564/626.3907mz/4.96min",2.1439020691133,1.91154642946972,2.15105637222764,2.27196276834578,2.27857982911647,2.43420280305638,"7564"
"7565/288.2894mz/5.0min",2.53789490520205,2.00003665990188,2.33608359931479,2.82184662052555,2.76521425949183,2.67244528760825,"7565"
"7570/295.2265mz/4.97min",3.11207756867424,2.82562353021683,3.11769283780553,3.47291113813346,3.39453101273229,3.40869260318925,"7570"
"7574/245.113mz/4.98min",2.32886779061539,2.11519565634472,2.28624741721847,2.20810690238286,2.19925638201412,2.34522057198071,"7574"
"7575/277.1796mz/4.98min",2.90849636644856,2.65310209391479,2.88259079826185,3.36531411895005,3.27929999472517,3.23920475134052,"7575"
"7578/295.1901mz/4.98min",2.29124468714672,2.04008990769454,2.30362865757307,2.76056481338464,2.67064711227411,2.64255191479421,"7578"
"7579/335.1825mz/4.98min",2.32488149631642,2.26725264141741,2.41088387501264,2.77882179459136,2.75046493473471,2.77342037238437,"7579"
"7582/547.3179mz/4.98min",3.06508535527295,2.9000673634107,3.09412822689491,2.8830174331676,2.8622230381171,3.07083309399916,"7582"
"7586/275.2003mz/5.01min",2.41742154714399,2.2148329826827,2.4274224713483,2.95376536682605,2.81696563887954,2.79498144276502,"7586"
"7587/293.2108mz/5.03min",2.44133516890407,2.17156649498684,2.3979781874655,2.9520602136636,2.95833725964628,2.9200789628496,"7587"
"7594/277.2159mz/5.0min",3.04652428960073,2.73486967901762,3.07315519114796,3.41046708639196,3.3599890117219,3.33600361411591,"7594"
"7598/333.2035mz/5.03min",2.27575232592281,2.16234247552625,2.29199091895002,2.76460291351894,2.7177971590481,2.72031518155383,"7598"
"7603/592.4063mz/5.03min",2.60401651754486,2.3506254763479,2.5916619829796,2.46481468820607,2.43965788488758,2.5382423683331,"7603"
"7609/377.7281mz/5.04min",2.07064459518387,1.91284970018255,1.96942042314376,2.28710498066403,2.4333609096965,2.36222886427218,"7609"
"7615/149.0233mz/5.05min",2.20273511958811,2.34619866838645,2.20234892283986,2.39188875434042,2.28143766759162,2.35338572038164,"7615"
"7617/495.3536mz/5.05min",2.58361011353296,2.35061797128251,2.58969666468892,2.33585925711657,2.27530973134955,2.47013768895743,"7617"
"7620/288.2894mz/5.04min",2.15377677050735,2.06838284806746,2.38593824531811,2.83234007323647,2.83927117685862,2.97540879678884,"7620"
"7631/387.1798mz/5.08min",2.73398038427143,2.50194494912927,2.52520188532266,2.95850069550385,2.80370788455236,2.69196617299573,"7631"
"7633/409.1617mz/5.08min",2.24851497427784,2.25311345742218,2.17176590417402,2.47453853788506,2.3869182609903,2.35899615257285,"7633"
"7649/509.3693mz/5.13min",2.40859783853644,2.32226790492888,2.37053047137782,2.37093552871811,2.44108428891027,2.36029999260965,"7649"
"7650/277.1795mz/5.13min",1.9276055460208,1.64051013061234,2.12937120096879,2.41731531892528,2.31579805041505,2.32250715559912,"7650"
"7652/351.2139mz/5.13min",1.97221814924111,1.74369836809594,1.90801902050736,2.47282154686423,2.52584834211135,2.48782711538482,"7652"
"7654/311.2212mz/5.14min",1.99745020553403,1.65554833704977,2.16349784244014,2.6275620472582,2.45094118919897,2.46594996646344,"7654"
"7659/626.3906mz/5.15min",2.84149069090797,2.59526872073873,2.80761204338912,3.04838880524304,2.95154597933874,3.09290699517742,"7659"
"7662/596.8519mz/5.16min",3.02086145362769,2.83647175751278,3.03189129869242,2.35428689835719,2.18727147949432,2.8213019963665,"7662"
"7667/353.2296mz/5.17min",2.01171809777949,1.75685509513135,2.19320993796091,2.36023486663889,2.1519932232273,2.32476745233936,"7667"
"7671/293.2107mz/5.17min",2.94677260887336,2.68564964146469,2.82086899313287,3.17752044449592,2.99765603564954,2.98750932020625,"7671"
"7676/275.2003mz/5.19min",2.87544080494196,2.60413155948819,2.88572630891503,3.07019700520719,3.02399219179784,2.99933303724901,"7676"
"7679/225.1484mz/5.17min",1.39509519526064,1.09818093005906,1.34059289752896,2.73938512198272,2.55478970592382,2.57115987913704,"7679"
"7681/367.2453mz/5.2min",2.63054146146117,2.60717673379499,2.68551617277522,1.54784812652201,1.76386906817421,1.57508704858105,"7681"
"7685/191.1429mz/5.21min",2.15718566233242,1.5095219956891,2.12266552575325,2.67611378222566,2.4167557156627,2.57686675251941,"7685"
"7690/304.2842mz/5.2min",2.80250911898755,2.54987175916617,2.82589521859902,1.95664548799349,2.74626349884049,2.91994517263054,"7690"
"7693/316.2842mz/5.27min",3.01695963346146,2.75595500669961,2.7405802500823,2.15692900055815,1.98792548741198,2.08795302613303,"7693"
"7695/232.1119mz/5.26min",2.51422194267936,2.35466277004222,2.4123150041787,1.74038541791242,1.83446120171455,1.93458900033431,"7695"
"7702/311.2211mz/5.27min",2.5338339403454,2.13414348086987,2.14529917134693,2.44259264197155,2.46907663533365,2.41928403243714,"7702"
"7703/333.2034mz/5.27min",2.67201228533428,2.58595386418202,2.69031728143008,2.84459266279428,2.77327225461414,2.79963363771503,"7703"
"7704/317.0916mz/5.27min",1.95535272222589,1.68861969850956,2.04066091639346,2.72898170373342,2.78055463938875,2.75853187872901,"7704"
"7706/313.2369mz/5.28min",2.49452002424839,2.21106138211192,2.45170367336428,2.71631054622566,2.699171043272,2.71288206976306,"7706"
"7714/277.2159mz/5.28min",3.27127488551143,2.95375170958712,3.21103217364317,3.49125157182969,3.46716709393003,3.46747318176559,"7714"
"7715/335.2189mz/5.28min",3.26022184958918,3.13857333744821,3.28479868424575,3.47024482656258,3.51587170612369,3.55098990711761,"7715"
"7718/344.6758mz/5.29min",2.47432124875747,2.20679857273606,2.31574762449829,2.80239793047175,2.92342016826828,2.76170466285823,"7718"
"7720/688.3446mz/5.29min",2.48267501043731,2.12243879049186,2.28679799829405,2.8831087963378,2.99440620943413,2.83816189329953,"7720"
"7721/295.2264mz/5.29min",3.12880192739572,2.83652048648152,3.08825298076454,3.42162683662731,3.31492048011581,3.32967722250392,"7721"
"7729/279.2314mz/5.3min",2.32908081190231,2.07889181425709,2.26587844350564,2.84882795698593,2.81597065410747,2.84280882100021,"7729"
"7731/258.2061mz/5.31min",2.16519725596956,1.90781755035815,2.20048533372075,2.32380634069807,2.28687149052982,2.35246052078231,"7731"
"7735/292.1903mz/5.34min",2.21068481623103,1.96360814086834,2.22252398965478,2.33654989397306,2.36224708986077,2.39575739586751,"7735"
"7742/228.1199mz/5.36min",2.20763650564105,1.84076455135724,2.13550690618677,3.11886412940138,2.49348378871929,2.49401666068549,"7742"
"7745/376.259mz/5.36min",3.54139319062249,2.91026030450715,3.25007105298083,4.46562481819366,3.74505654210174,3.62253147047802,"7745"
"7748/398.2408mz/5.36min",3.28219770663323,2.88109832659666,3.16591767354591,3.98432033208436,3.54359918843528,3.51022949329998,"7748"
"7749/393.2855mz/5.36min",3.22522013438102,2.52766253596822,2.85068946168819,4.06819022171327,3.41040130799385,3.20444429017179,"7749"
"7750/773.4927mz/5.36min",2.03521949165587,1.22891533103113,1.77826642028956,3.28469149846262,2.40999492747835,2.32495539904916,"7750"
"7756/316.2842mz/5.37min",2.26103016755488,2.83017050212709,3.05265030732777,1.30246625975139,1.8278819788339,2.08496987388932,"7756"
"7760/412.3163mz/5.45min",2.93460668143685,2.72726337430918,2.86514185965959,2.72687360876578,2.71902323648167,2.61938281476761,"7760"
"7761/670.3803mz/5.38min",-0.569754862156486,-0.65870679667926,0.118974864348628,2.54649719526031,2.57326807655077,2.75553985677865,"7761"
"7765/297.242mz/5.4min",2.24363592093005,1.94888886879448,2.13230313095238,2.47043600492027,2.56550026695496,2.41727392291358,"7765"
"7767/337.2346mz/5.4min",2.26416716352599,2.16032219785782,2.28339332985606,2.19119109821671,2.46677038522688,2.48351228624736,"7767"
"7768/279.2315mz/5.4min",2.4000965240909,2.06714051327535,2.29349615104008,2.53028285785426,2.50756974746769,2.5824362503605,"7768"
"7777/318.2998mz/5.47min",3.7108234021912,3.48699736266428,3.42560506114839,3.0715895057793,3.21047076978441,3.0440858331214,"7777"
"7781/288.2893mz/5.48min",2.44624912661687,2.16482556483621,1.61332876180914,2.47689810370792,2.53610648381963,1.96368043523593,"7781"
"7782/335.2189mz/5.45min",2.57495834343269,2.43278799047323,2.60277261226686,2.73090216724495,2.75769234161935,2.74488252504304,"7782"
"7788/401.3367mz/5.47min",2.45564401709504,2.24187418445143,2.2806672880581,1.965615241785,2.0814009944467,1.6270036967485,"7788"
"7795/218.1174mz/5.46min",2.11656859097842,1.82271748241357,2.13526594587978,2.34708789583107,2.47170213294361,2.37375283868494,"7795"
"7797/241.1771mz/5.47min",2.79886343975444,2.39124600144578,2.8756390012121,3.03709029835529,2.87232226068099,3.10121666441047,"7797"
"7802/320.1909mz/5.49min",2.36741056010714,2.20676600396891,2.43187206448873,2.61923910227453,2.65709490142456,2.65230161602235,"7802"
"7805/251.2003mz/5.49min",2.38308549942197,2.01158073889066,2.27197067445434,2.62859920831584,2.60004580411251,2.53311874957019,"7805"
"7806/279.1952mz/5.49min",3.29523284756708,2.96193121256023,3.21617029919517,3.54201110726463,3.51452673674402,3.43198580210484,"7806"
"7808/280.1985mz/5.49min",2.54435218530899,2.20803808297674,2.46155895138823,2.78833563762247,2.7585927594021,2.66901117356401,"7808"
"7809/319.1875mz/5.49min",3.13136085963525,2.97492603360628,3.19237655515462,3.38228945431675,3.41759131762717,3.4164936319712,"7809"
"7810/297.2057mz/5.49min",2.79838441668835,2.4550221318,2.7269509332456,3.06024959857947,3.02781676501374,2.95887494103232,"7810"
"7818/280.2348mz/5.52min",2.16420946254538,1.88852608245612,2.11703865222298,2.35791399216405,2.3634235964807,2.37972270541919,"7818"
"7819/297.242mz/5.52min",2.75668254327441,2.50044625250016,2.74409535444944,3.07261224044194,3.04649590858666,2.92990724744762,"7819"
"7821/279.2314mz/5.52min",2.87321122381625,2.63216114977203,2.8718851968399,3.05973935567011,3.0475361487329,3.03071837485485,"7821"
"7823/337.2345mz/5.52min",2.8706701237462,2.73588902754885,2.90445015947059,3.04768199629533,3.07558570137434,3.10548265544611,"7823"
"7825/298.2454mz/5.58min",2.33578902841712,2.05483100916279,2.34906692536801,2.42816151638224,2.22434873791334,2.3737364834893,"7825"
"7827/300.0507mz/5.53min",2.67784821163757,2.50370780765662,2.73952622399983,1.00454480644085,1.29386989156802,1.21711105900615,"7827"
"7828/739.4748mz/5.53min",1.14949596885157,0.411847066978632,0.895090763394389,2.73152369021906,2.62233578072769,2.82398186035343,"7828"
"7829/316.3206mz/5.55min",2.20757091343863,1.78676016856098,1.7282124000798,2.85439857930142,2.53701994428914,2.38440726372434,"7829"
"7832/293.2107mz/5.55min",2.48758490073252,2.20144801828472,2.42687701982171,2.73681391829528,2.73670589642655,2.69921346244844,"7832"
"7834/318.2999mz/5.52min",2.73683490920812,3.64930033302059,3.76015386171206,1.84279992466812,2.87232282715827,3.4320238199763,"7834"
"7838/335.2189mz/5.56min",2.70892874823929,2.56702829950286,2.74504713324453,2.90195517650717,2.88696784646594,2.90833744968564,"7838"
"7840/295.2264mz/5.56min",2.72509853544777,2.38184105371352,2.64865043412424,2.90347876136215,2.81092014109929,2.83441084413768,"7840"
"7846/333.2033mz/5.56min",2.08542335194818,1.63516750028933,2.26565268046245,2.56462028679597,2.41505474682171,2.41427750002403,"7846"
"7850/753.4235mz/5.58min",2.47229579715871,2.44781936664309,2.50716682368392,-0.402351954522689,0.310367470819438,-0.415764020146405,"7850"
"7852/256.2996mz/5.61min",2.53439885526049,2.09034971930711,1.96643347317466,2.64281211316402,2.58008989356712,1.57341307112409,"7852"
"7854/297.2421mz/5.59min",3.16732645713311,2.89623828305349,3.14404967498123,3.26077727722982,3.26511641022452,3.24056921567322,"7854"
"7855/337.2346mz/5.59min",3.01926829522282,2.883008441959,3.07405522962622,3.1252216296687,3.17541608770396,3.18341490025596,"7855"
"7856/279.2316mz/5.59min",3.0051772398171,2.75561836928634,3.00130922001101,2.99852501345907,3.0380040360911,3.00042656152278,"7856"
"7859/315.2526mz/5.59min",2.4045443503519,2.13024433269244,2.38486153987458,2.35405714124406,2.39419794357136,2.35397845384264,"7859"
"7863/287.2366mz/5.6min",2.06785240634808,1.72525810217051,2.09686831819838,2.41390609182389,2.42784649870264,2.36537624765194,"7863"
"7871/342.2999mz/5.68min",2.79279474281267,2.50687585511755,2.57263439311131,1.99813018298175,2.01219905411607,1.98469696253858,"7871"
"7875/656.3761mz/5.66min",2.68595874293774,2.22165449002846,2.75930347263877,2.25876145227137,2.33817163092272,2.31464434414181,"7875"
"7880/332.3155mz/5.7min",2.69944167295232,2.39692856239117,2.51787602061595,2.06682933476927,2.43364645772987,2.51121661776715,"7880"
"7889/149.0597mz/5.71min",2.10044969411063,2.00669560886087,1.97328797474024,2.45396161192396,2.51844084013362,2.41698799860195,"7889"
"7890/337.1042mz/5.71min",1.52909703636953,1.77504380297009,1.17766708583904,2.4294745604624,2.55411259553419,2.55613357762305,"7890"
"7893/376.3053mz/5.72min",2.28152577410592,2.16663957694072,2.30642347212389,2.79332938284603,2.76547189679221,2.77095313180577,"7893"
"7895/302.305mz/5.78min",3.18067002757433,2.97428207518074,2.85080785280898,3.29573027479991,3.2926212738916,2.66795748198725,"7895"
"7904/357.2783mz/5.75min",2.26162990297251,2.06885057657783,2.31734924353512,2.46772312371988,2.5465930293744,2.56254035831765,"7904"
"7910/493.2804mz/5.76min",2.59949252986572,2.47001278729648,2.50816003613281,2.72522835456003,2.71897620928324,2.58071978251703,"7910"
"7911/515.2624mz/5.76min",2.48556965290352,2.51454412710888,2.5038751616361,2.65314881966241,2.67968437113502,2.59803507596706,"7911"
"7917/283.2628mz/5.77min",1.95680538070697,1.86748958288014,1.94725284830792,2.77068863549356,2.8491437250964,2.89468291843418,"7917"
"7921/330.2999mz/5.83min",3.1705878023817,3.18231203707203,2.65381986448316,2.07931565283309,2.09338452407009,2.06588243228548,"7921"
"7923/295.2264mz/5.78min",2.57128354166969,2.22371323265336,2.50964559206251,2.25782762774903,2.60730561071963,2.49558554872084,"7923"
"7924/390.3209mz/5.78min",2.26441032101072,2.11751914524039,2.26400875713677,2.61215211920716,2.62554022087369,2.57442634339369,"7924"
"7926/317.172mz/5.78min",2.24231548809841,2.1421749937923,2.19176366911843,2.58978273331069,2.60243296419987,2.60580902452356,"7926"
"7932/277.1796mz/5.79min",2.64113115610423,2.36404897221601,2.48616400185449,2.72519741056293,2.6919486801763,2.6218075487321,"7932"
"7943/440.2766mz/5.86min",1.94097310026571,1.97593111268267,2.34957414389763,2.68789490078837,2.70724181311152,2.4043471345356,"7943"
"7944/349.2732mz/5.84min",2.5677206100083,2.26755752671462,2.52237846690562,2.56922963310231,2.65318560635482,2.57002357628655,"7944"
"7945/389.2658mz/5.84min",2.21374257533331,2.06156626542524,2.26572411658538,2.25144342784223,2.34279996007883,2.30718685728747,"7945"
"7947/383.2787mz/5.85min",2.35181840600869,1.88992130522017,2.1518425085564,2.2877940466805,2.47723922816995,2.10512348538822,"7947"
"7949/405.2606mz/5.86min",2.35059605735199,2.04998033314561,2.44933346861462,2.27478836450816,2.51289995319829,2.48382969365266,"7949"
"7951/273.102mz/5.86min",2.08924882657242,1.89743392449829,2.04817335576027,2.4048118561809,2.38961549412651,2.47355145756371,"7951"
"7955/344.3155mz/5.9min",3.43425380282469,3.18343767098053,3.07817215022984,1.79171664367028,2.00834086134583,1.13222806035007,"7955"
"7957/345.3189mz/5.93min",2.75602047325856,2.52925548311131,2.42077632157528,1.84627211638062,1.86034098718171,1.83283889627643,"7957"
"7959/281.2471mz/5.88min",2.59751085462112,2.39174578817792,2.64682995813422,2.4148482113499,2.50475449658334,2.37644947282073,"7959"
"7960/299.2577mz/5.88min",2.60671069766322,2.37856374090666,2.64381387509447,2.35801180257445,2.4330727917169,2.36625562982459,"7960"
"7963/339.2502mz/5.89min",2.53378181866826,2.40335393328266,2.6233689879749,2.27442553832929,2.38687381365444,2.29133530170361,"7963"
"7965/317.2084mz/5.9min",1.92928829649061,2.18598136893996,2.17666445605,2.49149889651224,2.306802203126,2.52734675601837,"7965"
"7966/200.2008mz/5.89min",2.89055105526583,2.75897017986736,2.99244991671385,2.91877393947456,2.97991859710281,2.96544839022322,"7966"
"7967/346.3311mz/5.94min",3.46924523031716,3.20163312602693,3.26878191795413,3.13994045043094,3.42744043895337,3.01862259063606,"7967"
"7968/277.2159mz/5.9min",3.76527675764667,3.54011101472305,3.72714384047732,3.76461391001828,3.81953691634239,3.76048173338676,"7968"
"7971/302.3049mz/5.87min",1.63614998355999,3.09238443699106,3.23302570649993,0.926518467456555,1.81227484892983,3.277930309188,"7971"
"7972/316.3206mz/5.96min",2.67128978294674,2.29508481383456,2.12866324462843,2.62969679057211,2.52935212854694,1.63774182374281,"7972"
"7978/347.3345mz/5.96min",2.77412070450371,2.59451075289763,2.67806763492998,2.12976574399748,2.6266038076349,2.42863050072541,"7978"
"7982/308.2215mz/5.94min",2.45739903157952,2.08508727552561,2.35663161193014,2.51285418847376,2.55067631618884,2.43120425115565,"7982"
"7987/193.1699mz/5.96min",2.45142030865834,2.25841320636204,2.36226940362379,2.63093238930551,2.59600175910048,2.50453907600599,"7987"
"7990/349.2732mz/5.97min",2.48578421557164,2.18082067303952,2.46766294725598,2.494936688297,2.54642025978176,2.48722047666094,"7990"
"7996/255.2316mz/5.98min",2.48073791084271,2.26705644071111,2.52443946195407,2.59528534957892,2.63627404171514,2.67266272088434,"7996"
"7999/237.2211mz/5.99min",2.34506584108339,2.13503770283198,2.38393110177676,2.45000184684246,2.48840580978587,2.509753026059,"7999"
"8004/280.2631mz/6.01min",2.55163769212959,2.379397475657,2.52884264289161,2.54624155527484,2.66025696912018,2.65677102129991,"8004"
"8013/309.2055mz/6.06min",2.30819161023429,1.54187588115569,2.05703849913833,2.43490198994457,2.33913286364017,2.2156497530611,"8013"
"8019/346.3311mz/6.04min",1.79053820334628,3.45650146279936,3.69353201146281,1.2186150769751,2.63384856575667,3.62242004718824,"8019"
"8027/349.2345mz/6.09min",2.65049176421945,2.57738291457135,2.74109151156474,1.81109226830486,1.91773463676917,1.93877754243656,"8027"
"8029/296.258mz/6.17min",2.54336944768162,2.31564092182661,2.3905483982756,2.25397575180337,2.57390416122659,2.48580400524507,"8029"
"8034/263.2367mz/6.14min",0.473814041220889,0.296803850144366,0.686964990505126,2.8217112578576,2.92235416387814,2.94881351852988,"8034"
"8037/267.1717mz/6.15min",2.4187200940343,2.18141943893161,2.30046219347112,2.53450815548794,2.5052486786973,2.41791954391892,"8037"
"8040/280.2349mz/6.17min",2.97655957644714,2.81914290638814,3.00491401955663,2.77354515531762,2.89372080139495,2.88640431717535,"8040"
"8041/279.2316mz/6.17min",3.69580516432147,3.53913982711984,3.7165764514209,3.5120931365879,3.72052762197439,3.66767713726943,"8041"
"8052/450.2877mz/6.19min",2.33528797591214,2.23430292444705,2.32188449870037,1.80808150622353,1.78945928961518,1.82958715248659,"8052"
"8058/454.2925mz/6.21min",1.89304783166983,1.82911545116573,2.01872278858794,2.85655226178606,2.85406224471031,2.7753120484539,"8058"
"8059/246.1042mz/6.21min",2.23167606888384,2.11625916304985,2.2743843633569,2.21723584922501,2.25209836446848,2.25862717256516,"8059"
"8065/431.3112mz/6.22min",2.54379814735577,2.35975129346537,2.67615507001177,1.6357392574955,1.75772086193113,1.56930724574484,"8065"
"8066/330.3362mz/6.28min",2.57495261788478,2.19649736470233,1.98470077788608,2.45753939675677,2.35624304451305,1.05687973760876,"8066"
"8067/384.3466mz/6.26min",3.02143303391919,2.82563910730701,2.60729890612661,2.03279469527784,2.04686356646073,2.01936147478527,"8067"
"8072/281.2471mz/6.25min",2.5002738261526,2.29355420355676,2.54943251623228,2.24647855392498,2.31646998526989,2.22401738921786,"8072"
"8074/279.2315mz/6.21min",3.45702781879716,3.21920379046149,3.39915375939631,3.31005410635035,3.44425938461018,3.49836300916566,"8074"
"8076/641.2033mz/6.27min",3.33835086357641,3.01867917708318,2.8223321777572,1.86951208768982,2.49333620021428,2.09190934693457,"8076"
"8079/619.2214mz/6.27min",3.45268130838529,2.91055319776107,2.73020156040303,1.93208933783005,2.50069563920435,2.04556926494198,"8079"
"8087/358.3675mz/6.36min",2.69042412195099,2.33865383870527,1.93249841605409,3.5096795028497,3.33589519697377,2.43909983943448,"8087"
"8090/295.2265mz/6.3min",2.44760953395062,2.24410725439556,2.35393983761356,2.64208787131321,2.51121121823742,2.52621539970508,"8090"
"8091/372.3468mz/6.35min",3.0673736892643,2.8296199398241,2.68964966299093,1.48518242178792,1.65326496752372,1.97232592526481,"8091"
"8094/415.3027mz/6.34min",2.29396679935979,2.37187915337127,2.37972624994972,1.68168489962999,2.20894404819933,1.79366654722102,"8094"
"8096/360.3104mz/6.35min",2.26108151747271,2.10988739439601,2.24614678385388,2.3350137265219,2.34447270435249,2.28591943267403,"8096"
"8105/314.3413mz/6.42min",2.89031857960568,2.50542557564321,2.22888686855557,2.81605233505343,2.77385846408766,1.64094945814063,"8105"
"8110/422.4099mz/6.44min",2.4224817411716,2.16167250223697,1.98773203171791,2.47187131925392,2.23278885422037,1.62154476626428,"8110"
"8111/374.3625mz/6.45min",3.39113858280697,3.02310391837797,2.85251204674057,3.06862232287983,3.14714777485163,2.20190896476311,"8111"
"8112/265.2523mz/6.42min",1.12735414132456,0.996376674183071,1.22163599953106,2.65456282432721,2.76243034053595,2.78082123130537,"8112"
"8113/163.0753mz/6.4min",2.21503000160083,2.07883826818042,1.96069243254871,2.5718597976155,2.73367002189604,2.56960707257416,"8113"
"8114/365.1356mz/6.4min",2.03922631345044,2.17400574952585,1.93836623147071,2.4731209557274,2.67612834656585,2.64417871909476,"8114"
"8115/496.3393mz/6.4min",1.45659197208208,1.44937900529527,1.23691860936335,2.5603132348351,2.57559103810583,2.50828351618463,"8115"
"8122/375.3659mz/6.46min",2.76349597289026,2.30708524835961,2.33569053289787,2.30532449442655,2.38764328579364,1.89615423768467,"8122"
"8124/369.3108mz/6.43min",2.6761860516566,2.45084266161376,2.7378563502378,1.83166360413731,1.87579663781652,1.68607837124101,"8124"
"8126/295.2266mz/6.4min",2.2550043180116,2.00544060486568,2.19385359965896,2.35270399343293,2.44903217247747,2.40105388928856,"8126"
"8128/454.2922mz/6.46min",2.57125215405083,2.46983799622634,2.69802332792454,0.0552831494312391,0.895912773027143,0.740781321766785,"8128"
"8136/282.2787mz/6.45min",2.80934178100365,2.68470738884895,2.86863162088457,-0.126622833640695,0.586326332467112,-0.140050108496476,"8136"
"8141/410.7613mz/6.44min",1.34964311173112,2.7214039324339,2.66331926956827,2.988705677255,3.04507832126077,1.49213488339012,"8141"
"8142/314.3413mz/6.48min",2.80823376012223,2.64468531813775,2.52266835476808,2.08103163645039,2.87206803776093,2.30570408392749,"8142"
"8143/386.3624mz/6.51min",3.63734650746279,3.30542542411629,3.0819288415031,1.93945099074616,1.64310166306583,1.02195609238749,"8143"
"8148/335.125mz/6.47min",2.23939877004768,2.42379694632596,2.26583170877443,2.61356404704438,2.64542820300704,2.44962970112926,"8148"
"8149/149.0233mz/6.47min",2.41099744082484,2.3381403936278,2.20204645979294,2.71929184049119,2.72481846667393,2.47893592880717,"8149"
"8150/313.143mz/6.47min",2.39193368221251,2.31664369423494,2.18907627760042,2.69099901341779,2.67382181000623,2.45811501614088,"8150"
"8151/532.384mz/6.47min",1.43833927957599,2.04799341792776,2.40157040913179,1.55325250782951,2.42051546892871,2.7534975324409,"8151"
"8152/91.0542mz/6.47min",2.20784149034395,2.16775681125567,2.23317834102862,2.38818195361168,2.44892825996981,2.47428882631325,"8152"
"8155/576.4101mz/6.47min",1.47009578317216,2.07974993035763,2.42588309114924,1.58500901528877,2.45130590052838,2.78558127717224,"8155"
"8156/265.2523mz/6.46min",1.12735414132456,0.996376674183071,1.22163599953106,2.78487698561684,2.84935527026014,2.85709218292834,"8156"
"8160/620.4362mz/6.48min",1.42076719464128,2.03042132752045,2.36465353835229,1.53568042050155,2.37672707434864,2.73601050110719,"8160"
"8165/399.2501mz/6.48min",2.45508924626851,2.13979394536766,2.19751412401729,2.62384911468645,2.52145013113435,2.27703329570094,"8165"
"8173/374.3624mz/6.51min",3.2803754690262,3.26751350801308,3.19223656353783,2.22917577808813,3.23970937096118,2.91471255991271,"8173"
"8176/806.5635mz/6.5min",2.3251642326366,1.76569040437279,2.33299143758969,2.35982871440922,1.62838264352639,2.22112545003721,"8176"
"8181/414.1695mz/6.5min",2.46657003234688,2.32625471188123,2.1791744545373,2.57152550476334,2.60882610308155,2.61519005209922,"8181"
"8187/272.2581mz/6.52min",2.37675815636137,2.28827281454512,2.52225602012349,2.21823301123953,2.29497292917004,2.26202659424348,"8187"
"8194/314.3413mz/6.53min",1.93654649939699,2.76744321915227,2.83872575442066,1.39354318096953,2.3899064703036,2.58550825793684,"8194"
"8195/279.1588mz/6.55min",2.44234745676706,2.06764512983645,2.57772970745268,2.74826251348327,2.58844794138001,2.76775302132164,"8195"
"8196/149.0233mz/6.56min",2.82381298557168,2.49997046007259,2.94024513990389,3.12751633550779,2.9881976220403,3.13456101942412,"8196"
"8198/301.1407mz/6.56min",2.26750414605312,2.08615431008992,2.59589524605081,2.66229708516885,2.5578947674092,2.74785747821931,"8198"
"8201/283.2628mz/6.58min",2.07361053058698,2.1089391223379,2.12712240953046,2.44027052449833,2.52887280295163,2.53061396457127,"8201"
"8205/386.3624mz/6.58min",3.11039949815298,3.548542461283,3.36204872231651,0.669551463241532,1.38258804579596,1.40814612841783,"8205"
"8209/228.2321mz/6.6min",2.72156840243899,2.66010659742995,2.96709185632282,2.6709090478357,2.75664848857308,2.75866050555118,"8209"
"8210/297.242mz/6.6min",2.41423033735671,2.19008711530786,2.38949156499138,2.32943571278433,2.36976665041394,2.19848931097822,"8210"
"8218/286.2737mz/6.62min",1.87361758714986,1.66021422126518,1.89923174711443,2.80289763802257,2.85194210712935,2.79391107154864,"8218"
"8219/380.1852mz/6.63min",2.61718302808194,2.4564553293818,2.39521618216917,2.88404156389715,2.74270610739669,2.96243529914542,"8219"
"8243/424.3628mz/6.73min",2.48824017605194,1.95296650138488,2.21327536082946,2.541536679963,2.46466873594688,2.42851594204809,"8243"
"8244/429.3182mz/6.73min",2.38524533827054,2.20869435800487,2.42824110033685,2.45616295693475,2.48655875954049,2.61365175483521,"8244"
"8245/600.4676mz/6.74min",2.29327451269792,1.82508513796696,2.13619314334773,2.36328948106969,2.18737299271029,2.29215722819624,"8245"
"8246/468.3895mz/6.74min",2.4703484577005,1.72699810023189,2.14476925477016,2.66158493903509,2.57780640934583,2.56766778704924,"8246"
"8247/291.2315mz/6.74min",3.11088609072602,2.93532563100261,3.09472540717378,2.20138618731587,2.4084131074876,2.2212762381847,"8247"
"8250/512.4153mz/6.74min",2.60257368126859,2.13411126916909,2.39622626790199,2.66773144966627,2.61303886376014,2.62191842779141,"8250"
"8251/556.4414mz/6.74min",2.48233791651187,2.04266698815348,2.28749506841503,2.54698687223708,2.49183130266396,2.50600616711834,"8251"
"8252/383.3264mz/6.71min",2.66684649383714,2.4635915433293,2.74106080827706,1.82436068060884,1.92535023387045,1.73240755143451,"8252"
"8254/473.3444mz/6.74min",2.15041922460332,1.95456403702043,2.22962569635048,2.23242166493218,2.05084564261454,2.47184939826728,"8254"
"8255/286.2737mz/6.74min",1.93287158057646,1.96731180255536,2.18763526793966,2.57632070486434,2.75904533364736,2.56015337033324,"8255"
"8261/280.0651mz/6.79min",2.35774937542492,2.29265094208792,2.42235772778298,2.39102861567324,2.42256884172345,2.4540430712024,"8261"
"8262/324.2892mz/6.8min",1.92163265233569,1.5563241451813,1.80785047420538,2.58065843312009,2.57503811582701,2.4920125896025,"8262"
"8274/242.2476mz/6.85min",2.41587928340279,2.37474001090039,2.55811422551314,2.26117052682662,2.37429466457841,2.33655544666256,"8274"
"8277/339.3254mz/6.86min",2.31324709404889,2.17749320083617,2.3606586733434,2.44663893404204,2.53980386075383,2.38367801317256,"8277"
"8281/344.3155mz/6.9min",2.36060601747426,2.29498227255318,2.42118724724966,2.56165618084666,2.59442218893385,2.46397507627492,"8281"
"8288/242.2476mz/6.93min",2.57220522062765,2.56316314945466,2.76529153656936,2.47848229792265,2.56149171697483,2.61929340502769,"8288"
"8292/427.3201mz/6.98min",2.536150843759,2.50720226806101,2.5903999000459,2.48972145705952,2.54800971857046,2.64724452769113,"8292"
"8295/297.2396mz/7.0min",1.93660945341867,2.1922377469219,2.30649726025406,2.29900748061547,2.48985660855628,2.14136517670967,"8295"
"8296/336.3256mz/7.0min",2.90073125922553,2.99321853345365,3.17945978248941,2.87046945601186,3.01474205620884,2.97188445899409,"8296"
"8297/293.2471mz/7.0min",3.29469728709703,3.29000830791132,3.4552840433897,2.54345725155442,2.79323821136039,2.65635612010716,"8297"
"8300/280.2631mz/7.0min",3.07153453665919,2.78853130934,2.98632278481277,3.13114381738773,3.13732920250976,3.16738216266414,"8300"
"8303/341.2658mz/7.01min",2.11427665015201,2.28903752461401,2.40132849875951,2.53692760658892,2.61981248883224,2.32238072199481,"8303"
"8304/319.2838mz/7.01min",2.13302166129336,2.0309551880434,2.16716375946694,2.52075842625131,2.50966769925558,2.07702238678531,"8304"
"8310/300.2892mz/7.02min",2.68126633336086,2.57375604872893,2.74743339819379,3.44672394966204,3.47502370543829,3.37677108495539,"8310"
"8314/385.2919mz/7.02min",2.06012688516435,2.12135211174752,2.24785657372445,2.47178982882451,2.39589537942422,2.24514769845838,"8314"
"8315/429.318mz/7.02min",2.01485992559344,2.0398459263475,2.18199846160734,2.43898357122192,2.27567346892858,2.20341034247088,"8315"
"8316/424.363mz/7.02min",2.3346500953853,1.94742198344794,2.11988826849248,2.60723507336093,2.42374786675346,2.16013017447683,"8316"
"8317/512.4152mz/7.03min",2.2182171920523,1.93108218389252,2.09250718104211,2.4679944022632,2.28089248730898,2.10869941562211,"8317"
"8321/482.3945mz/7.05min",2.69997311055275,2.54104848452138,2.65520198646792,1.68552179832085,1.74447847909135,1.81314264198076,"8321"
"8324/397.3421mz/7.06min",2.61949079803357,2.46500466752211,2.75589115127028,1.70409026915965,1.79106200790789,1.55601557778281,"8324"
"8325/796.5486mz/7.09min",2.75537518665831,2.72485723713918,2.93221386789183,0.940140295842783,2.750968485788,1.62567642328279,"8325"
"8330/804.5501mz/7.14min",2.76250140765119,2.95391673430992,2.96802409156149,3.25888262106785,3.38752490564049,2.71724465415485,"8330"
"8332/780.551mz/7.14min",3.27899482539544,2.2460028367067,2.30852266316505,2.26943483617227,2.42136701148867,3.45249664883244,"8332"
"8333/806.5643mz/7.14min",2.86817904101501,2.62686512664279,2.92106382523073,2.95120334438935,2.80485255300535,2.65722248742134,"8333"
"8338/293.2834mz/7.14min",2.90810191221355,2.86473001330417,3.04484306583222,3.0159319349282,3.11271240104074,3.13981510856265,"8338"
"8346/311.2939mz/7.14min",3.36503864699197,3.32586850913695,3.50568318425226,3.48302754996653,3.57713071574639,3.60136024302833,"8346"
"8362/326.3048mz/7.19min",1.94138284991291,1.52667735499355,1.74280079932669,2.7776925739993,2.77859463521968,2.68372283329287,"8362"
"8367/256.2631mz/7.24min",3.55283235069669,3.52897755075975,3.75302570841645,3.63793646721983,3.65414209324588,3.65093854497536,"8367"
"8368/257.2664mz/7.24min",2.77873502788443,2.75840366925136,2.98304690820884,2.86242908354666,2.87322997487573,2.87220210131366,"8368"
"8371/413.3771mz/7.26min",2.51381462739427,2.54433514546236,2.68101098554198,2.66276182826072,2.74284421284184,2.69933717820162,"8371"
"8372/395.3669mz/7.26min",2.03799193755617,2.0893404828866,2.22755343511263,2.1980893901253,2.30153403177261,2.2427441171145,"8372"
"8382/496.4108mz/7.33min",2.92957103030279,2.83750145437184,2.87932128914916,2.35730042445951,2.26539464244395,2.26449900664119,"8382"
"8390/282.2787mz/7.39min",3.21975598317357,2.9398698206903,3.12057100190468,3.13475546056069,3.24799657612513,3.29772524686205,"8390"
"8393/377.3197mz/7.4min",2.18531732411644,2.07177927125974,2.02190540116442,2.14780057772013,2.41926117761789,2.23546056388942,"8393"
"8394/395.3303mz/7.4min",2.19860875506058,2.26194901037257,2.26298288494079,2.4274685164084,2.42691482898402,2.30330246878786,"8394"
"8395/325.3096mz/7.41min",2.55652422244137,2.5319278119429,2.6478814621822,2.66698212710243,2.71727197257153,2.78152688824601,"8395"
"8398/804.5499mz/7.4min",2.85852330942409,3.1108608090312,2.87102908350248,3.15791090900436,3.28117515726558,2.22226217846884,"8398"
"8407/780.5509mz/7.43min",3.28307067623509,2.87022771937019,3.28722066864367,3.10769351309725,1.62953511766729,3.34405605829975,"8407"
"8408/781.5544mz/7.43min",2.98514655161672,2.53041996396238,2.97533342302028,2.79104298535497,1.2962710449579,3.02888971753038,"8408"
"8409/796.5484mz/7.44min",2.37585955440674,2.32117738021604,2.48399110737509,1.37322505447498,2.60023101825552,2.05876174874108,"8409"
"8410/315.3253mz/7.45min",2.475012838745,2.46206702233847,2.59574245044598,2.50304403464501,2.6394562835401,2.6936031156073,"8410"
"8412/806.5649mz/7.43min",2.80139012300198,2.92596656409139,3.06950355125434,3.13945407460413,2.9413178959593,2.15750481877964,"8412"
"8413/270.2787mz/7.45min",2.26764294596569,2.18962556748084,2.34730619032922,2.31970916598044,2.34532423255245,2.31024680057165,"8413"
"8416/355.3201mz/7.46min",2.17062819520711,1.98146728628803,2.09786771082519,2.29927268356991,2.45125604182206,2.25486935136643,"8416"
"8419/774.5637mz/7.46min",2.91175033954922,2.75555211826567,2.89385597987022,2.26081117303786,3.31458593319927,3.07710919029615,"8419"
"8424/650.4384mz/7.52min",1.96673023449555,2.35444861307657,2.39042050851735,2.04503504637667,2.41963849755283,2.67775080625168,"8424"
"8443/510.4268mz/7.59min",2.86110623752886,2.78470678931858,2.81272140247383,2.16389803536357,2.24813977301287,2.3850051769347,"8443"
"8446/328.3205mz/7.61min",2.58608926145579,2.463775806477,2.62146573493024,3.40110530902137,3.4913597799737,3.4064829294167,"8446"
"8458/185.1534mz/7.65min",2.31587146942346,2.27907732969458,2.39270486944263,2.41487626551907,2.41181600905513,2.51938641805084,"8458"
"8460/341.3316mz/7.66min",2.75089185203607,2.7049546269141,2.8073263198838,2.83316566037216,2.84432385036467,2.95399023594624,"8460"
"8463/199.1691mz/7.65min",2.42006513825895,2.36531723239894,2.48367127447942,2.50493315673716,2.50321665290139,2.6173734511906,"8463"
"8464/209.1898mz/7.65min",2.31227616797802,2.2652127355418,2.38964236857073,2.40947439717587,2.41841419133193,2.51252976093809,"8464"
"8465/227.2003mz/7.65min",2.52993322479206,2.48886044708107,2.59371373503679,2.63270850638155,2.62746860606801,2.73628093221748,"8465"
"8470/237.221mz/7.66min",2.30418616599622,2.25799991948906,2.36615485319822,2.40635507305201,2.39756337945714,2.49319016967358,"8470"
"8471/321.3147mz/7.66min",3.75053868703127,3.70610678395524,3.8097136366583,3.83437464947104,3.8390723962472,3.94061858375771,"8471"
"8472/339.3253mz/7.66min",4.28543700457455,4.2381716295962,4.3432114940235,4.37155012408021,4.38445488733126,4.48367199043142,"8472"
"8474/223.2054mz/7.66min",2.32138855163903,2.26856469423623,2.38049179789773,2.40542485164301,2.41681433801643,2.52656707063216,"8474"
"8475/269.2471mz/7.66min",2.57174721285062,2.52773361014997,2.64037299514847,2.6551658735558,2.67158083729935,2.76963490270232,"8475"
"8477/303.3041mz/7.66min",2.68707676315884,2.64181451206834,2.75203609827218,2.75663342497967,2.77361282427201,2.88300549335338,"8477"
"8478/241.2158mz/7.66min",2.57105822156761,2.52529975547034,2.63001646235974,2.65991461448279,2.66948027021656,2.76980789063632,"8478"
"8479/213.1847mz/7.66min",2.47280229927091,2.42803112421591,2.54377719675121,2.56244354270175,2.58479522123102,2.69197126149344,"8479"
"8480/283.2627mz/7.66min",2.47436319616815,2.5043807204605,2.60359574107108,2.55789886938326,2.57131425740244,2.69126944320928,"8480"
"8482/195.1742mz/7.66min",2.29689855190952,2.24446314430401,2.36808813892532,2.40042982676179,2.39138554304715,2.50486579047201,"8482"
"8483/251.2366mz/7.66min",2.1827040230798,2.19382694470493,2.31578257611704,2.22903263374268,2.28439566778546,2.43306189561776,"8483"
"8484/255.2315mz/7.66min",2.59832299062677,2.56337316466266,2.66199155820206,2.68990932969662,2.69011283550722,2.79975357142252,"8484"
"8488/535.2696mz/7.67min",2.2551912225794,2.25277242921793,1.71042493468528,2.283052012847,2.2666056686318,2.16614154832799,"8488"
"8489/740.5219mz/7.67min",3.08035948868117,2.2206654847982,3.11926409952497,1.39483150139394,4.15765573063524,3.24579311963663,"8489"
"8492/445.3306mz/7.67min",2.65095628379761,2.29694518836594,2.58151630474238,1.71439371178879,1.77858391938521,2.67468527500646,"8492"
"8494/184.0732mz/7.68min",3.29239502882929,3.15575615044907,3.30445962580682,3.30244995488285,3.30527218210597,3.44176402325567,"8494"
"8495/782.5685mz/7.7min",3.92326907695762,3.81277304871828,3.90750510672524,3.93052681925827,4.90138051897045,4.1403837175802,"8495"
"8496/674.4384mz/7.69min",2.59304011318637,2.64077419847798,2.77538622207315,2.8783675231846,3.57691084284636,2.47105232521188,"8496"
"8497/714.4699mz/7.69min",2.37564250962535,2.29848587221589,2.64414767412525,2.53663973011254,3.51232926157548,2.54509441687197,"8497"
"8498/779.539mz/7.69min",2.26021718871311,2.43919645230554,2.53472991285715,2.66113275842071,1.77773645832865,2.16236483452884,"8498"
"8502/788.6123mz/7.69min",3.18799080256681,2.36556595523416,2.88537137228007,3.01697454672529,2.8112067655612,2.5452868907593,"8502"
"8504/650.4383mz/7.69min",3.25572911738411,2.81574290510163,3.07192835373193,3.0024050976055,1.86392311493959,3.39369883750636,"8504"
"8505/690.4698mz/7.69min",3.24045514113463,2.80433856120778,3.01861034877963,3.01639221588988,1.85247579986448,3.37147022760523,"8505"
"8506/784.583mz/7.69min",3.67902198073359,4.37559119522933,4.50254223742516,4.58047335755268,4.6492158775095,3.73735615315752,"8506"
"8507/804.5499mz/7.69min",3.18506987570603,3.22681158924186,3.25866397565352,3.49803353794998,3.43405043224063,3.10167629772816,"8507"
"8508/744.5536mz/7.69min",2.93251172083261,2.56928799077239,3.01094469995293,2.93579781084561,2.38036161454975,3.46429663855761,"8508"
"8509/757.5569mz/7.69min",3.34611726688726,3.29155256497749,3.52426766886655,3.460598500007,3.07053351730153,3.57632007975851,"8509"
"8510/778.5355mz/7.69min",2.66570628940775,2.79712942849628,2.86364596559213,3.03865426053453,2.09680647873634,2.74964230083711,"8510"
"8511/786.5955mz/7.69min",3.61240891745033,3.91921739454569,3.84556050101646,3.86047094275168,3.3502095390687,4.02035381108199,"8511"
"8512/808.5784mz/7.69min",2.64388443279223,2.96043778167234,2.76357893999173,2.98926455844292,2.211697404229,2.69817003995892,"8512"
"8513/796.5486mz/7.69min",2.44482864467183,2.41587213249806,2.55789153211714,1.5661758385368,2.73386160740839,2.25171258537415,"8513"
"8514/756.5534mz/7.69min",3.67198216391123,3.61846993927372,3.84983869841286,3.78750415407579,3.39139710939686,3.89831565695727,"8514"
"8515/758.5691mz/7.69min",4.90707600434136,4.56941522719877,4.75493201945436,4.72684031028994,4.16737330295679,5.13071401765716,"8515"
"8516/806.565mz/7.69min",3.01377904625412,3.37659500682497,3.38305874774354,3.57437692345385,3.52026457038022,2.94117386411183,"8516"
"8518/774.5635mz/7.69min",3.11920939404458,2.93091525158706,3.07945506631471,2.43617430558096,3.47507398639945,3.23999775567523,"8518"
"8519/800.578mz/7.69min",3.25421978186818,3.12062371887469,3.55532918902127,0.769238811618239,3.39705472420504,3.43721076915234,"8519"
"8522/780.5508mz/7.69min",3.83606499447367,3.81702435223789,3.7686350691754,3.95530379924709,3.40271062593418,3.68910698830053,"8522"
"8523/781.5542mz/7.69min",3.49601577439613,3.49239652816406,3.42707122423057,3.63006721251343,3.19066148058068,3.36159813455697,"8523"
"8524/599.5029mz/7.68min",2.72024158871855,1.42850766005985,1.98613039922832,1.92573059922907,3.36311087296706,2.38435783657446,"8524"
"8526/798.5618mz/7.69min",2.16919706504748,2.02756999369938,2.67667084969048,1.53282908720407,2.61424404549926,2.40714611445178,"8526"
"8527/822.5621mz/7.69min",2.47526686675209,2.5011901120061,2.77228140793035,1.27954340433065,1.99258214194366,2.21724622284122,"8527"
"8531/575.5027mz/7.69min",2.60585434299719,2.04887157297357,3.27206067406934,2.85288998563354,2.99019018828117,3.59128736246235,"8531"
"8535/508.4142mz/7.71min",2.06128310125278,1.73829054732446,1.60897889849452,2.67492274712087,2.62473015496208,2.48214602141342,"8535"
"8543/535.27mz/7.77min",2.37214642156413,2.36469238163328,1.88149624107495,3.10363662405011,3.05531043372368,2.73814072529471,"8543"
"8547/284.2945mz/7.8min",3.60830668666379,3.53669393146828,3.67985060878329,3.71863482960546,3.69762708858557,3.54835229639933,"8547"
"8550/411.3253mz/7.83min",2.52130578337489,2.29106382646532,2.21958508631952,2.72467255690381,2.66211418706362,2.11578524428088,"8550"
"8554/484.4872mz/7.9min",2.6567822329722,2.13108627139237,2.2999964194722,2.71853545922282,2.67880819778294,2.02516965991932,"8554"
"8556/353.3411mz/7.88min",2.67199068625755,2.64108880632722,2.47279067138072,2.72681009448207,2.66554053015635,2.51243456973101,"8556"
"8557/310.3099mz/7.88min",2.8484030454333,2.6418589610097,2.62877983683129,2.77677226969696,2.836434588894,2.45326565612844,"8557"
"8562/284.2944mz/7.92min",2.73346441856847,2.56492700885796,2.35231410713614,2.91839354166761,2.87327280216493,2.47231731658262,"8562"
"8564/413.3773mz/7.92min",2.26825479877897,2.09211311189433,1.97269161366144,2.2642508235494,2.33778159411813,2.10538912585184,"8564"
"8566/453.3356mz/7.93min",2.92034386090374,2.27051058416205,0.771289308036741,2.41934826942156,1.60879251337121,2.15361279607736,"8566"
"8572/309.2783mz/7.94min",2.17613184442325,2.16477639966241,1.7337006378349,2.63558880150852,2.80349729104931,2.43279526927327,"8572"
"8575/325.346mz/7.96min",2.88228792385008,2.87250114561677,2.72845027374601,2.75045388560826,3.033469616066,2.77679522322416,"8575"
"8577/343.3566mz/7.96min",3.45766556443549,3.44972035785108,3.31311697361752,3.34283115495976,3.60926147239298,3.36678615939593,"8577"
"8583/498.5027mz/8.05min",2.8199061290644,2.59673891665873,2.45075907667717,2.89142436040774,2.88032589374544,2.2932312158536,"8583"
"8592/284.2944mz/8.06min",2.95320705078623,2.76388851580663,3.15322827610491,2.03515444890339,2.31230027865473,2.07155880863605,"8592"
"8597/349.3459mz/8.09min",2.45462795434696,2.4492962466583,2.45543097712888,2.44173823114149,2.51865425014476,2.52057901810698,"8597"
"8598/367.3565mz/8.09min",3.04895823463545,3.05635334878402,3.08114304486558,3.07887200815654,3.14818024904176,3.1658256299962,"8598"
"8603/356.3518mz/8.11min",0.996035378631755,0.966045733605548,0.961171813160172,2.6604384308034,2.91502479747685,2.55463094145222,"8603"
"8605/413.3772mz/8.12min",2.44474031234853,2.46941369112565,2.55603998822239,2.53416589443392,2.73512247579719,2.5779548585664,"8605"
"8606/395.3667mz/8.12min",2.28483976720519,2.31516311549754,2.39784141722177,2.37259326079611,2.58826000355404,2.40009061081064,"8606"
"8612/611.535mz/8.17min",2.48198876076105,1.3743229255173,0.755117703381124,3.15229334632364,2.89408936005423,0.866149628809745,"8612"
"8617/184.0732mz/8.14min",3.20669356638743,2.93786273182246,2.83705723000966,3.27106076839897,3.35617254077566,2.82225837520001,"8617"
"8618/674.4384mz/8.14min",2.95133577962391,2.7925387074758,3.11215849388009,3.24259311955618,2.81570158352353,3.37884269430442,"8618"
"8619/714.4697mz/8.14min",2.9598441410743,2.83568639298146,3.20067593790124,3.35189524646214,2.25585059823158,3.40690607264005,"8619"
"8620/782.569mz/8.14min",4.49606003555683,4.25048146047494,4.79870725493434,4.88514861254369,3.66113780245516,5.04961739235107,"8620"
"8622/772.5846mz/8.14min",3.21933094954268,2.41883554569271,2.49859881383181,3.32203460698812,2.6371334743804,2.60963138217628,"8622"
"8626/798.5631mz/8.14min",1.46626097727786,2.13334242177427,2.66862311335124,0.292627876396214,3.04930158112441,2.17401486077809,"8626"
"8627/804.5496mz/8.14min",3.36418026586565,3.50954276701668,3.75331554521213,3.846282930048,2.00485746924185,3.70463306949051,"8627"
"8629/784.5805mz/8.14min",3.95101282871953,3.62475731007698,4.20490844776129,4.14115110251195,4.05712809436529,4.43133864320646,"8629"
"8631/744.5534mz/8.14min",3.46334882192873,3.11800794946324,3.42680429224191,3.55724062070692,3.013258615013,3.07241855830372,"8631"
"8634/780.5511mz/8.14min",2.84036924951064,3.20759551069246,2.88207840359104,3.17806568091551,2.9335386240146,2.42311153013152,"8634"
"8636/781.5547mz/8.14min",2.51504064871827,2.88730954310999,2.6551182812378,2.86508058172284,2.6490518159374,2.10743803949634,"8636"
"8638/756.5532mz/8.14min",2.48096706726666,2.32561404579722,2.46024364540555,2.62258069335151,3.19197189929491,2.70411331573753,"8638"
"8643/758.5692mz/8.14min",3.80165996702882,4.00655995843823,3.80463576278171,4.17042006894326,4.80539390330372,3.87842050923961,"8643"
"8647/575.5028mz/8.14min",2.38263490483753,2.25685929033655,2.28867046824305,2.59658862881249,3.74290360660126,2.47879240739903,"8647"
"8653/806.562mz/8.14min",2.71654883544907,2.79531080575319,2.98060572117313,3.0438042819173,2.45506890494031,2.90443007358692,"8653"
"8657/498.5027mz/8.12min",1.35477450901927,2.68991743220832,2.83304377256888,0.604679256745892,2.38814940116898,2.88142345835166,"8657"
"8663/512.5185mz/8.24min",2.76116257822624,2.5529629526839,2.44065470887256,2.84746908146535,2.79634596637527,2.33407924283227,"8663"
"8668/352.3389mz/8.23min",2.54607575007261,2.40957784639115,2.68677620774515,2.50119577905638,2.73978954362158,2.58833349250723,"8668"
"8674/381.3511mz/8.26min",2.35620683108057,2.40918001733,2.49040612378364,2.38032441392811,2.60999638233158,2.38809511614955,"8674"
"8676/312.3255mz/8.26min",2.64317534420481,2.52109129226814,2.66523679172211,2.85344957981207,3.01646617428973,2.82247828540296,"8676"
"8682/415.2717mz/8.3min",2.49967037324021,2.53600284308898,2.75364027054205,2.84455944365975,3.01567808458595,2.82873808218166,"8682"
"8683/454.2921mz/8.3min",2.54161307834567,2.53775733940714,2.60485470164189,2.71509855087568,2.82236990238228,2.66956816776816,"8683"
"8684/279.1587mz/8.3min",3.18026367946477,2.95274280581533,3.0226889251829,3.25126351843689,3.38514545407532,3.10474540397767,"8684"
"8685/190.0497mz/8.3min",2.68812974692416,2.42320275524289,2.50841822246047,2.74639431368504,2.87096746775939,2.58002888802798,"8685"
"8686/167.0337mz/8.3min",2.83008761052461,2.60032319370168,2.66747286695803,2.9084677970576,3.044970205489,2.75758928258636,"8686"
"8687/429.2394mz/8.3min",2.70548146225011,2.73978050050002,2.83681355762622,3.0959458080898,3.03671460555235,2.99445427230778,"8687"
"8688/803.5422mz/8.3min",2.92838919516391,2.96723609933423,3.05625036091815,3.13956790451489,3.33399196225853,3.10078707872794,"8688"
"8689/391.2838mz/8.3min",4.35493959796908,4.13500414542715,4.22249364186856,4.42008444251528,4.56797009499419,4.29296753194521,"8689"
"8690/413.2656mz/8.3min",4.07412596675117,4.09074308054633,4.16399599869071,4.26063193713284,4.43085379296244,4.24278391511469,"8690"
"8691/113.1323mz/8.3min",2.39685829673941,2.16352661283489,2.22330006366346,2.46418986288874,2.61195675878692,2.31849383324483,"8691"
"8692/149.0232mz/8.3min",3.99969914397313,3.77088120580042,3.83435339774936,4.06943573537167,4.21599568432511,3.93018216321511,"8692"
"8694/121.0283mz/8.3min",2.44386748793633,2.20293134311539,2.26269861156917,2.51164300076436,2.66743039664102,2.34898402016774,"8694"
"8695/804.5468mz/8.3min",2.8088945851481,2.8869567894682,2.95753525699971,3.10957189981106,3.06095114683508,2.95605502932142,"8695"
"8697/549.2854mz/8.31min",3.14373653266938,2.97238212279516,2.5807989983336,2.69116042973025,2.92162709568401,2.69892804338223,"8697"
"8698/371.315mz/8.31min",2.24727705954512,1.74110710517489,1.9683792887342,2.43139258603622,2.50922869157179,2.18142586899187,"8698"
"8699/338.3412mz/8.32min",3.69639456978857,3.47433399638781,3.67165628719098,3.81783885151864,3.95748274786633,3.73535098587396,"8699"
"8705/415.3563mz/8.34min",2.26928758440428,2.26708413831951,2.28623422181141,2.66427627902066,2.73437692373382,2.52984944609057,"8705"
"8706/512.5185mz/8.31min",1.95744045879687,2.64362026344068,2.77206193519668,1.37338379797266,2.29603720634423,2.82345315232611,"8706"
"8711/312.3256mz/8.38min",2.21042231436812,1.99200799747813,2.13859662485997,2.47512554630624,2.4354939943653,2.26111760359169,"8711"
"8712/291.2791mz/8.39min",2.06482446408375,1.67403514421903,1.91339226180055,2.56352027305718,2.49287129963049,2.33780986383129,"8712"
"8719/371.388mz/8.39min",2.4813712844663,2.32224311895952,2.45817596759339,2.28102104379507,2.6472016831414,2.46622668955452,"8719"
"8721/427.3567mz/8.4min",2.29727035293156,2.24094795383423,2.25299743187782,2.58451909353705,2.72550171081932,2.39467408107108,"8721"
"8722/463.3778mz/8.42min",2.41764436661923,2.06413728691978,2.1444474008963,2.7613989791572,2.67414031588719,2.3409596440586,"8722"
"8725/690.4336mz/8.43min",2.77859381183244,2.88817230554163,2.81741418202123,3.18828921947755,2.11530088999918,2.07108475468815,"8725"
"8727/395.3669mz/8.44min",2.60118541720639,2.62316426047731,2.670709685142,2.68796084713988,2.78575313545064,2.61024916574835,"8727"
"8729/191.1793mz/8.45min",2.3756940539873,2.14042249164076,2.33344153186905,2.51695544863055,2.64321615593721,2.2937882519092,"8729"
"8731/352.339mz/8.48min",2.49744837822881,2.7076174409619,2.42018352327021,2.82674621753829,2.84752188036927,3.26140883779545,"8731"
"8735/714.4698mz/8.45min",2.3548753267648,3.16581651840231,2.7739990677435,3.19349641953301,2.12306481065891,2.38945242993521,"8735"
"8741/409.3825mz/8.48min",2.53621602299061,2.27449037661064,2.42381804573367,2.55450903198189,2.73294123436976,2.44184493738867,"8741"
"8742/427.3931mz/8.48min",2.60835552377202,2.30594469738963,2.47663419036993,2.55951520936553,2.7467932088695,2.47835253180466,"8742"
"8744/287.2367mz/8.49min",2.58785512367907,1.41585975330098,1.75130561027978,2.75063562292104,2.70062658797827,2.264612638482,"8744"
"8748/377.32mz/8.51min",3.11283338876965,2.11286311057013,2.2190553159927,2.3407096616904,3.27752574514268,3.15573385344012,"8748"
"8751/625.551mz/8.5min",2.93499731779933,1.30771037735232,0.68850569870323,3.59509974118336,3.06586852369719,0.799537393241127,"8751"
"8755/674.4385mz/8.47min",2.1651689476733,2.82215968025147,2.65694132453883,3.20111239594971,1.86680952412901,2.36057963614708,"8755"
"8757/429.3724mz/8.51min",2.47396943307496,2.42450813090443,2.40498386357947,2.87479416869523,2.87313223436762,2.60684910367742,"8757"
"8766/101.0709mz/8.56min",3.5727936640741,4.09409657852057,4.1743003492002,4.36440071735044,4.4721412591964,4.19617239970967,"8766"
"8768/409.3826mz/8.56min",2.38251466116458,1.97919482866633,2.1445422324405,2.24734518202325,2.42887386488388,2.13713336726745,"8768"
"8769/427.3933mz/8.57min",2.63499829597078,2.26697293107153,2.41666275867119,2.54506737848989,2.71130048825624,2.34644093209739,"8769"
"8770/441.2975mz/8.57min",2.432391224175,2.5828191467792,2.58316140328778,2.77019745309475,2.66927777272732,2.46231359618866,"8770"
"8771/419.3153mz/8.57min",2.85005438682648,2.57792274935039,2.67300284997492,2.97294971893321,3.02058312756404,2.65446468438315,"8771"
"8773/352.3391mz/8.56min",3.10657486779213,2.0825780189201,3.2694077834221,2.94956675077958,3.04595465691843,2.89696190703531,"8773"
"8782/340.3572mz/8.66min",2.59481970251566,2.09240364012552,2.21793498318543,2.58937804806251,2.52746627920884,2.36378923787542,"8782"
"8787/279.2317mz/8.69min",2.63257696819367,2.42061768722682,2.46955865066566,2.77044955836444,2.81934602175478,2.36988238609171,"8787"
"8788/601.48mz/8.7min",2.26648552840118,2.66806910165743,2.69250078661002,2.72428818729903,2.58215601105206,2.29654630240423,"8788"
"8793/449.3411mz/8.72min",3.06511899850899,1.96259753814825,2.12355426973357,2.88926234099541,3.3568475716134,2.86546387514582,"8793"
"8795/419.3515mz/8.74min",2.50258845707017,2.11079195324078,2.18907150042853,2.6782708419009,2.62978236006271,2.29700538127434,"8795"
"8799/377.32mz/8.75min",3.85889598436518,2.50124172624142,2.77479675280881,3.15408252595553,3.91479997820747,3.39367360254793,"8799"
"8801/352.3391mz/8.77min",3.54750771076482,2.81416911460501,2.78909972909893,3.52234591593066,3.22298319354437,2.89529028626276,"8801"
"8802/144.9821mz/8.75min",2.52923618447703,2.59236059337588,2.5781696509176,3.53919501478777,3.41495577814157,2.55625288036214,"8802"
"8805/393.3148mz/8.79min",3.08736247433809,2.42244338061175,2.29310632328381,3.17850982580334,3.23373138166783,2.85401758482655,"8805"
"8809/550.6282mz/8.84min",2.83585279158449,2.98317826477764,2.51397443629834,2.882525731145,3.07198021010887,1.92603700734124,"8809"
"8811/448.3497mz/8.82min",2.36743122787601,2.09521629404001,2.16296812819014,2.48939244192573,2.42342965495641,2.16827519440849,"8811"
"8812/149.0232mz/8.82min",2.43430872487636,2.11585217368744,2.1692120800714,2.57569303945002,2.53102168776248,2.21301893904325,"8812"
"8813/447.3468mz/8.82min",2.90563871358844,2.65391212128642,2.71741792637775,3.06417097865817,2.99389354490154,2.73532387112039,"8813"
"8814/469.3284mz/8.82min",2.58966327199014,2.89225555766484,2.89412958592606,3.04222011174905,2.74208477245887,2.71601246805002,"8814"
"8816/165.0909mz/8.83min",3.43134699868,2.90607501253774,2.94665137083183,3.64756762511371,3.58275413286655,3.17502306555233,"8816"
"8817/429.3724mz/8.83min",3.74366377049272,3.2166601487051,3.25887015678569,3.97415738155639,3.89620567782301,3.48320970230256,"8817"
"8818/447.3827mz/8.83min",3.63262261301704,3.12591879304189,3.17551695740724,3.8736521724851,3.79488540333764,3.39919105817721,"8818"
"8819/448.3861mz/8.83min",3.12895339603288,2.62536769711535,2.67186708092151,3.36926517692609,3.29538284488239,2.89655549024216,"8819"
"8820/431.3786mz/8.83min",2.42552611278771,1.88262667403101,1.91759646543461,2.6588041398241,2.57233530330339,2.16168464695391,"8820"
"8821/663.4913mz/8.84min",2.47067269622913,2.62640913533987,2.55877526934773,3.01357485643001,2.70596332510927,2.49220626046938,"8821"
"8826/393.3148mz/8.87min",2.91125249481752,2.24854826790488,2.41362458238257,2.95302663887489,2.94622906782466,2.49057602648435,"8826"
"8830/542.514mz/8.91min",2.98869117040812,2.49851351029034,2.57859603070933,2.90331922991358,2.95308392151101,2.45966141431378,"8830"
"8832/376.3077mz/8.98min",2.5106532417518,0.101419537663701,1.51159392202281,2.33165154669639,2.5403820688016,2.57308974824099,"8832"
"8836/144.9821mz/8.93min",2.68996922998249,2.61340534525038,3.16238796190659,2.88213914034145,2.76509576562607,2.5564911933954,"8836"
"8838/498.4877mz/8.94min",2.85031866048614,2.34680252509306,2.43870434635099,2.84774343641619,2.88976458874379,2.18717528683499,"8838"
"8839/352.339mz/8.94min",3.26835723943004,3.43772789541042,2.98789876279553,3.29400948752883,3.86597869102869,2.98019698147994,"8839"
"8841/568.4932mz/8.95min",2.25952245464156,1.72293853301615,2.17231124893579,2.59054218520744,2.56102602678229,1.48888852413713,"8841"
"8843/550.6283mz/8.94min",3.13898712822182,2.26203316287801,3.15679821431257,2.92783616638804,2.84622203956057,2.93937929240352,"8843"
"8844/655.5242mz/8.97min",2.39849388250155,2.28072255889402,2.21897701799024,2.79620050194088,2.55746390418825,1.95858994504481,"8844"
"8845/677.507mz/8.98min",2.91583444358959,3.07082206284132,3.03291416415524,3.45742066339808,3.20233513409232,2.96433507553307,"8845"
"8859/299.2577mz/9.04min",2.27685087773294,1.90785167221996,1.95852966782116,2.50064215801454,2.39473529241711,1.94553012181337,"8859"
"8861/603.4955mz/9.05min",2.85540805039085,3.01718011403217,3.03170322424312,3.26667062993169,3.04829063218921,2.79241207618129,"8861"
"8864/587.4756mz/9.05min",2.13123579479843,2.36667423342535,2.36756871845517,2.56805252678964,2.17395279266257,1.91912859848698,"8864"
"8867/605.5105mz/9.08min",2.38073057683399,2.57787557830956,2.60810382875954,2.81077908894619,2.54382181858073,2.30909280148939,"8867"
"8872/576.4592mz/9.08min",2.28427470496389,2.42572092467235,2.42336152558388,2.70902081595013,2.44604128536076,2.20563665026107,"8872"
"8877/542.514mz/9.1min",2.49558432211517,2.10933675511361,2.16077088464539,2.58595675390139,2.56252523796941,2.14028850035349,"8877"
"8880/460.4508mz/9.15min",3.11818412748324,1.80867519181222,0.666677120355875,3.01876937124861,3.08465346084533,0.078773462751734,"8880"
"8881/534.4854mz/9.13min",2.20526458627035,2.46116453335725,2.29512583306806,2.31426500877225,1.99636698093327,1.77827550048388,"8881"
"8882/512.5035mz/9.13min",3.56422708993776,3.05180836416519,3.13416769761731,3.58614403388891,3.63398313971064,3.18832519230008,"8882"
"8884/575.4755mz/9.13min",2.09609329573422,2.39053382863127,2.3079152037227,2.8432802611383,2.5173337760969,2.26798175808041,"8884"
"8890/609.4872mz/9.15min",2.53499378904538,2.12723338717468,2.07008642518668,2.78982715319285,2.69610192562765,2.21687215245269,"8890"
"8894/582.5088mz/9.16min",2.17074436229769,1.55436745384293,2.17793342016413,2.58187310445179,2.55425082465749,2.17985823895642,"8894"
"8896/578.5112mz/9.19min",2.56320101258541,2.82613239199983,2.83868181357984,2.97740351282545,2.57774522369184,2.20286824028256,"8896"
"8898/556.5296mz/9.19min",3.50964245514661,3.04684491628137,3.10472417116224,3.52705664744591,3.56633374411651,3.10930817764609,"8898"
"8899/397.3461mz/9.21min",2.63004176921784,2.11148581568093,2.28819349441139,2.59252097563262,2.56246419379293,2.18798009417878,"8899"
"8901/691.5226mz/9.22min",2.19594560550037,2.50002637133898,2.42978672112348,2.88822975022794,2.62448612210278,2.2532879952718,"8901"
"8905/568.4929mz/9.24min",2.71302062488601,2.36288530601646,2.36057809784128,2.85729258077606,2.75494405260469,2.35853105330154,"8905"
"8906/504.4383mz/9.24min",2.20131487839516,2.49284019193241,2.48264943175718,2.61897654615433,2.31532817726861,2.12640876383815,"8906"
"8908/635.5577mz/9.24min",2.09791695174518,2.343088460074,2.40544818288777,2.26820793638168,1.83448316113418,1.81314748083694,"8908"
"8909/590.4748mz/9.24min",2.93397527715384,3.11543468810136,3.10005364700742,3.27889138174723,3.02740317401792,2.79190077012462,"8909"
"8913/377.32mz/9.27min",3.12950621132065,2.04024650639616,2.559861510647,3.74101854610902,4.14682180884579,2.53622923776357,"8913"
"8915/409.3458mz/9.26min",2.47206311337089,1.92477916739752,2.08080147502614,2.43832261643958,2.40697266676614,1.97638694655421,"8915"
"8916/393.3147mz/9.26min",2.70302637573705,1.57867551791984,2.75619367202253,2.86120554423244,2.90349778978235,2.0684752162313,"8916"
"8924/603.4958mz/9.27min",2.1634715730146,2.71387820481715,2.71006595481676,2.7273727139766,2.32723106412383,2.03865353006233,"8924"
"8926/601.491mz/9.28min",3.06926365792829,3.26890545351147,3.24817671036927,3.44995283447538,3.17720030168966,3.03531311398898,"8926"
"8928/579.5104mz/9.28min",2.94375957784931,2.59953819328955,2.60627975654309,3.04450924368727,3.02941136570681,2.6788318211848,"8928"
"8929/689.5443mz/9.29min",2.5029384851615,2.40688676964623,2.31127264857286,2.30331842125462,1.86949566499063,1.88317142447527,"8929"
"8931/590.4947mz/9.3min",1.88989929975429,2.39784814884778,2.01140898911822,2.86687758367368,2.39834427163497,1.9934168348285,"8931"
"8933/567.5092mz/9.31min",2.3114933541411,1.97119663025456,1.90577532619156,2.69400190988754,2.56654000288317,2.17752656233602,"8933"
"8934/589.4911mz/9.31min",2.74250036788642,3.00649089149364,2.89529264050015,3.41481021941245,2.80129472553522,2.85961189923914,"8934"
"8936/411.3616mz/9.32min",2.2410326206181,1.93341260039095,1.73891602976787,2.80815816302078,2.79669405050359,2.40593504185934,"8936"
"8937/460.4507mz/9.31min",2.31808912388259,3.26534559581388,2.62226543930964,2.11947316539589,2.11076553120355,2.42646845258721,"8937"
"8938/144.982mz/9.33min",2.93359851350791,2.56042540562054,2.49010513866358,2.62943102449032,2.68418324289041,2.46068556217109,"8938"
"8939/684.5665mz/9.35min",2.70362290136023,2.37714651072468,2.31407661537742,2.52419658046725,2.44977364975641,2.07283402312697,"8939"
"8944/548.5009mz/9.38min",2.53013351159593,2.78976959566522,2.78101154171377,3.01759638862825,2.68125985689822,2.47464331939404,"8944"
"8945/526.519mz/9.38min",3.73410099996306,3.24961567117009,3.30676240236058,3.83060374681674,3.81731279338625,3.37779528149787,"8945"
"8948/570.5451mz/9.39min",3.65197189158262,3.19819949825795,3.23798524383733,3.76527712143313,3.75034545337198,3.29069927313746,"8948"
"8949/592.5268mz/9.39min",2.85051675374154,3.13765203790157,3.1209895782641,3.33380580285393,2.97781380940347,2.78840159444957,"8949"
"8951/672.5277mz/9.4min",2.51241535635393,2.64240554736586,2.60878063646002,2.99012756937657,2.77042272156459,2.62156070026039,"8951"
"8952/552.5342mz/9.4min",2.34439494754758,1.74530163160914,1.85225608006149,2.49706952785084,2.56143386790952,1.85478211611747,"8952"
"8954/518.4539mz/9.4min",2.22446900874402,2.47535778431237,2.44267254633234,2.76974738812967,2.46167706952202,2.25629104269807,"8954"
"8958/411.3615mz/9.42min",2.82259328202724,2.37129606222883,2.50669377785232,2.91653904713089,2.76874670601308,2.33626769497708,"8958"
"8965/383.3416mz/9.44min",2.6789520345299,2.37921899413075,2.48538004175872,2.54748329728,2.58728074563062,2.33517238011561,"8965"
"8969/442.4037mz/9.44min",2.68379303694487,2.57736263981792,2.64676347508674,3.22007036597347,3.11977391625015,3.01003929677513,"8969"
"8970/393.3146mz/9.49min",2.70406065769353,1.8774453750579,2.22135731550469,2.73751999402105,3.5208710821137,2.15838512280855,"8970"
"8972/376.3075mz/9.45min",3.44840209581496,1.71294793671875,2.59292015536623,3.29927350304502,3.40004461987874,1.88499598276942,"8972"
"8973/375.3041mz/9.45min",3.96672194059562,2.43782676800427,2.63767581144858,3.82273078483049,3.9144903214779,2.28776657024905,"8973"
"8974/460.4506mz/9.42min",2.43499180302967,2.90693012044073,3.27763083240569,2.09702008530707,1.94595980245155,2.91394262858011,"8974"
"8976/593.5254mz/9.47min",3.62270982042614,3.24654826278196,3.28721107148211,3.77486381685323,3.74950997603093,3.35603814943326,"8976"
"8977/615.5064mz/9.47min",3.81367607103534,3.94615786311008,3.93994023837547,4.24732477503299,4.01944737011385,3.84795722707267,"8977"
"8978/631.4801mz/9.47min",2.20900383512633,2.31560772855525,2.00786862610264,2.81388828037406,2.48929620542958,2.30498957109422,"8978"
"8980/454.4037mz/9.49min",2.44269770179105,2.33479986033957,2.41113660533213,2.95798470052136,2.85625687588027,2.72447618768561,"8980"
"8983/653.531mz/9.5min",0.951687108200922,0.884071452346735,0.24318089577476,3.09718192547334,2.77087374315364,2.53619946602563,"8983"
"8986/604.4903mz/9.51min",2.11854447038611,2.29745887247745,2.30552125087192,2.63524338116053,2.33583358810305,2.14062710027568,"8986"
"8989/833.2403mz/9.55min",2.76647378437264,2.97529867263112,2.9445249114664,1.54325795435283,2.28906036280122,1.92814840758864,"8989"
"8990/832.2395mz/9.56min",2.87149331724509,3.07652447703269,3.05075804107629,1.39641488980397,2.45915600678637,2.33835350253881,"8990"
"8992/538.5189mz/9.55min",2.71357839529889,2.12694479960483,2.23547000505393,2.82240379053673,2.81634604961475,2.14555368105703,"8992"
"8995/144.982mz/9.57min",2.414717666932,2.14161412941653,2.72854070587897,2.85664969942313,2.71383068057199,2.29128562288424,"8995"
"8996/378.3231mz/9.59min",3.35517903950335,2.0483723644309,2.32263662147867,2.10991765608396,3.03261011060287,2.76262050115225,"8996"
"8998/393.3146mz/9.55min",3.05260496948899,1.96387419177741,2.04928321485016,2.30953964518575,2.82899334709857,2.7039344258971,"8998"
"8999/714.55mz/9.61min",2.74814942511246,2.3230402104232,2.50999246585897,1.82829927408523,2.7226653865659,2.89238043927585,"8999"
"9000/708.5914mz/9.61min",3.30306252224908,2.37612160645045,2.54074128868648,1.88138066787996,3.09966723853583,3.03236769157744,"9000"
"9001/377.3199mz/9.6min",3.8898296398725,2.74837461417225,3.23370302591991,2.66347627019548,3.52209799101702,3.41536483668751,"9001"
"9002/533.4534mz/9.62min",2.11178696662788,2.39906886956232,2.36533911670873,2.75168867924199,2.27993617881847,1.94504041837692,"9002"
"9003/713.5469mz/9.62min",3.11401251830562,2.68790742657236,2.87022572807489,2.19316648185795,3.09690471331828,3.19047693071554,"9003"
"9004/604.4894mz/9.61min",2.31880332846399,2.60526605880939,2.54975512356915,2.75312398541954,2.03642116504057,2.20344354020766,"9004"
"9005/606.5427mz/9.62min",2.19954767742178,2.54693469202882,2.54292356011229,2.84017092542514,2.04832574422436,2.07679620075751,"9005"
"9006/584.5605mz/9.62min",3.10092415135654,2.59604753183925,2.68313117847207,3.24510489100882,3.21214914773151,2.74312844803637,"9006"
"9008/585.5639mz/9.62min",2.60560155473222,2.07536543578556,2.20205783004879,2.8269132584744,2.42850220049147,2.30518593806241,"9008"
"9010/510.4875mz/9.65min",2.35527135508887,2.02507966757516,1.93003210837598,2.70128952405114,2.29639476689487,1.82003909791967,"9010"
"9011/532.4696mz/9.65min",2.33105001078955,2.68866995344942,2.65850584779931,3.05411426849162,2.69904977072618,2.36627299130585,"9011"
"9013/815.6363mz/9.66min",1.88621132108209,1.97238265695439,2.22218090102915,2.70620923970235,2.45217125566573,1.83102284649912,"9013"
"9015/686.5433mz/9.66min",2.90366585545576,2.98502617866379,2.96575483889844,3.36548574973217,3.17088682522209,3.03560700076956,"9015"
"9017/542.5411mz/9.72min",2.56406730616775,1.78559456361814,2.10787280412894,2.82961928576861,2.31588124116096,2.08744117847828,"9017"
"9026/397.382mz/9.7min",2.26372695291746,1.65231028327509,1.7859074830457,2.64626254733386,2.65840479727685,2.08988667369303,"9026"
"9028/456.4193mz/9.7min",2.83909009089114,2.73163857042279,2.80742235070255,3.43554787346972,3.33222129574304,3.21080687786325,"9028"
"9031/585.4847mz/9.71min",2.59065270957196,2.69263284967708,2.74211582829607,3.19216519104482,2.8999116336433,2.64726476771788,"9031"
"9032/645.4954mz/9.71min",2.15384467928901,2.60569905266823,2.65271442900168,3.13291924391307,2.83001965630182,2.4220860158719,"9032"
"9036/586.4883mz/9.71min",2.17316224241131,2.2760349347071,2.32096795950687,2.79207939244778,2.47916382871177,2.22860507085835,"9036"
"9038/487.448mz/9.72min",2.25989333146302,2.46309712017461,2.4277629576841,2.6896893077864,2.42319377196853,2.20372240313286,"9038"
"9039/629.5221mz/9.72min",4.13006475230339,4.22680985149464,4.22890535622803,4.55566574896582,4.34768215715393,4.17261748406858,"9039"
"9042/540.5345mz/9.72min",3.85811705716791,3.36856717395034,3.44859908870843,3.97390111513832,3.93755871355144,3.47004004128344,"9042"
"9043/562.5163mz/9.72min",2.69130062576369,2.94436753530587,2.93936723893912,3.20543054541512,2.86586591175851,2.61018573963308,"9043"
"9045/541.5378mz/9.72min",3.32775986968526,2.93817518368243,2.92382873649228,3.46153422992423,3.41200034482227,2.95403190647321,"9045"
"9048/652.5977mz/9.76min",2.54510475168484,1.66809467602617,2.27126534373404,2.55321181575324,1.7890194372221,2.47816470553169,"9048"
"9049/607.5404mz/9.77min",3.86195083609677,3.4026233112701,3.47006726356775,3.99008988703355,3.97985481625977,3.58707285880856,"9049"
"9051/584.5605mz/9.77min",2.75293929011036,2.29194519522328,2.35014393160011,2.65252201101537,2.71196892334212,2.26793185022856,"9051"
"9056/547.469mz/9.83min",2.3806790814933,2.55342254029839,2.56899077760596,2.68240323288025,2.57732051440801,2.54656161025912,"9056"
"9058/680.4794mz/9.87min",2.61430935972657,2.14526143656406,2.17376338060782,2.8745443457198,2.65010449425065,2.19015388052748,"9058"
"9059/663.4532mz/9.86min",3.83992902724343,3.45077509110669,3.54258776224382,4.03034873754927,3.91637886122646,3.52305187379059,"9059"
"9060/685.4348mz/9.86min",3.22013966428264,3.36677425212996,3.38795815087939,3.58962339681984,3.37131193675728,3.18220676046995,"9060"
"9061/706.495mz/9.86min",2.98814415726586,2.68907084981337,2.87898392838016,3.03142267902205,3.19144143333046,3.02730763308691,"9061"
"9062/708.5101mz/9.86min",2.91620448347192,2.60316877111906,2.75961226124768,3.03074566184066,3.03884676593482,2.89509254487001,"9062"
"9063/736.5418mz/9.86min",2.74843106816746,2.42874691221566,2.58522982883988,2.8536529358887,2.86410927102619,2.77174143532311,"9063"
"9064/763.5167mz/9.86min",3.3528926966559,3.07746312582185,3.20912106404396,3.45029349866894,3.49346860108707,3.32655334567726,"9064"
"9065/721.506mz/9.86min",2.13065437812139,2.1714461281721,2.3799299339635,2.530998878618,2.33908251823628,2.39148788051994,"9065"
"9072/144.982mz/9.95min",2.98061851363782,3.05977207839786,2.97842296399662,3.24674589846727,3.17693244241652,2.1914813704988,"9072"
"9073/546.4854mz/9.95min",2.03433942392288,1.99329426494685,2.19666882699254,2.67278963410415,2.34628730242531,2.1506108144124,"9073"
"9074/553.5381mz/9.97min",2.45370696214747,1.86000199075303,1.98530977301765,2.50634839019638,2.54753535541517,2.07830854418531,"9074"
"9075/552.5347mz/9.97min",2.8874400007136,2.37122624570466,2.50291431319818,2.94654344138888,2.99052929801039,2.53862745404479,"9075"
"9078/576.5319mz/10.01min",2.71049629219405,2.99013603984827,2.97672307064762,3.18568301183661,2.89621630648055,2.68983132887533,"9078"
"9079/554.5502mz/10.01min",3.81900665711611,3.29768169590406,3.41012508048078,3.88161458211265,3.9234841501791,3.46555537843399,"9079"
"9082/641.5224mz/10.07min",2.14197395765072,2.37830541651303,2.32250443423702,2.63873624513717,2.40975060669737,2.23945126524411,"9082"
"9084/213.1483mz/10.07min",2.39937639086063,1.94703111290934,2.04825875078169,2.625474706217,2.59541279240814,2.08367863727018,"9084"
"9085/598.5761mz/10.07min",2.63534794547547,1.72399270654111,2.15882092722099,2.69789176064614,2.71323660804749,2.1239131263377,"9085"
"9088/817.6519mz/10.07min",3.47946840349947,3.59215514987016,3.58637500759652,3.93561531337865,3.79740296448204,3.52252678701733,"9088"
"9090/812.6965mz/10.08min",2.57967416484918,1.47529224602715,2.0142344256944,2.86738950088497,2.76749474816053,2.12500399274095,"9090"
"9092/643.5378mz/10.1min",3.6828579549207,3.81934146228137,3.80761015967953,4.05473963108181,3.83891149257349,3.71908917366825,"9092"
"9095/621.5559mz/10.11min",3.5248380726492,3.07142798683898,3.17428500190512,3.65319824540527,3.67343330476661,3.33353172606491,"9095"
"9098/409.4398mz/10.17min",2.5537060702715,2.22049736469632,2.30974767201937,1.79593358055923,2.06484829710802,1.75480357888475,"9098"
"9099/695.4616mz/10.18min",2.35725585773896,1.12714288032641,2.06919749561206,2.10466639144074,3.46315196964704,2.44034111049933,"9099"
"9102/690.4333mz/10.2min",2.84797534782493,2.82674504312937,3.14977735126391,3.19634828161089,2.88286590327616,2.52453681333547,"9102"
"9103/625.5507mz/10.2min",2.07823162044251,3.09752543180549,2.88199967301531,2.24991554966752,2.59246077394738,3.3584566155104,"9103"
"9104/714.4697mz/10.2min",3.09558552138586,3.19262586187354,3.24640464439805,3.31030852038658,3.09992291952859,3.21672184905583,"9104"
"9106/674.4382mz/10.2min",3.16037598532989,3.07189811430327,3.28346140736567,3.43464616793585,3.0827642709483,3.31426008837679,"9106"
"9107/566.3081mz/10.2min",2.407559642875,2.71213757950351,3.00475972553844,2.73161416086248,2.40033229093329,2.88634820550756,"9107"
"9109/650.4382mz/10.2min",2.3168562055396,2.70973069389667,2.25186269227615,2.71634639881188,2.8275511788173,2.14345394899448,"9109"
"9110/690.4694mz/10.2min",2.01256382515501,2.5778480197919,2.19028084066903,2.40769917622601,2.87894724443846,2.03565691176305,"9110"
"9111/606.3394mz/10.21min",2.7656417265339,2.81351306261307,3.08605009129332,2.96535572619912,2.66375368052722,3.06150990818998,"9111"
"9115/744.5531mz/10.21min",2.84376633492598,2.6768074364658,2.56554632328111,2.88946780818732,3.0444618417569,2.16047609932711,"9115"
"9118/184.0731mz/10.21min",2.88662063861063,2.71750093304723,2.69106947593464,2.99036229674622,3.01002886382628,2.81801632439764,"9118"
"9120/756.5529mz/10.22min",2.39922223547754,2.26575409042825,2.39529682911461,2.42413637870801,2.64236891449267,2.7173914024315,"9120"
"9121/758.5689mz/10.22min",3.5819612887272,3.84161540663059,3.4950271932243,3.79177546754499,4.24360217477379,3.55965382545689,"9121"
"9122/575.5026mz/10.22min",3.14559010541356,2.32007889814924,2.9571455795599,3.0261719313272,3.06041796538901,2.93767350793702,"9122"
"9128/788.6113mz/10.22min",2.42156963668063,2.09437484648636,1.69604113482231,2.35995628263056,2.67401265748635,0.660441210051239,"9128"
"9132/782.5689mz/10.24min",4.44259807855639,4.32180075261583,4.35243552115607,4.54393625197133,4.55864183609614,4.48561350709919,"9132"
"9136/780.5509mz/10.28min",2.10092263340036,2.81457261784916,2.33232620817723,2.50175467748654,2.96452221456716,2.27588922365842,"9136"
"9138/804.5499mz/10.29min",3.14911235966919,3.36233025131581,3.26153121302446,3.36840617532174,3.37472332182778,3.30567366401737,"9138"
"9145/110.0199mz/10.44min",2.83529176634508,3.21042350029878,2.96440550254286,3.53378974215369,3.55274665814218,3.06015303952184,"9145"
"9147/111.5217mz/10.5min",2.77471268024221,2.74666911138283,2.80775483468083,2.85915574971038,2.89941970941947,2.67631270420287,"9147"
"9148/184.9853mz/10.51min",2.81460041200799,2.7813708257682,2.88094362690059,2.91743636188553,2.93826705782771,2.68619103238038,"9148"
"9149/141.9832mz/10.51min",2.97587335889928,2.94241493135501,3.00411240749098,3.06506854358777,3.087435031563,3.05717650455228,"9149"
"9150/139.9877mz/10.51min",3.39353482595898,3.35766595235373,3.42454281467944,3.48916808752243,3.51287673844131,3.48167643011741,"9150"
"9151/111.0201mz/10.51min",3.86339594166955,3.81558694003919,3.8921879924015,3.95027194205054,3.97928664482053,3.93869757293006,"9151"
"9152/112.0178mz/10.51min",3.4530103492963,3.4043036442474,3.48096479301347,3.54354165604892,3.56759691568196,3.53246186758757,"9152"
"9153/156.9905mz/10.51min",2.97799122194888,2.88942712309177,3.0333387063281,3.05867365364779,3.0749073119594,3.04812596809588,"9153"
"9154/99.5122mz/10.51min",2.94904350427111,2.95056280547265,3.04023675775781,3.03072209675076,3.09772830958895,3.09850116881613,"9154"
"9155/94.045mz/10.53min",3.19607049048288,3.15382254292699,3.25456009700226,3.24152674599992,3.29498088570599,3.19476512136041,"9155"
"9157/123.0402mz/10.53min",2.86165855750575,2.7926417378897,2.97099811346838,2.99448580742311,2.95949417402571,2.94985827897979,"9157"
"9159/82.537mz/10.53min",2.50268914673641,2.56343540230031,2.71178355877565,2.60451643319678,2.64232602233945,2.82612666900352,"9159"
"9160/151.0351mz/10.54min",2.29336170758175,2.33456493588401,2.67129484835355,2.27178278078266,2.2171153151459,2.52424095504586,"9160"
"9161/398.7611mz/10.56min",2.26756444296387,2.59359213481029,1.97960475583097,2.2517535627472,2.82697607503967,2.02872057100239,"9161"
"9162/410.761mz/10.55min",3.02169358089498,3.08603025310205,3.02536771229767,3.15920583709741,3.21324793267211,3.08765702806787,"9162"
"9165/122.547mz/10.58min",3.13562937131866,3.04024427008576,3.14084913495078,3.24296731210224,3.24987974093103,3.2044245923876,"9165"
"9167/111.039mz/10.58min",3.22671287563658,3.21529908891435,3.22913004447732,3.45667242906893,3.39445576529611,3.1587167805265,"9167"
"9170/90.5258mz/10.59min",4.19167643696033,4.1694923591522,4.25930646038367,4.18344454185382,4.32634340166047,4.345643241777,"9170"
"9171/102.5354mz/10.59min",3.39589040686079,3.32583225741006,3.42798536376781,3.48249973754386,3.50053706873452,3.49896762938028,"9171"
"9172/102.0338mz/10.59min",4.45628886180933,4.38618389142025,4.48881438201997,4.54190777174728,4.56425436877481,4.56259343434547,"9172"
"9173/104.0301mz/10.59min",2.85373402995737,2.78333509635196,2.89332170482977,2.91246964627173,2.96760616142021,2.95726511484001,"9173"
"9174/97.9913mz/10.59min",3.48733926979284,3.41617276129671,3.54193661250997,3.59724235990885,3.54465660356487,3.62281676501824,"9174"
"9175/139.0178mz/10.59min",3.39697637949688,3.26957129049521,3.44451117052574,3.51788358213351,3.49707859291547,3.515701336095,"9175"
"9176/167.0127mz/10.6min",3.96844721713539,3.91300883921537,4.02994245243526,4.06409975038757,4.07903998077093,4.10671952417138,"9176"
"9177/81.5205mz/10.6min",3.86992365066914,3.860420469084,3.9680534120401,3.94384240953922,4.00985951555464,4.04699270624445,"9177"
"9178/99.5311mz/10.6min",3.03962051032679,2.93515609070709,2.97327539469601,3.22408746768761,3.17740103413682,3.21572400190628,"9178"
"9180/125.9861mz/10.6min",3.87871562805177,3.86123498055289,3.94159846744378,3.84193841812913,3.99295787793848,4.03636168740688,"9180"
"9181/168.0159mz/10.6min",2.29542527973474,2.61736274897135,2.73858156797567,2.25003795575175,2.47880493971825,2.14783680144855,"9181"
"9182/84.9597mz/10.61min",2.87176482340987,2.93175728827534,3.01400908982303,3.01738614239696,2.99600033937077,3.06716976187274,"9182"
"9185/154.0048mz/10.59min",2.25208894999638,2.37159785791371,2.64246800688794,2.20505439265149,2.17023966615266,2.15293314307735,"9185"
"9189/457.185mz/10.79min",2.76521503906043,0.989705478582992,2.03679804837834,2.52425568665156,2.22939604690791,2.85067811503662,"9189"
"9196/457.185mz/10.85min",2.73417917999825,1.70662765941701,2.37975644421565,3.23868882037175,2.22939604690791,2.63325350359917,"9196"
"9199/411.3252mz/10.89min",2.32589992097006,2.31975217088703,2.5304178253702,1.02145704647253,2.61334658277722,1.9649680984724,"9199"
"9202/339.3253mz/10.89min",2.23098191798479,2.00321264121808,2.23674844206557,1.6054447494169,2.50582223524446,2.56789556940373,"9202"
"9205/98.512mz/10.91min",3.374155744434,2.46094350887439,2.40787526741602,2.55552912423358,2.75284162697132,2.60764475133536,"9205"
